x,y,z,nx,ny,nz,sk
-9.7781876373e-02,7.4054860563e-01,1.5000000596e-01,0.0000000000e+00,-0.0000000000e+00,1.0000000000e+00,3.9312000360e-03
4.4754776575e-01,1.0420625319e-01,1.5000000596e-01,0.0000000000e+00,-0.0000000000e+00,1.0000000000e+00,3.1304000287e-03
9.5002423155e-01,6.6770801435e-01,-1.5000000596e-01,0.0000000000e+00,0.0000000000e+00,-1.0000000000e+00,4.4096000404e-03
9.9934232348e-01,-8.4545117631e-01,-1.5000000596e-01,0.0000000000e+00,0.0000000000e+00,-1.0000000000e+00,3.5464000325e-03
6.7553722292e-01,-5.7926095028e-01,-1.5000000596e-01,0.0000000000e+00,0.0000000000e+00,-1.0000000000e+00,4.1496000381e-03
-1.0000000000e+00,8.6428238204e-01,1.3802799998e-01,-1.0000000000e+00,0.0000000000e+00,0.0000000000e+00,3.8792000356e-03
-7.6689489788e-01,-1.0000000000e+00,-7.1202731963e-02,0.0000000000e+00,-1.0000000000e+00,0.0000000000e+00,4.0144000368e-03
-4.7704278196e-02,-2.2225605406e-01,1.5000000596e-01,0.0000000000e+00,0.0000000000e+00,1.0000000000e+00,3.3072000303e-03
-5.3432693538e-03,-4.9817899783e-01,-1.5000000596e-01,0.0000000000e+00,0.0000000000e+00,-1.0000000000e+00,2.9328000269e-03
4.4415291752e-01,1.0000000000e+00,-4.2106775341e-02,0.0000000000e+00,1.0000000000e+00,-0.0000000000e+00,2.7976000257e-03
7.6193272389e-01,5.8159476895e-02,1.5000000596e-01,0.0000000000e+00,-0.0000000000e+00,1.0000000000e+00,3.8168000350e-03
-2.9342118209e-01,6.8804108379e-01,1.5000000596e-01,0.0000000000e+00,-0.0000000000e+00,1.0000000000e+00,4.1600000381e-03
5.0520922321e-01,-5.8733961423e-01,-1.5000000596e-01,0.0000000000e+00,0.0000000000e+00,-1.0000000000e+00,3.0264000278e-03
9.1284427940e-01,-1.3220010977e-01,-1.5000000596e-01,0.0000000000e+00,0.0000000000e+00,-1.0000000000e+00,4.8048000441e-03
-9.8904120658e-02,5.9520831332e-01,1.5000000596e-01,0.0000000000e+00,-0.0000000000e+00,1.0000000000e+00,4.0560000372e-03
-6.0910637901e-01,8.4528752142e-01,1.5000000596e-01,0.0000000000e+00,-0.0000000000e+00,1.0000000000e+00,4.0768000374e-03
-3.5438927379e-01,1.0000000000e+00,-3.8616077138e-02,0.0000000000e+00,1.0000000000e+00,-0.0000000000e+00,2.6000000238e-03
7.8485882956e-01,-6.7029561803e-01,-1.5000000596e-01,0.0000000000e+00,0.0000000000e+00,-1.0000000000e+00,3.4112000313e-03
8.1052368778e-01,-8.9139060464e-01,1.5000000596e-01,0.0000000000e+00,0.0000000000e+00,1.0000000000e+00,3.4424000316e-03
-3.3884073156e-01,5.5940614991e-01,1.5000000596e-01,0.0000000000e+00,-0.0000000000e+00,1.0000000000e+00,3.6296000333e-03
-3.4476328005e-01,5.2716597221e-01,-1.5000000596e-01,0.0000000000e+00,0.0000000000e+00,-1.0000000000e+00,2.9224000268e-03
-9.4761013852e-01,-7.2487721518e-01,-1.5000000596e-01,0.0000000000e+00,0.0000000000e+00,-1.0000000000e+00,3.4840000319e-03
1.0000000000e+00,-3.9262822232e-02,3.6737770014e-02,1.0000000000e+00,0.0000000000e+00,-0.0000000000e+00,3.5256000323e-03
-1.0000000000e+00,-3.1855325561e-01,5.2703257537e-02,-1.0000000000e+00,0.0000000000e+00,0.0000000000e+00,2.8808000264e-03
-2.3673826528e-01,-1.9180440853e-02,1.5000000596e-01,0.0000000000e+00,0.0000000000e+00,1.0000000000e+00,3.5984000330e-03
-8.9379331123e-01,7.3631246992e-01,1.5000000596e-01,0.0000000000e+00,0.0000000000e+00,1.0000000000e+00,3.4424000316e-03
2.4654659837e-01,4.5927656341e-02,1.5000000596e-01,0.0000000000e+00,-0.0000000000e+00,1.0000000000e+00,3.0992000284e-03
-3.4809355646e-01,-7.8355769409e-01,1.5000000596e-01,0.0000000000e+00,0.0000000000e+00,1.0000000000e+00,3.6400000334e-03
6.0832679465e-01,1.4636582400e-01,1.5000000596e-01,0.0000000000e+00,-0.0000000000e+00,1.0000000000e+00,2.9224000268e-03
1.0703170372e-01,-3.7541123423e-02,-1.5000000596e-01,0.0000000000e+00,0.0000000000e+00,-1.0000000000e+00,3.4840000319e-03
-1.7284206414e-01,3.1932126569e-01,-1.5000000596e-01,0.0000000000e+00,0.0000000000e+00,-1.0000000000e+00,3.4736000319e-03
3.6435670171e-01,5.3686299206e-01,-1.5000000596e-01,0.0000000000e+00,0.0000000000e+00,-1.0000000000e+00,3.4216000314e-03
-1.4126722992e-01,-9.5137626630e-01,1.5000000596e-01,0.0000000000e+00,0.0000000000e+00,1.0000000000e+00,3.3280000305e-03
-1.8562087319e-01,-1.0000000000e+00,9.3669652348e-02,0.0000000000e+00,-1.0000000000e+00,0.0000000000e+00,3.7440000343e-03
-9.0566900051e-01,-2.1931381320e-01,-1.5000000596e-01,0.0000000000e+00,0.0000000000e+00,-1.0000000000e+00,2.3192000213e-03
-2.0110235539e-02,4.2714942987e-01,1.5000000596e-01,0.0000000000e+00,-0.0000000000e+00,1.0000000000e+00,3.9416000361e-03
-5.2529193055e-01,-1.4467317956e-02,1.5000000596e-01,0.0000000000e+00,0.0000000000e+00,1.0000000000e+00,3.6192000332e-03
-6.0175733528e-01,-1.0692182648e-02,1.5000000596e-01,0.0000000000e+00,0.0000000000e+00,1.0000000000e+00,3.4112000313e-03
-1.0000000000e+00,-7.7668929558e-01,-8.7352451458e-04,-1.0000000000e+00,-0.0000000000e+00,-0.0000000000e+00,2.7456000252e-03
8.4679819927e-01,4.6336726360e-01,-1.5000000596e-01,0.0000000000e+00,0.0000000000e+00,-1.0000000000e+00,2.7872000256e-03
-5.2029344465e-01,-1.0000000000e+00,3.2464916634e-02,0.0000000000e+00,-1.0000000000e+00,0.0000000000e+00,3.2032000294e-03
-2.3553714875e-01,-1.0000000000e+00,-1.0452611192e-01,0.0000000000e+00,-1.0000000000e+00,0.0000000000e+00,4.1912000384e-03
1.0000000000e+00,5.8299614910e-01,5.3570352140e-02,1.0000000000e+00,0.0000000000e+00,0.0000000000e+00,3.0472000279e-03
1.6079453286e-01,-1.0000000000e+00,1.1052197715e-01,0.0000000000e+00,-1.0000000000e+00,0.0000000000e+00,3.8272000351e-03
-9.4549610722e-01,8.0680404941e-01,1.5000000596e-01,0.0000000000e+00,0.0000000000e+00,1.0000000000e+00,4.2848000393e-03
5.0531548221e-01,7.3289572223e-01,1.5000000596e-01,0.0000000000e+00,-0.0000000000e+00,1.0000000000e+00,2.3400000215e-03
-4.7951470130e-01,-7.0051632547e-01,-1.5000000596e-01,0.0000000000e+00,0.0000000000e+00,-1.0000000000e+00,4.0976000376e-03
5.0891954496e-01,4.5955475650e-01,1.5000000596e-01,0.0000000000e+00,-0.0000000000e+00,1.0000000000e+00,2.6832000246e-03
7.0538197688e-01,-9.9615512498e-01,-1.5000000596e-01,0.0000000000e+00,0.0000000000e+00,-1.0000000000e+00,3.4944000320e-03
-5.6083009126e-01,1.7393853227e-01,1.5000000596e-01,0.0000000000e+00,0.0000000000e+00,1.0000000000e+00,3.7232000341e-03
9.3651772653e-02,-1.9352835480e-01,-1.5000000596e-01,0.0000000000e+00,0.0000000000e+00,-1.0000000000e+00,2.4232000222e-03
-2.0998473104e-01,-2.3002086278e-01,-1.5000000596e-01,0.0000000000e+00,0.0000000000e+00,-1.0000000000e+00,3.5568000326e-03
5.9378937275e-01,-3.6805219793e-01,1.5000000596e-01,0.0000000000e+00,-0.0000000000e+00,1.0000000000e+00,3.1720000291e-03
7.2232162304e-01,-9.9338374683e-01,1.5000000596e-01,0.0000000000e+00,0.0000000000e+00,1.0000000000e+00,4.1392000380e-03
-4.3176273704e-01,3.0855598507e-01,1.5000000596e-01,0.0000000000e+00,0.0000000000e+00,1.0000000000e+00,3.2344000297e-03
8.5720710245e-02,4.1412842171e-01,1.5000000596e-01,0.0000000000e+00,-0.0000000000e+00,1.0000000000e+00,3.8168000350e-03
3.3151855051e-01,-4.7687176520e-01,1.5000000596e-01,0.0000000000e+00,0.0000000000e+00,1.0000000000e+00,4.1392000380e-03
-1.3594529757e-01,7.8452873964e-01,1.5000000596e-01,0.0000000000e+00,-0.0000000000e+00,1.0000000000e+00,3.2136000295e-03
8.3336116692e-01,-6.1575770829e-01,1.5000000596e-01,0.0000000000e+00,-0.0000000000e+00,1.0000000000e+00,3.9936000366e-03
9.3790736627e-01,4.0268310434e-01,1.5000000596e-01,0.0000000000e+00,-0.0000000000e+00,1.0000000000e+00,3.6504000335e-03
8.9259396674e-01,6.8124163281e-01,-1.5000000596e-01,0.0000000000e+00,0.0000000000e+00,-1.0000000000e+00,3.2136000295e-03
5.4293423247e-01,-7.3234266182e-01,-1.5000000596e-01,0.0000000000e+00,0.0000000000e+00,-1.0000000000e+00,3.4424000316e-03
-1.0179454904e-01,-8.5401748506e-01,1.5000000596e-01,0.0000000000e+00,0.0000000000e+00,1.0000000000e+00,3.3592000308e-03
-8.3217798317e-02,3.4033034146e-01,1.5000000596e-01,0.0000000000e+00,-0.0000000000e+00,1.0000000000e+00,3.6400000334e-03
-3.4742543873e-01,-3.2346927567e-01,-1.5000000596e-01,0.0000000000e+00,0.0000000000e+00,-1.0000000000e+00,4.3264000397e-03
2.3250634179e-01,-9.1801460936e-01,1.5000000596e-01,0.0000000000e+00,0.0000000000e+00,1.0000000000e+00,3.7440000343e-03
6.7922100308e-01,-1.1016456345e-01,-1.5000000596e-01,0.0000000000e+00,0.0000000000e+00,-1.0000000000e+00,2.6936000247e-03
-1.0000000000e+00,-6.3460159958e-01,9.2574394193e-02,-1.0000000000e+00,-0.0000000000e+00,-0.0000000000e+00,3.6192000332e-03
6.3614005261e-01,-8.6219506192e-02,-1.5000000596e-01,0.0000000000e+00,0.0000000000e+00,-1.0000000000e+00,3.7960000348e-03
2.5376292071e-01,3.9999344345e-01,-1.5000000596e-01,0.0000000000e+00,0.0000000000e+00,-1.0000000000e+00,3.3592000308e-03
7.0631292864e-01,4.8251322399e-01,1.5000000596e-01,0.0000000000e+00,-0.0000000000e+00,1.0000000000e+00,3.5256000323e-03
-1.0000000000e+00,-7.0909624827e-01,1.2389574373e-01,-1.0000000000e+00,0.0000000000e+00,0.0000000000e+00,4.9504000454e-03
3.3964442467e-01,-1.0828042382e-01,-1.5000000596e-01,0.0000000000e+00,0.0000000000e+00,-1.0000000000e+00,3.8896000357e-03
-9.5653266363e-01,-4.9723799892e-01,-1.5000000596e-01,0.0000000000e+00,0.0000000000e+00,-1.0000000000e+00,2.9640000272e-03
-7.7680956396e-01,6.7812259925e-01,1.5000000596e-01,0.0000000000e+00,0.0000000000e+00,1.0000000000e+00,4.3160000396e-03
5.2773326827e-01,-1.7509852005e-01,-1.5000000596e-01,0.0000000000e+00,0.0000000000e+00,-1.0000000000e+00,4.3368000398e-03
-7.8093754864e-01,-3.6066342988e-01,1.5000000596e-01,0.0000000000e+00,0.0000000000e+00,1.0000000000e+00,3.9936000366e-03
-4.6468359829e-01,1.1861801835e-01,-1.5000000596e-01,0.0000000000e+00,0.0000000000e+00,-1.0000000000e+00,2.6208000240e-03
-9.7879143699e-01,-3.5173880773e-01,1.5000000596e-01,0.0000000000e+00,0.0000000000e+00,1.0000000000e+00,3.7544000344e-03
6.5896315912e-01,-7.8030813427e-01,1.5000000596e-01,0.0000000000e+00,0.0000000000e+00,1.0000000000e+00,3.9520000362e-03
-8.9798226695e-01,9.8371295317e-01,-1.5000000596e-01,0.0000000000e+00,0.0000000000e+00,-1.0000000000e+00,4.1184000378e-03
-3.5711496909e-01,-1.0000000000e+00,-1.4629343193e-01,0.0000000000e+00,-1.0000000000e+00,0.0000000000e+00,3.9000000358e-03
-6.0165264562e-01,7.6631100151e-01,-1.5000000596e-01,0.0000000000e+00,0.0000000000e+00,-1.0000000000e+00,3.2760000300e-03
-4.2980746721e-01,-5.9389046982e-01,1.5000000596e-01,0.0000000000e+00,0.0000000000e+00,1.0000000000e+00,3.7856000347e-03
-1.0000000000e+00,2.7275113316e-01,-1.4502746280e-01,-1.0000000000e+00,-0.0000000000e+00,-0.0000000000e+00,4.2848000393e-03
-9.6611398285e-01,3.1422179983e-01,-1.5000000596e-01,0.0000000000e+00,0.0000000000e+00,-1.0000000000e+00,2.3712000217e-03
4.6427160727e-01,-4.5731095842e-02,1.5000000596e-01,0.0000000000e+00,-0.0000000000e+00,1.0000000000e+00,3.1512000289e-03
1.2806959311e-01,-1.0000000000e+00,-7.3316407830e-02,0.0000000000e+00,-1.0000000000e+00,0.0000000000e+00,2.2568000207e-03
2.2286376638e-01,1.0000000000e+00,-3.4989328332e-03,0.0000000000e+00,1.0000000000e+00,-0.0000000000e+00,2.4024000220e-03
1.0000000000e+00,6.2722459542e-01,-3.9488115987e-02,1.0000000000e+00,0.0000000000e+00,0.0000000000e+00,3.9832000365e-03
-8.7443450916e-01,8.9509229164e-01,1.5000000596e-01,0.0000000000e+00,-0.0000000000e+00,1.0000000000e+00,3.3176000304e-03
1.5529582541e-01,3.0091676315e-01,1.5000000596e-01,0.0000000000e+00,-0.0000000000e+00,1.0000000000e+00,5.0856000466e-03
-4.0676869774e-01,-1.5154915880e-01,-1.5000000596e-01,0.0000000000e+00,0.0000000000e+00,-1.0000000000e+00,3.7648000345e-03
8.8600174302e-01,4.8333065858e-03,1.5000000596e-01,0.0000000000e+00,-0.0000000000e+00,1.0000000000e+00,2.2464000206e-03
1.0000000000e+00,8.1598545463e-01,-1.1813359712e-01,1.0000000000e+00,0.0000000000e+00,0.0000000000e+00,5.3040000486e-03
-5.0937858238e-01,9.7503877424e-01,1.5000000596e-01,0.0000000000e+00,-0.0000000000e+00,1.0000000000e+00,3.1512000289e-03
5.8089951815e-01,9.6144423008e-01,-1.5000000596e-01,0.0000000000e+00,0.0000000000e+00,-1.0000000000e+00,3.5776000328e-03
2.5756825596e-01,-1.0000000000e+00,6.5874172221e-02,0.0000000000e+00,-1.0000000000e+00,0.0000000000e+00,4.2120000386e-03
-9.3337183124e-01,-5.8871350818e-01,1.5000000596e-01,0.0000000000e+00,0.0000000000e+00,1.0000000000e+00,3.0368000278e-03
9.8864561454e-01,2.2730959683e-01,-1.5000000596e-01,0.0000000000e+00,0.0000000000e+00,-1.0000000000e+00,4.3784000401e-03
-5.3736962026e-01,3.9477264407e-01,-1.5000000596e-01,0.0000000000e+00,0.0000000000e+00,-1.0000000000e+00,4.0560000372e-03
-4.4021189030e-01,6.4950441457e-01,1.5000000596e-01,0.0000000000e+00,-0.0000000000e+00,1.0000000000e+00,4.3888000402e-03
9.8312036118e-01,2.3959807069e-02,-1.5000000596e-01,0.0000000000e+00,0.0000000000e+00,-1.0000000000e+00,3.5464000325e-03
-4.2077550411e-01,8.0452810634e-01,-1.5000000596e-01,0.0000000000e+00,0.0000000000e+00,-1.0000000000e+00,3.8480000353e-03
-4.9919743087e-01,7.3023513646e-01,-1.5000000596e-01,0.0000000000e+00,0.0000000000e+00,-1.0000000000e+00,3.2448000298e-03
1.0000000000e+00,-1.8786528226e-01,-4.7309967594e-02,1.0000000000e+00,0.0000000000e+00,0.0000000000e+00,3.1408000288e-03
-5.9064714945e-01,-8.0133982081e-01,-1.5000000596e-01,0.0000000000e+00,0.0000000000e+00,-1.0000000000e+00,3.4632000318e-03
-4.3513315227e-01,-8.7511775271e-02,-1.5000000596e-01,0.0000000000e+00,0.0000000000e+00,-1.0000000000e+00,2.9224000268e-03
6.4364714984e-01,-2.1211540070e-01,-1.5000000596e-01,0.0000000000e+00,0.0000000000e+00,-1.0000000000e+00,3.3488000307e-03
-7.6661151373e-01,-9.1255264164e-01,-1.5000000596e-01,0.0000000000e+00,0.0000000000e+00,-1.0000000000e+00,4.2744000392e-03
6.8114128136e-01,-6.7502344732e-01,-1.5000000596e-01,0.0000000000e+00,0.0000000000e+00,-1.0000000000e+00,4.3680000401e-03
4.8080235732e-01,8.5226107535e-01,1.5000000596e-01,0.0000000000e+00,-0.0000000000e+00,1.0000000000e+00,3.7128000340e-03
1.0000000000e+00,3.6098826138e-01,-4.3932806450e-02,1.0000000000e+00,0.0000000000e+00,0.0000000000e+00,3.2968000302e-03
9.3201355835e-01,-1.2187465797e-01,1.5000000596e-01,0.0000000000e+00,-0.0000000000e+00,1.0000000000e+00,3.0888000283e-03
-7.0427461189e-01,-6.0289240307e-01,-1.5000000596e-01,0.0000000000e+00,0.0000000000e+00,-1.0000000000e+00,3.6920000339e-03
7.5693864200e-01,-4.8876208292e-01,1.5000000596e-01,0.0000000000e+00,-0.0000000000e+00,1.0000000000e+00,3.9832000365e-03
3.7958614157e-01,-5.3364696454e-01,-1.5000000596e-01,0.0000000000e+00,0.0000000000e+00,-1.0000000000e+00,3.9104000359e-03
8.9446617169e-03,6.7307919940e-01,-1.5000000596e-01,0.0000000000e+00,0.0000000000e+00,-1.0000000000e+00,2.6312000241e-03
1.0000000000e+00,-6.3034045806e-02,-1.4757247052e-01,1.0000000000e+00,0.0000000000e+00,0.0000000000e+00,3.0264000278e-03
-9.3632481916e-01,-1.0000000000e+00,-9.3608100764e-02,0.0000000000e+00,-1.0000000000e+00,0.0000000000e+00,3.4112000313e-03
-1.1005446904e-01,6.6151901088e-01,-1.5000000596e-01,0.0000000000e+00,0.0000000000e+00,-1.0000000000e+00,3.4216000314e-03
-7.9387169325e-01,-4.0212591219e-01,-1.5000000596e-01,0.0000000000e+00,0.0000000000e+00,-1.0000000000e+00,3.3488000307e-03
-1.1325477178e-01,1.6158526309e-01,1.5000000596e-01,0.0000000000e+00,-0.0000000000e+00,1.0000000000e+00,3.4424000316e-03
6.5599235288e-01,5.6277316278e-01,-1.5000000596e-01,0.0000000000e+00,0.0000000000e+00,-1.0000000000e+00,2.8704000263e-03
1.0000000000e+00,-6.4827910396e-01,-9.7889295401e-02,1.0000000000e+00,0.0000000000e+00,0.0000000000e+00,2.9848000274e-03
-6.5382695558e-01,9.6549003401e-01,-1.5000000596e-01,0.0000000000e+00,0.0000000000e+00,-1.0000000000e+00,4.0144000368e-03
5.5503834582e-01,-6.4542983625e-01,1.5000000596e-01,0.0000000000e+00,0.0000000000e+00,1.0000000000e+00,2.8496000261e-03
9.8067504478e-01,6.7787710817e-01,1.5000000596e-01,0.0000000000e+00,-0.0000000000e+00,1.0000000000e+00,4.0768000374e-03
-6.8843666359e-01,-8.3969099054e-01,1.5000000596e-01,0.0000000000e+00,0.0000000000e+00,1.0000000000e+00,3.4632000318e-03
-1.0000000000e+00,8.3852470710e-01,5.4184589741e-02,-1.0000000000e+00,0.0000000000e+00,0.0000000000e+00,3.5880000329e-03
6.1711121919e-01,1.0000000000e+00,-2.7089700596e-02,0.0000000000e+00,1.0000000000e+00,-0.0000000000e+00,3.4840000319e-03
-9.0285662851e-01,4.9241072448e-01,-1.5000000596e-01,0.0000000000e+00,0.0000000000e+00,-1.0000000000e+00,3.2552000299e-03
-1.4792540248e-03,6.7517189271e-02,-1.5000000596e-01,0.0000000000e+00,0.0000000000e+00,-1.0000000000e+00,3.4112000313e-03
-1.1405915693e-01,8.7127926847e-01,1.5000000596e-01,0.0000000000e+00,-0.0000000000e+00,1.0000000000e+00,2.7248000250e-03
1.0000000000e+00,-1.7396982511e-01,2.0460068431e-02,1.0000000000e+00,0.0000000000e+00,-0.0000000000e+00,3.3072000303e-03
7.0452363309e-01,7.6225587906e-01,-1.5000000596e-01,0.0000000000e+00,0.0000000000e+00,-1.0000000000e+00,3.2448000298e-03
5.1774857687e-01,-2.6498773216e-01,-1.5000000596e-01,0.0000000000e+00,0.0000000000e+00,-1.0000000000e+00,3.5776000328e-03
-3.5427321705e-02,-1.0000000000e+00,-2.6584301504e-02,0.0000000000e+00,-1.0000000000e+00,0.0000000000e+00,3.1928000293e-03
6.9114097066e-02,1.1561126285e-01,-1.5000000596e-01,0.0000000000e+00,0.0000000000e+00,-1.0000000000e+00,3.1616000290e-03
7.1765508415e-01,1.0000000000e+00,1.3976026133e-02,0.0000000000e+00,1.0000000000e+00,-0.0000000000e+00,3.9936000366e-03
-1.2946526908e-02,-9.0610068424e-01,1.5000000596e-01,0.0000000000e+00,0.0000000000e+00,1.0000000000e+00,4.2432000389e-03
5.6606848697e-01,-6.1657051984e-02,1.5000000596e-01,0.0000000000e+00,-0.0000000000e+00,1.0000000000e+00,4.4928000412e-03
-7.0937107200e-01,6.8849609186e-01,-1.5000000596e-01,0.0000000000e+00,0.0000000000e+00,-1.0000000000e+00,4.2640000391e-03
5.5978339858e-01,-1.8968679808e-01,1.5000000596e-01,0.0000000000e+00,-0.0000000000e+00,1.0000000000e+00,4.3680000401e-03
-4.1135317122e-01,-1.0000000000e+00,-2.7602600233e-02,0.0000000000e+00,-1.0000000000e+00,0.0000000000e+00,3.3696000309e-03
-6.7148746229e-01,3.6674119090e-01,1.5000000596e-01,0.0000000000e+00,0.0000000000e+00,1.0000000000e+00,2.7456000252e-03
1.0000000000e+00,7.2085066689e-01,-1.4964686435e-01,1.0000000000e+00,0.0000000000e+00,0.0000000000e+00,3.9104000359e-03
4.0721395926e-01,8.3067817522e-02,-1.5000000596e-01,0.0000000000e+00,0.0000000000e+00,-1.0000000000e+00,3.8480000353e-03
-1.0000000000e+00,-4.6014140385e-01,-1.9099690236e-02,-1.0000000000e+00,-0.0000000000e+00,-0.0000000000e+00,2.8392000260e-03
-2.2056411102e-01,2.9550410275e-01,1.5000000596e-01,0.0000000000e+00,-0.0000000000e+00,1.0000000000e+00,3.4320000315e-03
2.0576898290e-01,-8.3468506742e-01,-1.5000000596e-01,0.0000000000e+00,0.0000000000e+00,-1.0000000000e+00,2.8392000260e-03
-2.8784521449e-01,-5.8977811016e-01,-1.5000000596e-01,0.0000000000e+00,0.0000000000e+00,-1.0000000000e+00,3.4320000315e-03
-1.3699123129e-01,-1.0000000000e+00,-1.0608466724e-01,0.0000000000e+00,-1.0000000000e+00,0.0000000000e+00,2.9224000268e-03
6.2490398247e-01,1.0000000000e+00,8.3005032881e-02,0.0000000000e+00,1.0000000000e+00,-0.0000000000e+00,3.7960000348e-03
1.1871485642e-02,7.6497813885e-01,1.5000000596e-01,0.0000000000e+00,-0.0000000000e+00,1.0000000000e+00,3.7960000348e-03
7.8623733468e-01,-2.6353984493e-01,-1.5000000596e-01,0.0000000000e+00,0.0000000000e+00,-1.0000000000e+00,3.0992000284e-03
1.0000000000e+00,6.2758608570e-02,-3.4163223194e-02,1.0000000000e+00,0.0000000000e+00,0.0000000000e+00,4.0872000375e-03
-6.4787977598e-01,-9.6250504197e-01,-1.5000000596e-01,0.0000000000e+00,0.0000000000e+00,-1.0000000000e+00,3.5152000322e-03
-2.5768597793e-01,7.8573454460e-01,-1.5000000596e-01,0.0000000000e+00,0.0000000000e+00,-1.0000000000e+00,3.6608000336e-03
-2.6199629944e-02,-1.1210049892e-01,-1.5000000596e-01,0.0000000000e+00,0.0000000000e+00,-1.0000000000e+00,3.9832000365e-03
1.2356543320e-01,3.5646526470e-01,-1.5000000596e-01,0.0000000000e+00,0.0000000000e+00,-1.0000000000e+00,3.9936000366e-03
2.6349387868e-01,1.0000000000e+00,8.6702492297e-02,0.0000000000e+00,1.0000000000e+00,-0.0000000000e+00,2.9432000270e-03
-1.0000000000e+00,5.9570063735e-01,-8.1440542510e-02,-1.0000000000e+00,0.0000000000e+00,0.0000000000e+00,3.5672000327e-03
7.5207264005e-01,2.2327036125e-01,1.5000000596e-01,0.0000000000e+00,-0.0000000000e+00,1.0000000000e+00,4.6280000424e-03
1.0000000000e+00,7.0737069865e-01,6.6308093763e-02,1.0000000000e+00,0.0000000000e+00,0.0000000000e+00,2.3504000216e-03
-2.4004949897e-01,6.3496850284e-01,-1.5000000596e-01,0.0000000000e+00,0.0000000000e+00,-1.0000000000e+00,3.5256000323e-03
7.6314581653e-01,3.3684967974e-01,1.5000000596e-01,0.0000000000e+00,-0.0000000000e+00,1.0000000000e+00,4.2432000389e-03
-9.5315424004e-01,-8.8584116428e-01,-1.5000000596e-01,0.0000000000e+00,0.0000000000e+00,-1.0000000000e+00,2.3296000214e-03
-4.1118530728e-01,-4.6900896330e-01,1.5000000596e-01,0.0000000000e+00,0.0000000000e+00,1.0000000000e+00,4.4928000412e-03
3.0975298868e-01,1.8190849473e-01,-1.5000000596e-01,0.0000000000e+00,0.0000000000e+00,-1.0000000000e+00,2.8496000261e-03
-5.6261918473e-01,8.9038418563e-01,1.5000000596e-01,0.0000000000e+00,-0.0000000000e+00,1.0000000000e+00,3.6712000337e-03
-2.0526370672e-01,-3.9335638220e-01,1.5000000596e-01,0.0000000000e+00,0.0000000000e+00,1.0000000000e+00,3.2864000301e-03
2.7670555114e-01,6.9239971685e-02,-1.5000000596e-01,0.0000000000e+00,0.0000000000e+00,-1.0000000000e+00,2.7560000253e-03
6.4719212350e-01,-9.6804241572e-01,-1.5000000596e-01,0.0000000000e+00,0.0000000000e+00,-1.0000000000e+00,4.1080000377e-03
2.8225506867e-01,7.8446746686e-01,-1.5000000596e-01,0.0000000000e+00,0.0000000000e+00,-1.0000000000e+00,4.0872000375e-03
8.4189406549e-01,-8.9543840625e-01,-1.5000000596e-01,0.0000000000e+00,0.0000000000e+00,-1.0000000000e+00,3.1512000289e-03
3.5863677515e-01,-6.8486419576e-01,1.5000000596e-01,0.0000000000e+00,0.0000000000e+00,1.0000000000e+00,3.4528000317e-03
1.1649163477e-01,1.0000000000e+00,-1.2943218097e-01,0.0000000000e+00,1.0000000000e+00,-0.0000000000e+00,3.4528000317e-03
4.7505293841e-02,-1.0000000000e+00,-1.3527413030e-01,0.0000000000e+00,-1.0000000000e+00,0.0000000000e+00,3.1408000288e-03
-6.0359843679e-01,-1.1994081322e-01,-1.5000000596e-01,0.0000000000e+00,0.0000000000e+00,-1.0000000000e+00,3.4008000312e-03
3.5063682104e-01,-4.7934831574e-01,-1.5000000596e-01,0.0000000000e+00,0.0000000000e+00,-1.0000000000e+00,3.4112000313e-03
8.9479747261e-01,-5.4505541511e-01,1.5000000596e-01,0.0000000000e+00,-0.0000000000e+00,1.0000000000e+00,4.8048000441e-03
4.3589011092e-01,-6.2422265235e-01,1.5000000596e-01,0.0000000000e+00,0.0000000000e+00,1.0000000000e+00,5.1896000476e-03
-8.9620414908e-01,2.6716377023e-01,-1.5000000596e-01,0.0000000000e+00,0.0000000000e+00,-1.0000000000e+00,3.3384000306e-03
1.0000000000e+00,-8.2131399115e-01,-3.2762099425e-02,1.0000000000e+00,0.0000000000e+00,-0.0000000000e+00,3.2864000301e-03
4.3617764975e-01,-5.2389924317e-01,-1.5000000596e-01,0.0000000000e+00,0.0000000000e+00,-1.0000000000e+00,3.2760000300e-03
-2.7974838568e-01,4.3051682354e-01,1.5000000596e-01,0.0000000000e+00,-0.0000000000e+00,1.0000000000e+00,3.5464000325e-03
-4.4395341338e-01,4.8827509909e-01,1.5000000596e-01,0.0000000000e+00,-0.0000000000e+00,1.0000000000e+00,3.3800000310e-03
-6.4898821984e-01,-1.0000000000e+00,2.3999365235e-02,0.0000000000e+00,-1.0000000000e+00,0.0000000000e+00,4.3784000401e-03
-9.6353372209e-01,5.1158718734e-01,1.5000000596e-01,0.0000000000e+00,0.0000000000e+00,1.0000000000e+00,3.2344000297e-03
1.0000000000e+00,3.1147082261e-01,-1.1416852585e-01,1.0000000000e+00,0.0000000000e+00,0.0000000000e+00,3.2864000301e-03
7.6018058127e-01,7.2512375906e-01,1.5000000596e-01,0.0000000000e+00,-0.0000000000e+00,1.0000000000e+00,3.8688000355e-03
5.1398245821e-01,-1.0355324204e-01,-1.5000000596e-01,0.0000000000e+00,0.0000000000e+00,-1.0000000000e+00,3.7752000346e-03
1.0000000000e+00,7.7513999241e-01,-6.0109384227e-02,1.0000000000e+00,0.0000000000e+00,0.0000000000e+00,3.5776000328e-03
-6.9125908210e-01,1.5008429653e-01,1.5000000596e-01,0.0000000000e+00,0.0000000000e+00,1.0000000000e+00,3.1304000287e-03
4.3705778592e-01,3.9981281940e-04,1.5000000596e-01,0.0000000000e+00,-0.0000000000e+00,1.0000000000e+00,3.3904000311e-03
8.4176358938e-01,-8.0847421364e-01,1.5000000596e-01,0.0000000000e+00,-0.0000000000e+00,1.0000000000e+00,3.2864000301e-03
7.1294642320e-01,7.9354419441e-01,1.5000000596e-01,0.0000000000e+00,-0.0000000000e+00,1.0000000000e+00,2.7144000249e-03
-1.5336599301e-01,1.0960423324e-01,1.5000000596e-01,0.0000000000e+00,0.0000000000e+00,1.0000000000e+00,4.2432000389e-03
8.6098991657e-01,-7.6620969949e-01,1.5000000596e-01,0.0000000000e+00,-0.0000000000e+00,1.0000000000e+00,3.6088000331e-03
-9.6912504046e-01,-6.8248153332e-02,-1.5000000596e-01,0.0000000000e+00,0.0000000000e+00,-1.0000000000e+00,3.3592000308e-03
-6.5201159754e-01,-1.0000000000e+00,9.7230035904e-02,0.0000000000e+00,-1.0000000000e+00,0.0000000000e+00,3.8272000351e-03
-1.0000000000e+00,-1.2624163239e-01,-6.5995773600e-02,-1.0000000000e+00,-0.0000000000e+00,-0.0000000000e+00,3.9000000358e-03
6.2999896096e-01,7.3653172634e-01,1.5000000596e-01,0.0000000000e+00,-0.0000000000e+00,1.0000000000e+00,4.5656000419e-03
4.8091070707e-01,-3.5496926013e-01,1.5000000596e-01,0.0000000000e+00,-0.0000000000e+00,1.0000000000e+00,4.4824000411e-03
1.1141715124e-01,-9.7911697884e-01,1.5000000596e-01,0.0000000000e+00,0.0000000000e+00,1.0000000000e+00,3.9312000360e-03
8.9212223428e-01,-9.6480947231e-01,1.5000000596e-01,0.0000000000e+00,0.0000000000e+00,1.0000000000e+00,4.5240000415e-03
5.2962208246e-01,-6.6466570135e-01,-1.5000000596e-01,0.0000000000e+00,0.0000000000e+00,-1.0000000000e+00,4.0976000376e-03
-1.2173922589e-01,-8.0133737282e-01,-1.5000000596e-01,0.0000000000e+00,0.0000000000e+00,-1.0000000000e+00,2.7456000252e-03
-2.0247700407e-02,-6.8189910547e-01,1.5000000596e-01,0.0000000000e+00,0.0000000000e+00,1.0000000000e+00,3.4944000320e-03
6.9353857820e-01,-4.7501371854e-01,1.5000000596e-01,0.0000000000e+00,-0.0000000000e+00,1.0000000000e+00,3.3800000310e-03
4.5293234579e-01,-1.0000000000e+00,-1.4183690587e-01,0.0000000000e+00,-1.0000000000e+00,0.0000000000e+00,3.7544000344e-03
2.3822005969e-01,-9.2629848756e-01,-1.5000000596e-01,0.0000000000e+00,0.0000000000e+00,-1.0000000000e+00,3.8064000349e-03
-1.0000000000e+00,5.2762699147e-01,-1.2435777387e-01,-1.0000000000e+00,-0.0000000000e+00,-0.0000000000e+00,4.5552000418e-03
2.7393879542e-01,-9.8744981857e-01,1.5000000596e-01,0.0000000000e+00,0.0000000000e+00,1.0000000000e+00,4.9400000453e-03
-7.8744844497e-01,-1.0000000000e+00,1.4437434785e-01,0.0000000000e+00,-1.0000000000e+00,0.0000000000e+00,4.3368000398e-03
5.4419983539e-01,7.6519441207e-01,1.5000000596e-01,0.0000000000e+00,-0.0000000000e+00,1.0000000000e+00,2.4440000224e-03
9.2810720095e-01,1.0000000000e+00,9.9321134815e-02,0.0000000000e+00,1.0000000000e+00,-0.0000000000e+00,3.3488000307e-03
-2.0947097054e-01,-5.5190738136e-01,1.5000000596e-01,0.0000000000e+00,0.0000000000e+00,1.0000000000e+00,3.0472000279e-03
-7.8068677862e-01,-5.8692812392e-02,-1.5000000596e-01,0.0000000000e+00,0.0000000000e+00,-1.0000000000e+00,4.5240000415e-03
-7.0357914301e-01,7.0495689154e-01,1.5000000596e-01,0.0000000000e+00,-0.0000000000e+00,1.0000000000e+00,3.9416000361e-03
-2.5815225282e-01,8.9794994135e-01,-1.5000000596e-01,0.0000000000e+00,0.0000000000e+00,-1.0000000000e+00,3.0784000282e-03
9.3807556081e-01,2.2153275152e-01,-1.5000000596e-01,0.0000000000e+00,0.0000000000e+00,-1.0000000000e+00,2.9536000271e-03
6.2335619386e-01,1.0000000000e+00,-1.2165979999e-01,0.0000000000e+00,1.0000000000e+00,-0.0000000000e+00,4.5448000417e-03
5.4113517086e-01,-5.4435761362e-01,1.5000000596e-01,0.0000000000e+00,0.0000000000e+00,1.0000000000e+00,3.4320000315e-03
-1.1286610930e-01,1.0000000000e+00,-1.4717086412e-01,0.0000000000e+00,1.0000000000e+00,-0.0000000000e+00,4.0144000368e-03
2.4591447799e-01,9.5065611874e-01,1.5000000596e-01,0.0000000000e+00,-0.0000000000e+00,1.0000000000e+00,3.1408000288e-03
1.0000000000e+00,-6.7887584896e-01,-1.3184839353e-01,1.0000000000e+00,0.0000000000e+00,0.0000000000e+00,3.7752000346e-03
1.1749679893e-01,7.3601281850e-01,-1.5000000596e-01,0.0000000000e+00,0.0000000000e+00,-1.0000000000e+00,3.1096000285e-03
7.8307254748e-01,1.5213351559e-01,-1.5000000596e-01,0.0000000000e+00,0.0000000000e+00,-1.0000000000e+00,3.5464000325e-03
-4.2438855956e-01,-7.6809341631e-01,-1.5000000596e-01,0.0000000000e+00,0.0000000000e+00,-1.0000000000e+00,3.7544000344e-03
4.7993942656e-01,9.9052424147e-01,-1.5000000596e-01,0.0000000000e+00,0.0000000000e+00,-1.0000000000e+00,4.5552000418e-03
3.3031542752e-01,-3.6015995866e-01,1.5000000596e-01,0.0000000000e+00,0.0000000000e+00,1.0000000000e+00,3.3904000311e-03
3.3854390989e-01,-1.0000000000e+00,1.2254657526e-01,0.0000000000e+00,-1.0000000000e+00,0.0000000000e+00,4.1496000381e-03
-1.0000000000e+00,2.5180398626e-01,7.0753262849e-02,-1.0000000000e+00,0.0000000000e+00,0.0000000000e+00,2.8392000260e-03
-1.0000000000e+00,1.8525594410e-02,-4.7577209689e-02,-1.0000000000e+00,-0.0000000000e+00,-0.0000000000e+00,3.4216000314e-03
1.0000000000e+00,-5.1223963157e-01,-5.0028236913e-02,1.0000000000e+00,0.0000000000e+00,-0.0000000000e+00,4.5240000415e-03
2.5730716210e-01,-6.2985756895e-01,-1.5000000596e-01,0.0000000000e+00,0.0000000000e+00,-1.0000000000e+00,2.9640000272e-03
4.7138675308e-02,4.8480040556e-01,-1.5000000596e-01,0.0000000000e+00,0.0000000000e+00,-1.0000000000e+00,4.7216000433e-03
-2.2458569755e-01,-9.6377578338e-01,-1.5000000596e-01,0.0000000000e+00,0.0000000000e+00,-1.0000000000e+00,4.2224000387e-03
-2.5594508751e-01,-2.1728352067e-01,-1.5000000596e-01,0.0000000000e+00,0.0000000000e+00,-1.0000000000e+00,3.1096000285e-03
1.0000000000e+00,1.1848058429e-02,1.0992813474e-03,1.0000000000e+00,0.0000000000e+00,0.0000000000e+00,3.1408000288e-03
3.1135000961e-01,-7.0599371361e-01,-1.5000000596e-01,0.0000000000e+00,0.0000000000e+00,-1.0000000000e+00,3.7024000340e-03
-5.0974832772e-01,2.8099079793e-01,-1.5000000596e-01,0.0000000000e+00,0.0000000000e+00,-1.0000000000e+00,3.7960000348e-03
2.5679776517e-02,-1.0830145239e-01,1.5000000596e-01,0.0000000000e+00,0.0000000000e+00,1.0000000000e+00,4.3992000403e-03
5.2081926819e-03,-6.6991102404e-01,-1.5000000596e-01,0.0000000000e+00,0.0000000000e+00,-1.0000000000e+00,5.2000000477e-03
-1.0200963123e-01,8.2397292178e-02,-1.5000000596e-01,0.0000000000e+00,0.0000000000e+00,-1.0000000000e+00,3.7960000348e-03
-1.1172250790e-01,-9.9291082457e-02,-1.5000000596e-01,0.0000000000e+00,0.0000000000e+00,-1.0000000000e+00,3.1096000285e-03
-7.7584989729e-01,-7.5617789354e-01,-1.5000000596e-01,0.0000000000e+00,0.0000000000e+00,-1.0000000000e+00,3.2864000301e-03
6.2443314672e-01,3.6268628253e-01,-1.5000000596e-01,0.0000000000e+00,0.0000000000e+00,-1.0000000000e+00,2.2152000203e-03
-4.8118597587e-01,-1.3581528003e-01,1.5000000596e-01,0.0000000000e+00,0.0000000000e+00,1.0000000000e+00,3.4008000312e-03
5.4752947265e-01,-9.3966823951e-01,-1.5000000596e-01,0.0000000000e+00,0.0000000000e+00,-1.0000000000e+00,4.3264000397e-03
9.9998685682e-01,2.6365670766e-01,1.5000000596e-01,0.0000000000e+00,-0.0000000000e+00,1.0000000000e+00,3.3696000309e-03
3.3268729259e-01,-5.9898654888e-01,-1.5000000596e-01,0.0000000000e+00,0.0000000000e+00,-1.0000000000e+00,3.3488000307e-03
7.4673563340e-01,-8.9618578037e-03,1.5000000596e-01,0.0000000000e+00,-0.0000000000e+00,1.0000000000e+00,3.4528000317e-03
4.0691762401e-01,-7.0108603682e-01,1.5000000596e-01,0.0000000000e+00,0.0000000000e+00,1.0000000000e+00,4.8048000441e-03
-7.1276891265e-02,-2.0687283744e-01,-1.5000000596e-01,0.0000000000e+00,0.0000000000e+00,-1.0000000000e+00,2.8184000258e-03
3.9228921164e-01,1.0000000000e+00,-1.3513804817e-01,0.0000000000e+00,1.0000000000e+00,-0.0000000000e+00,4.6072000422e-03
6.7527315780e-01,-1.0000000000e+00,1.4007292147e-01,0.0000000000e+00,-1.0000000000e+00,0.0000000000e+00,4.4928000412e-03
-4.2980003840e-01,-5.9269682982e-01,-1.5000000596e-01,0.0000000000e+00,0.0000000000e+00,-1.0000000000e+00,3.8480000353e-03
1.0000000000e+00,8.7567526968e-01,9.8896279722e-02,1.0000000000e+00,0.0000000000e+00,0.0000000000e+00,3.0784000282e-03
9.3447132847e-01,-6.3400782920e-02,-1.5000000596e-01,0.0000000000e+00,0.0000000000e+00,-1.0000000000e+00,3.8376000352e-03
-8.7017348145e-01,9.8348503903e-01,1.5000000596e-01,0.0000000000e+00,-0.0000000000e+00,1.0000000000e+00,3.1304000287e-03
3.8899128571e-01,7.8769125451e-01,-1.5000000596e-01,0.0000000000e+00,0.0000000000e+00,-1.0000000000e+00,2.8496000261e-03
9.8434335496e-01,4.5206582864e-01,1.5000000596e-01,0.0000000000e+00,-0.0000000000e+00,1.0000000000e+00,3.4424000316e-03
-9.0787614994e-01,1.0000000000e+00,6.1240313396e-02,0.0000000000e+00,1.0000000000e+00,-0.0000000000e+00,3.0888000283e-03
9.2320248644e-01,-8.9194727471e-01,1.5000000596e-01,0.0000000000e+00,-0.0000000000e+00,1.0000000000e+00,3.7440000343e-03
-7.0989285020e-01,4.4812428633e-01,1.5000000596e-01,0.0000000000e+00,0.0000000000e+00,1.0000000000e+00,2.8392000260e-03
4.5203151585e-02,-8.6965083213e-01,1.5000000596e-01,0.0000000000e+00,0.0000000000e+00,1.0000000000e+00,4.0976000376e-03
4.5064050465e-01,-9.3422084116e-01,1.5000000596e-01,0.0000000000e+00,0.0000000000e+00,1.0000000000e+00,3.7128000340e-03
1.9137623885e-01,-8.0432255455e-01,1.5000000596e-01,0.0000000000e+00,0.0000000000e+00,1.0000000000e+00,2.7144000249e-03
-8.4044572851e-01,2.1847149474e-01,1.5000000596e-01,0.0000000000e+00,0.0000000000e+00,1.0000000000e+00,4.2224000387e-03
-3.9867317043e-01,8.9737857202e-01,-1.5000000596e-01,0.0000000000e+00,0.0000000000e+00,-1.0000000000e+00,3.0992000284e-03
-2.2515146191e-01,-1.4506834129e-01,1.5000000596e-01,0.0000000000e+00,0.0000000000e+00,1.0000000000e+00,4.5136000414e-03
-8.6036125806e-02,-7.9503292699e-02,1.5000000596e-01,0.0000000000e+00,0.0000000000e+00,1.0000000000e+00,3.7336000342e-03
6.8541244571e-01,2.8926594707e-02,1.5000000596e-01,0.0000000000e+00,-0.0000000000e+00,1.0000000000e+00,4.2536000390e-03
-9.6366244879e-01,6.5736588330e-01,1.5000000596e-01,0.0000000000e+00,0.0000000000e+00,1.0000000000e+00,5.2312000480e-03
1.0276490121e-01,-8.5078099138e-01,1.5000000596e-01,0.0000000000e+00,0.0000000000e+00,1.0000000000e+00,4.0560000372e-03
-6.7201928482e-01,4.2415895038e-01,-1.5000000596e-01,0.0000000000e+00,0.0000000000e+00,-1.0000000000e+00,3.0056000276e-03
-3.6774468299e-01,-1.0000000000e+00,3.4027341262e-02,0.0000000000e+00,-1.0000000000e+00,0.0000000000e+00,3.9416000361e-03
-9.3563643827e-01,-6.2780917973e-01,-1.5000000596e-01,0.0000000000e+00,0.0000000000e+00,-1.0000000000e+00,2.9952000275e-03
-8.2421559330e-01,-1.0000000000e+00,-1.1991110614e-01,0.0000000000e+00,-1.0000000000e+00,0.0000000000e+00,2.7456000252e-03
-4.5984057570e-01,1.0174602427e-01,1.5000000596e-01,0.0000000000e+00,0.0000000000e+00,1.0000000000e+00,2.8496000261e-03
-9.2915470521e-01,1.2278685476e-01,-1.5000000596e-01,0.0000000000e+00,0.0000000000e+00,-1.0000000000e+00,3.4216000314e-03
4.6450038812e-01,-1.2550799134e-01,1.5000000596e-01,0.0000000000e+00,-0.0000000000e+00,1.0000000000e+00,2.7248000250e-03
-9.9272732097e-01,-5.7952737801e-01,1.5000000596e-01,0.0000000000e+00,0.0000000000e+00,1.0000000000e+00,3.1720000291e-03
-2.4267156235e-01,9.7931292803e-01,1.5000000596e-01,0.0000000000e+00,-0.0000000000e+00,1.0000000000e+00,4.4616000409e-03
5.9127298411e-01,2.1217582457e-02,1.5000000596e-01,0.0000000000e+00,-0.0000000000e+00,1.0000000000e+00,4.5344000416e-03
3.0351112693e-01,-1.0000000000e+00,-1.1143919461e-01,0.0000000000e+00,-1.0000000000e+00,0.0000000000e+00,3.1824000292e-03
2.2448499771e-01,6.9280012230e-01,1.5000000596e-01,0.0000000000e+00,-0.0000000000e+00,1.0000000000e+00,3.3592000308e-03
8.8343777121e-01,9.3223287329e-01,1.5000000596e-01,0.0000000000e+00,-0.0000000000e+00,1.0000000000e+00,3.0056000276e-03
1.3211387014e-01,-1.6951822087e-01,1.5000000596e-01,0.0000000000e+00,0.0000000000e+00,1.0000000000e+00,2.7456000252e-03
-5.5813141929e-01,-1.8205170899e-01,-1.5000000596e-01,0.0000000000e+00,0.0000000000e+00,-1.0000000000e+00,3.2448000298e-03
-8.8591794246e-01,-9.3785951865e-01,-1.5000000596e-01,0.0000000000e+00,0.0000000000e+00,-1.0000000000e+00,2.9640000272e-03
-8.7211343636e-01,-3.6748703425e-01,1.5000000596e-01,0.0000000000e+00,0.0000000000e+00,1.0000000000e+00,3.1616000290e-03
4.2146675273e-02,4.2480779552e-01,-1.5000000596e-01,0.0000000000e+00,0.0000000000e+00,-1.0000000000e+00,3.7024000340e-03
-9.7550700348e-01,8.3844418461e-01,-1.5000000596e-01,0.0000000000e+00,0.0000000000e+00,-1.0000000000e+00,4.1496000381e-03
5.6839121149e-01,3.0413266219e-01,1.5000000596e-01,0.0000000000e+00,-0.0000000000e+00,1.0000000000e+00,3.2552000299e-03
-3.7336773307e-01,-6.7944862107e-01,1.5000000596e-01,0.0000000000e+00,0.0000000000e+00,1.0000000000e+00,3.3176000304e-03
-1.0000000000e+00,-3.0062356804e-01,-2.0231852432e-02,-1.0000000000e+00,-0.0000000000e+00,-0.0000000000e+00,3.2656000299e-03
4.2274303818e-01,-8.2980207291e-01,-1.5000000596e-01,0.0000000000e+00,0.0000000000e+00,-1.0000000000e+00,3.9728000364e-03
-6.8725490366e-01,2.7433498862e-01,-1.5000000596e-01,0.0000000000e+00,0.0000000000e+00,-1.0000000000e+00,4.4928000412e-03
5.6203082632e-01,5.2574154885e-01,-1.5000000596e-01,0.0000000000e+00,0.0000000000e+00,-1.0000000000e+00,4.7632000437e-03
9.2303014941e-01,-1.9846219687e-01,-1.5000000596e-01,0.0000000000e+00,0.0000000000e+00,-1.0000000000e+00,3.5568000326e-03
-6.6142497546e-01,8.7538245037e-01,-1.5000000596e-01,0.0000000000e+00,0.0000000000e+00,-1.0000000000e+00,3.7960000348e-03
5.1679370737e-01,-3.4370708133e-01,-1.5000000596e-01,0.0000000000e+00,0.0000000000e+00,-1.0000000000e+00,3.9832000365e-03
-3.4457091946e-01,-1.0000000000e+00,-1.4783980498e-02,0.0000000000e+00,-1.0000000000e+00,0.0000000000e+00,3.7336000342e-03
1.9706395415e-01,-2.8804080782e-01,-1.5000000596e-01,0.0000000000e+00,0.0000000000e+00,-1.0000000000e+00,2.7144000249e-03
2.1731530912e-01,1.0000000000e+00,-1.4739230467e-01,0.0000000000e+00,1.0000000000e+00,-0.0000000000e+00,4.0144000368e-03
5.8842808803e-01,-1.3218866013e-01,-1.5000000596e-01,0.0000000000e+00,0.0000000000e+00,-1.0000000000e+00,4.4096000404e-03
1.0000000000e+00,-3.9312067373e-01,-1.1825036003e-01,1.0000000000e+00,0.0000000000e+00,0.0000000000e+00,3.9624000363e-03
4.3549427643e-01,5.7708903607e-01,-1.5000000596e-01,0.0000000000e+00,0.0000000000e+00,-1.0000000000e+00,2.4024000220e-03
7.4645725289e-01,1.8901999079e-01,-1.5000000596e-01,0.0000000000e+00,0.0000000000e+00,-1.0000000000e+00,4.0248000369e-03
-5.7210671055e-01,-6.1472457974e-01,1.5000000596e-01,0.0000000000e+00,0.0000000000e+00,1.0000000000e+00,3.9832000365e-03
-6.4790034863e-01,-5.4621109230e-02,-1.5000000596e-01,0.0000000000e+00,0.0000000000e+00,-1.0000000000e+00,3.7960000348e-03
1.0000000000e+00,-5.4547142415e-01,-1.2469319275e-01,1.0000000000e+00,0.0000000000e+00,0.0000000000e+00,4.0352000370e-03
-6.5580674061e-02,-5.4772707722e-01,-1.5000000596e-01,0.0000000000e+00,0.0000000000e+00,-1.0000000000e+00,2.9120000267e-03
-1.3913727726e-01,6.5703603370e-01,1.5000000596e-01,0.0000000000e+00,-0.0000000000e+00,1.0000000000e+00,3.8272000351e-03
1.6976269007e-01,-2.2959599416e-01,1.5000000596e-01,0.0000000000e+00,0.0000000000e+00,1.0000000000e+00,3.0368000278e-03
1.0000000000e+00,5.1218970407e-02,5.3274853578e-02,1.0000000000e+00,0.0000000000e+00,-0.0000000000e+00,3.5048000321e-03
-1.0000000000e+00,-6.5715153870e-01,-1.3711037264e-01,-1.0000000000e+00,-0.0000000000e+00,-0.0000000000e+00,5.0024000459e-03
-6.9430408132e-01,5.9721086484e-01,1.5000000596e-01,0.0000000000e+00,0.0000000000e+00,1.0000000000e+00,2.9120000267e-03
2.4835872938e-01,3.9494559746e-01,1.5000000596e-01,0.0000000000e+00,-0.0000000000e+00,1.0000000000e+00,4.1080000377e-03
-1.2534637625e-01,-1.0000000000e+00,-4.2414833191e-02,0.0000000000e+00,-1.0000000000e+00,0.0000000000e+00,3.5568000326e-03
9.3052349830e-01,5.9074208637e-01,1.5000000596e-01,0.0000000000e+00,-0.0000000000e+00,1.0000000000e+00,3.1720000291e-03
8.5248859116e-01,4.3139951404e-01,1.5000000596e-01,0.0000000000e+00,-0.0000000000e+00,1.0000000000e+00,3.6296000333e-03
-1.0000000000e+00,9.8085896089e-01,-9.4425788673e-02,-1.0000000000e+00,0.0000000000e+00,0.0000000000e+00,4.5136000414e-03
-1.0000000000e+00,8.7636563188e-02,7.5146292283e-02,-1.0000000000e+00,0.0000000000e+00,0.0000000000e+00,2.6624000244e-03
3.0929758742e-02,-1.0000000000e+00,2.4445328834e-02,0.0000000000e+00,-1.0000000000e+00,0.0000000000e+00,4.1184000378e-03
-3.0756745814e-01,-7.2660614185e-01,-1.5000000596e-01,0.0000000000e+00,0.0000000000e+00,-1.0000000000e+00,3.6712000337e-03
-7.5246600979e-01,1.0000000000e+00,-7.2408084703e-02,0.0000000000e+00,1.0000000000e+00,-0.0000000000e+00,2.6312000241e-03
-6.2124573914e-01,3.8581481357e-01,1.5000000596e-01,0.0000000000e+00,0.0000000000e+00,1.0000000000e+00,3.6296000333e-03
-8.6614010725e-01,-8.2961908130e-01,1.5000000596e-01,0.0000000000e+00,0.0000000000e+00,1.0000000000e+00,3.2864000301e-03
6.9035804218e-01,-2.6471232950e-01,1.5000000596e-01,0.0000000000e+00,-0.0000000000e+00,1.0000000000e+00,3.6296000333e-03
1.0000000000e+00,-1.0677715020e-01,1.1885907122e-01,1.0000000000e+00,0.0000000000e+00,-0.0000000000e+00,3.9832000365e-03
-6.3865694521e-01,-2.9785789880e-01,1.5000000596e-01,0.0000000000e+00,0.0000000000e+00,1.0000000000e+00,2.5064000230e-03
-8.0757360740e-01,7.5708664425e-01,-1.5000000596e-01,0.0000000000e+00,0.0000000000e+00,-1.0000000000e+00,4.2640000391e-03
5.9491428529e-01,-5.3255378335e-01,1.5000000596e-01,0.0000000000e+00,-0.0000000000e+00,1.0000000000e+00,3.9312000360e-03
2.1186091545e-01,1.4394410325e-01,-1.5000000596e-01,0.0000000000e+00,0.0000000000e+00,-1.0000000000e+00,3.4216000314e-03
7.4176047310e-01,2.5252154455e-02,-1.5000000596e-01,0.0000000000e+00,0.0000000000e+00,-1.0000000000e+00,3.3072000303e-03
4.7971860212e-01,5.0248492735e-01,1.5000000596e-01,0.0000000000e+00,-0.0000000000e+00,1.0000000000e+00,3.2968000302e-03
-7.9881585314e-01,-7.6348134966e-01,1.5000000596e-01,0.0000000000e+00,0.0000000000e+00,1.0000000000e+00,3.0680000281e-03
-9.8860465967e-01,3.9413349623e-01,-1.5000000596e-01,0.0000000000e+00,0.0000000000e+00,-1.0000000000e+00,3.6088000331e-03
-1.8046784644e-01,9.6567695632e-01,-1.5000000596e-01,0.0000000000e+00,0.0000000000e+00,-1.0000000000e+00,4.3056000395e-03
-9.2736837982e-01,-1.0000000000e+00,7.0442214434e-02,0.0000000000e+00,-1.0000000000e+00,0.0000000000e+00,3.1616000290e-03
7.3642373147e-01,1.0000000000e+00,1.1528556463e-01,0.0000000000e+00,1.0000000000e+00,-0.0000000000e+00,3.5048000321e-03
-1.8832494471e-02,-1.0000000000e+00,6.3188164893e-02,0.0000000000e+00,-1.0000000000e+00,0.0000000000e+00,3.8896000357e-03
-8.0225232361e-01,3.3296275700e-01,1.5000000596e-01,0.0000000000e+00,0.0000000000e+00,1.0000000000e+00,3.4840000319e-03
5.3788685099e-01,6.6208614553e-01,-1.5000000596e-01,0.0000000000e+00,0.0000000000e+00,-1.0000000000e+00,3.8168000350e-03
9.5030464709e-01,6.3920638282e-01,1.5000000596e-01,0.0000000000e+00,-0.0000000000e+00,1.0000000000e+00,2.3608000216e-03
-9.3289879397e-01,1.0000000000e+00,-5.3654964288e-02,0.0000000000e+00,1.0000000000e+00,-0.0000000000e+00,4.4304000406e-03
-5.3317366917e-02,5.3346454176e-01,-1.5000000596e-01,0.0000000000e+00,0.0000000000e+00,-1.0000000000e+00,3.8584000354e-03
-6.1710428082e-01,-4.6430879471e-01,1.5000000596e-01,0.0000000000e+00,0.0000000000e+00,1.0000000000e+00,3.0680000281e-03
-1.0000000000e+00,5.0110728120e-01,-5.2508913578e-02,-1.0000000000e+00,0.0000000000e+00,0.0000000000e+00,3.0992000284e-03
-6.5258001519e-01,3.2239842639e-01,1.5000000596e-01,0.0000000000e+00,0.0000000000e+00,1.0000000000e+00,2.5376000233e-03
2.0098307526e-01,7.2892959420e-01,-1.5000000596e-01,0.0000000000e+00,0.0000000000e+00,-1.0000000000e+00,4.2120000386e-03
1.4219008002e-01,6.9321152804e-01,-1.5000000596e-01,0.0000000000e+00,0.0000000000e+00,-1.0000000000e+00,3.1616000290e-03
5.2581172832e-01,-4.2838285481e-01,-1.5000000596e-01,0.0000000000e+00,0.0000000000e+00,-1.0000000000e+00,3.2968000302e-03
4.2444705725e-02,6.5204081169e-03,-1.5000000596e-01,0.0000000000e+00,0.0000000000e+00,-1.0000000000e+00,3.1616000290e-03
-9.5041808972e-01,7.3356968554e-01,1.5000000596e-01,0.0000000000e+00,0.0000000000e+00,1.0000000000e+00,4.7112000432e-03
2.3310322656e-01,-9.9688122601e-02,-1.5000000596e-01,0.0000000000e+00,0.0000000000e+00,-1.0000000000e+00,4.5136000414e-03
4.9520864417e-01,-1.9993377793e-02,-1.5000000596e-01,0.0000000000e+00,0.0000000000e+00,-1.0000000000e+00,3.5672000327e-03
-4.4738382402e-03,-4.8066843547e-01,1.5000000596e-01,0.0000000000e+00,0.0000000000e+00,1.0000000000e+00,2.7248000250e-03
-4.4387428319e-01,-2.2966027726e-01,-1.5000000596e-01,0.0000000000e+00,0.0000000000e+00,-1.0000000000e+00,3.9416000361e-03
-8.6706705194e-01,1.5801532000e-01,-1.5000000596e-01,0.0000000000e+00,0.0000000000e+00,-1.0000000000e+00,3.4736000319e-03
5.1348673361e-01,-2.0742295724e-02,1.5000000596e-01,0.0000000000e+00,-0.0000000000e+00,1.0000000000e+00,3.7232000341e-03
-1.0000000000e+00,-8.6757886675e-01,2.8674308490e-02,-1.0000000000e+00,-0.0000000000e+00,-0.0000000000e+00,3.3800000310e-03
4.9549531281e-01,6.2171820209e-02,-1.5000000596e-01,0.0000000000e+00,0.0000000000e+00,-1.0000000000e+00,3.8168000350e-03
7.7912925721e-01,1.3596869707e-01,1.5000000596e-01,0.0000000000e+00,-0.0000000000e+00,1.0000000000e+00,3.6192000332e-03
1.3790541063e-01,7.1321083276e-01,1.5000000596e-01,0.0000000000e+00,-0.0000000000e+00,1.0000000000e+00,2.8600000262e-03
-4.1088015460e-01,3.9941914128e-01,1.5000000596e-01,0.0000000000e+00,0.0000000000e+00,1.0000000000e+00,3.4840000319e-03
1.0000000000e+00,1.3960014110e-01,1.2885774485e-02,1.0000000000e+00,0.0000000000e+00,0.0000000000e+00,4.2952000394e-03
3.9072280245e-01,4.2546069773e-01,1.5000000596e-01,0.0000000000e+00,-0.0000000000e+00,1.0000000000e+00,3.8688000355e-03
1.0000000000e+00,-9.2154893910e-01,2.0317676944e-02,1.0000000000e+00,0.0000000000e+00,-0.0000000000e+00,2.9744000273e-03
-1.9796889643e-02,5.1901324281e-01,1.5000000596e-01,0.0000000000e+00,-0.0000000000e+00,1.0000000000e+00,3.1720000291e-03
1.1086484296e-01,9.6961170917e-01,1.5000000596e-01,0.0000000000e+00,-0.0000000000e+00,1.0000000000e+00,3.6400000334e-03
9.3255949829e-01,-5.2877903428e-01,-1.5000000596e-01,0.0000000000e+00,0.0000000000e+00,-1.0000000000e+00,3.4528000317e-03
6.3038517327e-01,-2.1084978250e-01,1.5000000596e-01,0.0000000000e+00,-0.0000000000e+00,1.0000000000e+00,4.0352000370e-03
8.2404225093e-01,2.3688169590e-01,1.5000000596e-01,0.0000000000e+00,-0.0000000000e+00,1.0000000000e+00,3.7960000348e-03
-2.2862708901e-01,4.6928264115e-01,1.5000000596e-01,0.0000000000e+00,-0.0000000000e+00,1.0000000000e+00,3.5568000326e-03
5.2278247857e-01,1.1019079924e-01,-1.5000000596e-01,0.0000000000e+00,0.0000000000e+00,-1.0000000000e+00,3.4320000315e-03
-3.0998782004e-01,4.8662964883e-01,1.5000000596e-01,0.0000000000e+00,-0.0000000000e+00,1.0000000000e+00,3.1408000288e-03
-1.0000000000e+00,3.5262646372e-01,9.7960943888e-03,-1.0000000000e+00,0.0000000000e+00,0.0000000000e+00,2.2256000204e-03
-7.0608570089e-01,9.8849899962e-01,1.5000000596e-01,0.0000000000e+00,-0.0000000000e+00,1.0000000000e+00,4.1288000379e-03
9.7844328900e-01,-5.0665906783e-01,1.5000000596e-01,0.0000000000e+00,-0.0000000000e+00,1.0000000000e+00,6.5312000599e-03
1.6874555641e-01,1.0000000000e+00,2.6262798479e-02,0.0000000000e+00,1.0000000000e+00,-0.0000000000e+00,2.3192000213e-03
-4.9174682238e-01,-6.1045287963e-01,-1.5000000596e-01,0.0000000000e+00,0.0000000000e+00,-1.0000000000e+00,2.7040000248e-03
-5.3549101202e-01,-4.1119062012e-01,1.5000000596e-01,0.0000000000e+00,0.0000000000e+00,1.0000000000e+00,3.2968000302e-03
1.0000000000e+00,-7.1411131518e-01,-3.7219508031e-02,1.0000000000e+00,0.0000000000e+00,-0.0000000000e+00,3.4944000320e-03
-6.2796316894e-01,4.3274688975e-02,1.5000000596e-01,0.0000000000e+00,0.0000000000e+00,1.0000000000e+00,3.3072000303e-03
8.8512137983e-01,-9.6354913770e-01,-1.5000000596e-01,0.0000000000e+00,0.0000000000e+00,-1.0000000000e+00,4.6800000429e-03
-3.1642350139e-01,6.9122133834e-01,-1.5000000596e-01,0.0000000000e+00,0.0000000000e+00,-1.0000000000e+00,3.4008000312e-03
8.5472973674e-01,-1.0000000000e+00,-1.1564191065e-01,0.0000000000e+00,-1.0000000000e+00,0.0000000000e+00,3.8480000353e-03
7.5130294085e-01,-1.0000000000e+00,3.3279423231e-02,0.0000000000e+00,-1.0000000000e+00,0.0000000000e+00,3.2344000297e-03
7.1217908033e-01,9.5632858967e-01,-1.5000000596e-01,0.0000000000e+00,0.0000000000e+00,-1.0000000000e+00,2.7456000252e-03
-1.9269166489e-01,5.6374865230e-01,-1.5000000596e-01,0.0000000000e+00,0.0000000000e+00,-1.0000000000e+00,4.2536000390e-03
-1.0000000000e+00,7.3192827773e-01,-5.8384731032e-02,-1.0000000000e+00,0.0000000000e+00,0.0000000000e+00,3.0680000281e-03
-2.2417591834e-01,-3.0216838274e-01,-1.5000000596e-01,0.0000000000e+00,0.0000000000e+00,-1.0000000000e+00,3.1720000291e-03
1.0000000000e+00,2.5235960501e-01,4.1362264076e-02,1.0000000000e+00,0.0000000000e+00,-0.0000000000e+00,2.3920000219e-03
7.1842102476e-01,5.7913739439e-01,1.5000000596e-01,0.0000000000e+00,-0.0000000000e+00,1.0000000000e+00,4.2744000392e-03
9.5983277230e-01,-3.5220588494e-01,-1.5000000596e-01,0.0000000000e+00,0.0000000000e+00,-1.0000000000e+00,4.1080000377e-03
9.2687303661e-01,9.7542643370e-01,-1.5000000596e-01,0.0000000000e+00,0.0000000000e+00,-1.0000000000e+00,3.6712000337e-03
-8.3471060949e-01,-1.9722296768e-01,1.5000000596e-01,0.0000000000e+00,0.0000000000e+00,1.0000000000e+00,4.1704000382e-03
5.0180491828e-01,-7.6100342695e-01,1.5000000596e-01,0.0000000000e+00,0.0000000000e+00,1.0000000000e+00,3.1720000291e-03
4.5966774475e-01,-1.0000000000e+00,1.3580647951e-01,0.0000000000e+00,-1.0000000000e+00,0.0000000000e+00,4.0040000367e-03
-5.3640094007e-01,-7.9077754988e-01,1.5000000596e-01,0.0000000000e+00,0.0000000000e+00,1.0000000000e+00,3.8688000355e-03
1.5677372462e-01,1.5636197612e-02,-1.5000000596e-01,0.0000000000e+00,0.0000000000e+00,-1.0000000000e+00,3.6816000338e-03
8.0616987310e-01,9.8791655929e-01,-1.5000000596e-01,0.0000000000e+00,0.0000000000e+00,-1.0000000000e+00,5.0856000466e-03
-6.3939649971e-01,-4.9372572823e-01,-1.5000000596e-01,0.0000000000e+00,0.0000000000e+00,-1.0000000000e+00,2.8496000261e-03
1.4285549357e-01,8.1631189232e-01,1.5000000596e-01,0.0000000000e+00,-0.0000000000e+00,1.0000000000e+00,3.9520000362e-03
-2.2502324166e-01,-8.5881683515e-02,-1.5000000596e-01,0.0000000000e+00,0.0000000000e+00,-1.0000000000e+00,3.5776000328e-03
6.0047310590e-01,-6.7726411015e-01,-1.5000000596e-01,0.0000000000e+00,0.0000000000e+00,-1.0000000000e+00,3.6816000338e-03
6.8464257767e-02,8.0928323009e-01,1.5000000596e-01,0.0000000000e+00,-0.0000000000e+00,1.0000000000e+00,3.7440000343e-03
9.5319102614e-02,-4.9971850360e-01,-1.5000000596e-01,0.0000000000e+00,0.0000000000e+00,-1.0000000000e+00,3.7336000342e-03
1.0000000000e+00,-1.6791501446e-02,-3.6406680011e-02,1.0000000000e+00,0.0000000000e+00,0.0000000000e+00,3.3176000304e-03
5.6297465933e-01,3.5756685768e-01,-1.5000000596e-01,0.0000000000e+00,0.0000000000e+00,-1.0000000000e+00,3.7856000347e-03
-3.2542256424e-01,-6.6784525551e-01,-1.5000000596e-01,0.0000000000e+00,0.0000000000e+00,-1.0000000000e+00,3.9832000365e-03
1.7244963643e-01,-9.7172344598e-02,1.5000000596e-01,0.0000000000e+00,-0.0000000000e+00,1.0000000000e+00,3.9208000360e-03
7.1151713467e-01,2.7639445540e-01,1.5000000596e-01,0.0000000000e+00,-0.0000000000e+00,1.0000000000e+00,3.2032000294e-03
-7.6582271689e-01,8.2176984664e-01,-1.5000000596e-01,0.0000000000e+00,0.0000000000e+00,-1.0000000000e+00,4.3576000400e-03
4.4680610318e-01,1.5154805929e-01,1.5000000596e-01,0.0000000000e+00,-0.0000000000e+00,1.0000000000e+00,3.3280000305e-03
4.1183097660e-01,3.0661510303e-01,1.5000000596e-01,0.0000000000e+00,-0.0000000000e+00,1.0000000000e+00,2.8392000260e-03
7.8900973258e-02,-1.0949192388e-01,-1.5000000596e-01,0.0000000000e+00,0.0000000000e+00,-1.0000000000e+00,3.7752000346e-03
5.1932011983e-01,8.5592724376e-01,-1.5000000596e-01,0.0000000000e+00,0.0000000000e+00,-1.0000000000e+00,3.7024000340e-03
8.3377987745e-01,5.5467805209e-01,-1.5000000596e-01,0.0000000000e+00,0.0000000000e+00,-1.0000000000e+00,2.8496000261e-03
1.0000000000e+00,6.6710178101e-01,4.0766317743e-02,1.0000000000e+00,0.0000000000e+00,0.0000000000e+00,4.3576000400e-03
1.0123919592e-01,6.5796099265e-01,-1.5000000596e-01,0.0000000000e+00,0.0000000000e+00,-1.0000000000e+00,3.1616000290e-03
2.3665882059e-02,-4.9982047354e-02,1.5000000596e-01,0.0000000000e+00,0.0000000000e+00,1.0000000000e+00,3.3592000308e-03
-7.1242940201e-01,-1.7562312654e-02,1.5000000596e-01,0.0000000000e+00,0.0000000000e+00,1.0000000000e+00,2.9328000269e-03
6.3226358633e-02,8.6183366737e-01,-1.5000000596e-01,0.0000000000e+00,0.0000000000e+00,-1.0000000000e+00,4.3264000397e-03
-7.9812739019e-01,4.7702534720e-01,1.5000000596e-01,0.0000000000e+00,0.0000000000e+00,1.0000000000e+00,2.6832000246e-03
7.8704673664e-01,1.0000000000e+00,-3.0836295608e-02,0.0000000000e+00,1.0000000000e+00,-0.0000000000e+00,3.4840000319e-03
-1.1546492421e-01,1.3046300091e-01,-1.5000000596e-01,0.0000000000e+00,0.0000000000e+00,-1.0000000000e+00,3.3696000309e-03
9.4877178630e-01,-2.9888655362e-01,1.5000000596e-01,0.0000000000e+00,-0.0000000000e+00,1.0000000000e+00,4.2952000394e-03
8.1251377308e-01,1.8453549637e-01,1.5000000596e-01,0.0000000000e+00,-0.0000000000e+00,1.0000000000e+00,3.6816000338e-03
1.0000000000e+00,-1.3471057279e-01,-8.7655281840e-02,1.0000000000e+00,0.0000000000e+00,0.0000000000e+00,4.0352000370e-03
-4.8216506622e-01,-7.4881116491e-01,1.5000000596e-01,0.0000000000e+00,0.0000000000e+00,1.0000000000e+00,4.2952000394e-03
4.3859133832e-01,2.5900290688e-01,1.5000000596e-01,0.0000000000e+00,-0.0000000000e+00,1.0000000000e+00,2.9536000271e-03
-5.2951476423e-01,-9.1316800269e-01,1.5000000596e-01,0.0000000000e+00,0.0000000000e+00,1.0000000000e+00,3.2760000300e-03
-3.2202712695e-01,8.3232499745e-01,-1.5000000596e-01,0.0000000000e+00,0.0000000000e+00,-1.0000000000e+00,2.8808000264e-03
4.3739268547e-01,7.1757560718e-01,-1.5000000596e-01,0.0000000000e+00,0.0000000000e+00,-1.0000000000e+00,3.4320000315e-03
-1.8990139353e-01,6.1355653340e-01,1.5000000596e-01,0.0000000000e+00,-0.0000000000e+00,1.0000000000e+00,4.4512000408e-03
1.0000000000e+00,-3.7735740832e-01,1.0569786191e-01,1.0000000000e+00,0.0000000000e+00,-0.0000000000e+00,3.4320000315e-03
4.4468857629e-01,-4.6837098394e-01,-1.5000000596e-01,0.0000000000e+00,0.0000000000e+00,-1.0000000000e+00,3.8168000350e-03
-6.8484496183e-01,-1.0000000000e+00,-1.2243083744e-01,0.0000000000e+00,-1.0000000000e+00,0.0000000000e+00,4.6592000427e-03
5.0993891804e-01,2.3624653165e-01,1.5000000596e-01,0.0000000000e+00,-0.0000000000e+00,1.0000000000e+00,4.3368000398e-03
7.0547488821e-01,-9.2359016418e-01,1.5000000596e-01,0.0000000000e+00,0.0000000000e+00,1.0000000000e+00,3.9520000362e-03
6.9919454323e-01,-4.9273541753e-01,-1.5000000596e-01,0.0000000000e+00,0.0000000000e+00,-1.0000000000e+00,3.6504000335e-03
-2.6914138430e-01,-9.7664591531e-01,1.5000000596e-01,0.0000000000e+00,0.0000000000e+00,1.0000000000e+00,4.1600000381e-03
-3.6982538092e-01,2.7608250031e-01,-1.5000000596e-01,0.0000000000e+00,0.0000000000e+00,-1.0000000000e+00,3.5984000330e-03
-6.5997574497e-01,-1.0000000000e+00,-5.4377792872e-02,0.0000000000e+00,-1.0000000000e+00,0.0000000000e+00,3.7336000342e-03
-1.3875612061e-01,2.1428636167e-01,-1.5000000596e-01,0.0000000000e+00,0.0000000000e+00,-1.0000000000e+00,2.9328000269e-03
1.0000000000e+00,4.1348669318e-01,-1.2230168618e-01,1.0000000000e+00,0.0000000000e+00,0.0000000000e+00,3.6920000339e-03
-7.3354845708e-02,3.9596276814e-02,1.5000000596e-01,0.0000000000e+00,0.0000000000e+00,1.0000000000e+00,3.7336000342e-03
-3.4445802803e-01,1.8948994649e-01,-1.5000000596e-01,0.0000000000e+00,0.0000000000e+00,-1.0000000000e+00,2.8080000257e-03
-9.2868589964e-02,4.3764754347e-01,1.5000000596e-01,0.0000000000e+00,-0.0000000000e+00,1.0000000000e+00,3.5048000321e-03
6.9035538415e-01,-7.9686194241e-01,-1.5000000596e-01,0.0000000000e+00,0.0000000000e+00,-1.0000000000e+00,4.5760000420e-03
-2.8153504603e-01,4.6562274223e-02,-1.5000000596e-01,0.0000000000e+00,0.0000000000e+00,-1.0000000000e+00,2.8184000258e-03
-1.0000000000e+00,-1.5374634721e-03,1.3298697798e-02,-1.0000000000e+00,0.0000000000e+00,0.0000000000e+00,3.2760000300e-03
2.7878092743e-02,-1.0000000000e+00,-5.5996513311e-02,0.0000000000e+00,-1.0000000000e+00,0.0000000000e+00,3.3800000310e-03
-8.0265282504e-01,-5.0898068353e-01,-1.5000000596e-01,0.0000000000e+00,0.0000000000e+00,-1.0000000000e+00,3.8792000356e-03
-3.8399264342e-01,1.0000000000e+00,7.7644008881e-02,0.0000000000e+00,1.0000000000e+00,-0.0000000000e+00,3.1408000288e-03
-9.6521276959e-02,-3.2453243504e-03,1.5000000596e-01,0.0000000000e+00,0.0000000000e+00,1.0000000000e+00,3.0576000280e-03
4.0326700862e-01,-2.6238317746e-01,1.5000000596e-01,0.0000000000e+00,-0.0000000000e+00,1.0000000000e+00,3.2864000301e-03
-8.7321010801e-01,-5.3322765187e-01,-1.5000000596e-01,0.0000000000e+00,0.0000000000e+00,-1.0000000000e+00,3.2552000299e-03
7.2262865794e-01,-5.9121206693e-01,-1.5000000596e-01,0.0000000000e+00,0.0000000000e+00,-1.0000000000e+00,2.3296000214e-03
9.9086372789e-01,-2.4665971315e-01,1.5000000596e-01,0.0000000000e+00,-0.0000000000e+00,1.0000000000e+00,3.9832000365e-03
4.9845990020e-01,4.1150058721e-01,-1.5000000596e-01,0.0000000000e+00,0.0000000000e+00,-1.0000000000e+00,4.9400000453e-03
5.0604313616e-01,1.8431773313e-01,-1.5000000596e-01,0.0000000000e+00,0.0000000000e+00,-1.0000000000e+00,2.7248000250e-03
3.0744615176e-01,8.9419648634e-01,-1.5000000596e-01,0.0000000000e+00,0.0000000000e+00,-1.0000000000e+00,3.6504000335e-03
1.0330272476e-01,-1.0000000000e+00,1.0215293438e-01,0.0000000000e+00,-1.0000000000e+00,0.0000000000e+00,2.5896000237e-03
8.0349268262e-01,-2.1553022294e-01,1.5000000596e-01,0.0000000000e+00,-0.0000000000e+00,1.0000000000e+00,2.8808000264e-03
-1.1132903325e-01,-2.7889576965e-01,-1.5000000596e-01,0.0000000000e+00,0.0000000000e+00,-1.0000000000e+00,3.4840000319e-03
-2.5855156366e-01,-5.6255149211e-01,1.5000000596e-01,0.0000000000e+00,0.0000000000e+00,1.0000000000e+00,4.3680000401e-03
1.0000000000e+00,-5.9032480456e-01,1.3526601337e-01,1.0000000000e+00,0.0000000000e+00,-0.0000000000e+00,5.2208000479e-03
1.0000000000e+00,-9.3934802690e-01,-1.4419766521e-01,1.0000000000e+00,0.0000000000e+00,0.0000000000e+00,3.6920000339e-03
-4.0424820187e-02,-1.0000000000e+00,-7.9416655038e-02,0.0000000000e+00,-1.0000000000e+00,0.0000000000e+00,2.7768000255e-03
3.9765037601e-02,-6.5897389141e-02,-1.5000000596e-01,0.0000000000e+00,0.0000000000e+00,-1.0000000000e+00,4.4408000407e-03
1.4333286881e-01,-2.9808050422e-01,1.5000000596e-01,0.0000000000e+00,0.0000000000e+00,1.0000000000e+00,4.5240000415e-03
2.4549760497e-01,7.5663623196e-01,1.5000000596e-01,0.0000000000e+00,-0.0000000000e+00,1.0000000000e+00,3.8168000350e-03
7.9602604082e-01,8.2538578014e-01,1.5000000596e-01,0.0000000000e+00,-0.0000000000e+00,1.0000000000e+00,3.9208000360e-03
-1.0000000000e+00,-6.7075866646e-01,-2.3909895581e-03,-1.0000000000e+00,-0.0000000000e+00,-0.0000000000e+00,3.7648000345e-03
-6.7498562716e-01,9.2397369677e-01,-1.5000000596e-01,0.0000000000e+00,0.0000000000e+00,-1.0000000000e+00,3.0472000279e-03
-9.6896689355e-01,-1.0000000000e+00,-5.9810329855e-02,0.0000000000e+00,-1.0000000000e+00,0.0000000000e+00,3.8480000353e-03
-5.2191573425e-02,-9.5495184645e-01,-1.5000000596e-01,0.0000000000e+00,0.0000000000e+00,-1.0000000000e+00,3.1408000288e-03
-2.9701928823e-01,-7.3895601912e-02,-1.5000000596e-01,0.0000000000e+00,0.0000000000e+00,-1.0000000000e+00,2.7456000252e-03
-4.6758079841e-01,1.0000000000e+00,-2.5762777403e-02,0.0000000000e+00,1.0000000000e+00,-0.0000000000e+00,4.2224000387e-03
-4.0421432452e-01,8.9362901988e-01,1.5000000596e-01,0.0000000000e+00,-0.0000000000e+00,1.0000000000e+00,3.0160000277e-03
2.2902834044e-02,4.7861523821e-01,1.5000000596e-01,0.0000000000e+00,-0.0000000000e+00,1.0000000000e+00,3.4112000313e-03
7.1381594746e-01,-1.0000000000e+00,3.9112251487e-04,0.0000000000e+00,-1.0000000000e+00,0.0000000000e+00,2.9432000270e-03
1.0000000000e+00,2.1004141999e-01,1.4393424082e-01,1.0000000000e+00,0.0000000000e+00,-0.0000000000e+00,3.5256000323e-03
1.0000000000e+00,-1.5388051309e-01,7.8488420985e-02,1.0000000000e+00,0.0000000000e+00,-0.0000000000e+00,3.1824000292e-03
-1.0000000000e+00,5.5475608141e-01,-4.1219455244e-02,-1.0000000000e+00,0.0000000000e+00,0.0000000000e+00,2.9224000268e-03
2.7805780653e-01,-4.7976087528e-02,1.5000000596e-01,0.0000000000e+00,-0.0000000000e+00,1.0000000000e+00,3.1096000285e-03
-9.8087157080e-01,8.9651615420e-01,-1.5000000596e-01,0.0000000000e+00,0.0000000000e+00,-1.0000000000e+00,4.0872000375e-03
6.2013773335e-01,2.1310753843e-01,1.5000000596e-01,0.0000000000e+00,-0.0000000000e+00,1.0000000000e+00,2.5792000237e-03
-1.4871916262e-01,5.8946853897e-02,1.5000000596e-01,0.0000000000e+00,0.0000000000e+00,1.0000000000e+00,4.6176000423e-03
8.8088417200e-01,-3.0691669368e-01,1.5000000596e-01,0.0000000000e+00,-0.0000000000e+00,1.0000000000e+00,3.9104000359e-03
5.6428004610e-02,-1.0000000000e+00,7.8146944107e-02,0.0000000000e+00,-1.0000000000e+00,0.0000000000e+00,3.0784000282e-03
4.8199864998e-01,5.5714024893e-01,1.5000000596e-01,0.0000000000e+00,-0.0000000000e+00,1.0000000000e+00,4.3368000398e-03
-8.6518319736e-01,-9.7889362442e-01,1.5000000596e-01,0.0000000000e+00,0.0000000000e+00,1.0000000000e+00,4.0040000367e-03
2.4111770013e-01,-5.1877835911e-01,1.5000000596e-01,0.0000000000e+00,0.0000000000e+00,1.0000000000e+00,3.0160000277e-03
-2.6869226548e-01,8.9839470315e-01,1.5000000596e-01,0.0000000000e+00,-0.0000000000e+00,1.0000000000e+00,3.3696000309e-03
4.5970697479e-01,-8.8337571409e-01,1.5000000596e-01,0.0000000000e+00,0.0000000000e+00,1.0000000000e+00,2.6728000245e-03
-6.5668191984e-01,8.7058162357e-02,1.5000000596e-01,0.0000000000e+00,0.0000000000e+00,1.0000000000e+00,3.4216000314e-03
3.2942777053e-01,7.1887984683e-01,1.5000000596e-01,0.0000000000e+00,-0.0000000000e+00,1.0000000000e+00,4.1704000382e-03
5.5597106587e-01,1.0000000000e+00,-1.4477905599e-01,0.0000000000e+00,1.0000000000e+00,-0.0000000000e+00,3.9832000365e-03
3.5864642589e-01,9.0205527262e-01,1.5000000596e-01,0.0000000000e+00,-0.0000000000e+00,1.0000000000e+00,4.7424000435e-03
7.1532464318e-01,-5.4146069306e-01,-1.5000000596e-01,0.0000000000e+00,0.0000000000e+00,-1.0000000000e+00,2.7560000253e-03
-8.1562090858e-01,5.3096845647e-01,1.5000000596e-01,0.0000000000e+00,0.0000000000e+00,1.0000000000e+00,3.8064000349e-03
-5.9225845985e-01,3.2503461800e-02,-1.5000000596e-01,0.0000000000e+00,0.0000000000e+00,-1.0000000000e+00,3.0784000282e-03
1.0000000000e+00,7.3710001410e-01,-1.0027792825e-01,1.0000000000e+00,0.0000000000e+00,0.0000000000e+00,3.4216000314e-03
9.5746432506e-01,2.8781159256e-02,1.5000000596e-01,0.0000000000e+00,-0.0000000000e+00,1.0000000000e+00,2.8808000264e-03
-8.8184785845e-01,-4.1786352872e-01,-1.5000000596e-01,0.0000000000e+00,0.0000000000e+00,-1.0000000000e+00,2.3816000218e-03
-1.0000000000e+00,2.0925081571e-01,-8.8817747266e-02,-1.0000000000e+00,-0.0000000000e+00,-0.0000000000e+00,3.6088000331e-03
4.2117613541e-01,-7.6292383204e-01,-1.5000000596e-01,0.0000000000e+00,0.0000000000e+00,-1.0000000000e+00,4.4304000406e-03
-1.0000000000e+00,-5.8320164724e-01,5.6659364950e-02,-1.0000000000e+00,-0.0000000000e+00,-0.0000000000e+00,3.5776000328e-03
-6.0216995822e-01,-7.2243984264e-01,-1.5000000596e-01,0.0000000000e+00,0.0000000000e+00,-1.0000000000e+00,3.3176000304e-03
-9.5705433195e-01,-1.4861761089e-01,1.5000000596e-01,0.0000000000e+00,0.0000000000e+00,1.0000000000e+00,4.6176000423e-03
9.1678031260e-01,1.2818515451e-01,-1.5000000596e-01,0.0000000000e+00,0.0000000000e+00,-1.0000000000e+00,3.2968000302e-03
-5.6974564148e-02,-7.0017991934e-01,-1.5000000596e-01,0.0000000000e+00,0.0000000000e+00,-1.0000000000e+00,3.2656000299e-03
6.1877460329e-02,9.8475977096e-01,1.5000000596e-01,0.0000000000e+00,-0.0000000000e+00,1.0000000000e+00,3.8064000349e-03
-1.0889345224e-01,-7.4810439538e-01,1.5000000596e-01,0.0000000000e+00,0.0000000000e+00,1.0000000000e+00,3.0992000284e-03
9.6343873198e-02,-1.1393227471e-02,1.5000000596e-01,0.0000000000e+00,-0.0000000000e+00,1.0000000000e+00,3.8272000351e-03
1.0000000000e+00,3.5032856112e-01,3.6790330375e-02,1.0000000000e+00,0.0000000000e+00,0.0000000000e+00,2.8496000261e-03
-1.0000000000e+00,9.3782846920e-01,-1.1262179963e-01,-1.0000000000e+00,0.0000000000e+00,0.0000000000e+00,2.7352000251e-03
-7.0253361600e-01,-1.5258998902e-01,-1.5000000596e-01,0.0000000000e+00,0.0000000000e+00,-1.0000000000e+00,2.9640000272e-03
-4.3318710900e-01,4.7876283327e-01,-1.5000000596e-01,0.0000000000e+00,0.0000000000e+00,-1.0000000000e+00,2.8704000263e-03
-5.1916227090e-01,-8.0924379145e-01,-1.5000000596e-01,0.0000000000e+00,0.0000000000e+00,-1.0000000000e+00,2.7248000250e-03
-4.4873358176e-01,-4.7123518086e-01,-1.5000000596e-01,0.0000000000e+00,0.0000000000e+00,-1.0000000000e+00,3.4528000317e-03
-3.6899763690e-01,-3.5796487271e-01,1.5000000596e-01,0.0000000000e+00,0.0000000000e+00,1.0000000000e+00,3.4216000314e-03
2.0954019405e-01,-3.9684997108e-01,1.5000000596e-01,0.0000000000e+00,0.0000000000e+00,1.0000000000e+00,4.2848000393e-03
3.8657319186e-01,-9.4911566202e-01,1.5000000596e-01,0.0000000000e+00,0.0000000000e+00,1.0000000000e+00,3.2448000298e-03
-6.3054505695e-01,1.9136987682e-01,1.5000000596e-01,0.0000000000e+00,0.0000000000e+00,1.0000000000e+00,2.9848000274e-03
-7.9530762461e-01,-2.7870082963e-01,1.5000000596e-01,0.0000000000e+00,0.0000000000e+00,1.0000000000e+00,3.6400000334e-03
-2.9325435707e-01,9.7381204955e-01,-1.5000000596e-01,0.0000000000e+00,0.0000000000e+00,-1.0000000000e+00,3.8272000351e-03
-1.0000000000e+00,8.7284185401e-01,-1.0355247873e-03,-1.0000000000e+00,0.0000000000e+00,0.0000000000e+00,3.5672000327e-03
-5.6130182222e-01,3.7999059297e-01,1.5000000596e-01,0.0000000000e+00,0.0000000000e+00,1.0000000000e+00,3.5048000321e-03
-2.8699862405e-01,5.1567563052e-01,-1.5000000596e-01,0.0000000000e+00,0.0000000000e+00,-1.0000000000e+00,3.4112000313e-03
-9.3360326114e-01,7.8236979855e-01,-1.5000000596e-01,0.0000000000e+00,0.0000000000e+00,-1.0000000000e+00,3.9832000365e-03
-1.0000000000e+00,-9.7629302032e-01,-4.7041862949e-03,-1.0000000000e+00,-0.0000000000e+00,-0.0000000000e+00,4.7320000434e-03
5.6313076350e-01,-5.0227383374e-01,-1.5000000596e-01,0.0000000000e+00,0.0000000000e+00,-1.0000000000e+00,3.5360000324e-03
-9.1044407778e-01,-5.3332762294e-01,1.5000000596e-01,0.0000000000e+00,0.0000000000e+00,1.0000000000e+00,3.1096000285e-03
5.4766016809e-01,2.2182008841e-01,-1.5000000596e-01,0.0000000000e+00,0.0000000000e+00,-1.0000000000e+00,3.6296000333e-03
5.7336360642e-01,-4.2469093424e-02,-1.5000000596e-01,0.0000000000e+00,0.0000000000e+00,-1.0000000000e+00,4.1704000382e-03
-8.4430763196e-01,1.0000000000e+00,-5.4314789960e-02,0.0000000000e+00,1.0000000000e+00,-0.0000000000e+00,3.8688000355e-03
1.2524061455e-01,-4.0252280109e-01,1.5000000596e-01,0.0000000000e+00,0.0000000000e+00,1.0000000000e+00,4.3368000398e-03
6.2981979155e-01,-7.2112537682e-01,1.5000000596e-01,0.0000000000e+00,0.0000000000e+00,1.0000000000e+00,3.9000000358e-03
8.0411576525e-01,6.3215126841e-01,-1.5000000596e-01,0.0000000000e+00,0.0000000000e+00,-1.0000000000e+00,3.8896000357e-03
-5.0017532743e-01,-2.4803885788e-01,-1.5000000596e-01,0.0000000000e+00,0.0000000000e+00,-1.0000000000e+00,4.2640000391e-03
9.3871066496e-01,1.0000000000e+00,-5.5444577300e-02,0.0000000000e+00,1.0000000000e+00,-0.0000000000e+00,3.1720000291e-03
-4.3159615469e-01,5.5196544228e-01,1.5000000596e-01,0.0000000000e+00,-0.0000000000e+00,1.0000000000e+00,3.5048000321e-03
-1.0000000000e+00,-8.1621646448e-01,1.3013653584e-01,-1.0000000000e+00,0.0000000000e+00,0.0000000000e+00,4.3888000402e-03
-1.6603869522e-01,1.0000000000e+00,5.7522957940e-02,0.0000000000e+00,1.0000000000e+00,-0.0000000000e+00,3.0680000281e-03
-9.9755698612e-01,1.0000000000e+00,6.1560588602e-02,0.0000000000e+00,1.0000000000e+00,-0.0000000000e+00,3.2240000296e-03
8.9146681350e-01,6.3364846383e-02,-1.5000000596e-01,0.0000000000e+00,0.0000000000e+00,-1.0000000000e+00,4.0352000370e-03
1.0000000000e+00,-2.5350406347e-01,9.7878429783e-02,1.0000000000e+00,0.0000000000e+00,-0.0000000000e+00,3.3280000305e-03
-1.0000000000e+00,4.5320064768e-01,-1.1013157360e-01,-1.0000000000e+00,-0.0000000000e+00,-0.0000000000e+00,3.6608000336e-03
-2.6881652161e-01,-4.1066989696e-01,1.5000000596e-01,0.0000000000e+00,0.0000000000e+00,1.0000000000e+00,3.5152000322e-03
7.4487210343e-01,4.1979589687e-01,1.5000000596e-01,0.0000000000e+00,-0.0000000000e+00,1.0000000000e+00,3.6816000338e-03
-2.1945023348e-01,-9.0057214706e-01,1.5000000596e-01,0.0000000000e+00,0.0000000000e+00,1.0000000000e+00,4.3784000401e-03
3.2322726632e-01,6.4181151052e-01,1.5000000596e-01,0.0000000000e+00,-0.0000000000e+00,1.0000000000e+00,3.4736000319e-03
6.3836044905e-01,5.7645383808e-01,1.5000000596e-01,0.0000000000e+00,-0.0000000000e+00,1.0000000000e+00,2.9952000275e-03
1.0000000000e+00,9.7701149026e-01,-1.1129492728e-01,1.0000000000e+00,0.0000000000e+00,0.0000000000e+00,4.9400000453e-03
-1.0000000000e+00,-5.5599224384e-02,-8.4666723036e-02,-1.0000000000e+00,-0.0000000000e+00,-0.0000000000e+00,3.2552000299e-03
3.4388217542e-01,2.5489734647e-01,-1.5000000596e-01,0.0000000000e+00,0.0000000000e+00,-1.0000000000e+00,3.0680000281e-03
4.6786414891e-02,1.3455044243e-02,1.5000000596e-01,0.0000000000e+00,-0.0000000000e+00,1.0000000000e+00,2.8808000264e-03
-7.1007459920e-01,-7.9052755548e-01,-1.5000000596e-01,0.0000000000e+00,0.0000000000e+00,-1.0000000000e+00,4.0352000370e-03
6.0957848172e-01,-9.2778221739e-01,-1.5000000596e-01,0.0000000000e+00,0.0000000000e+00,-1.0000000000e+00,3.7960000348e-03
5.0773690226e-01,3.2413742558e-01,1.5000000596e-01,0.0000000000e+00,-0.0000000000e+00,1.0000000000e+00,3.4736000319e-03
-9.7326006909e-01,-8.7015254866e-01,1.5000000596e-01,0.0000000000e+00,0.0000000000e+00,1.0000000000e+00,4.8360000443e-03
7.2287924160e-01,9.5445697337e-02,-1.5000000596e-01,0.0000000000e+00,0.0000000000e+00,-1.0000000000e+00,4.4408000407e-03
-8.3202961686e-01,-2.7682693005e-01,-1.5000000596e-01,0.0000000000e+00,0.0000000000e+00,-1.0000000000e+00,3.1304000287e-03
6.4442863058e-02,-8.8461464216e-01,-1.5000000596e-01,0.0000000000e+00,0.0000000000e+00,-1.0000000000e+00,3.0472000279e-03
-4.5467242053e-01,-2.6585680300e-01,1.5000000596e-01,0.0000000000e+00,0.0000000000e+00,1.0000000000e+00,4.8672000446e-03
6.4859632063e-01,-4.4648122316e-02,1.5000000596e-01,0.0000000000e+00,-0.0000000000e+00,1.0000000000e+00,3.6712000337e-03
-1.0000000000e+00,6.6846357064e-01,7.6369344686e-02,-1.0000000000e+00,0.0000000000e+00,0.0000000000e+00,3.2760000300e-03
7.3322243843e-01,-6.2148137859e-02,1.5000000596e-01,0.0000000000e+00,-0.0000000000e+00,1.0000000000e+00,2.9744000273e-03
-1.6480006694e-01,-4.6802510147e-01,-1.5000000596e-01,0.0000000000e+00,0.0000000000e+00,-1.0000000000e+00,3.1928000293e-03
8.7294136431e-01,6.0028535625e-01,1.5000000596e-01,0.0000000000e+00,-0.0000000000e+00,1.0000000000e+00,4.1704000382e-03
1.0000000000e+00,-7.9947376991e-01,1.9411861157e-02,1.0000000000e+00,0.0000000000e+00,-0.0000000000e+00,2.8288000259e-03
1.0000000000e+00,-4.3230272116e-01,2.5814985678e-02,1.0000000000e+00,0.0000000000e+00,-0.0000000000e+00,3.5984000330e-03
6.1213224676e-01,5.5086228377e-01,-1.5000000596e-01,0.0000000000e+00,0.0000000000e+00,-1.0000000000e+00,2.7456000252e-03
-4.0117935099e-01,4.3949941025e-03,-1.5000000596e-01,0.0000000000e+00,0.0000000000e+00,-1.0000000000e+00,4.0768000374e-03
-6.5781612245e-01,-9.6641969588e-01,1.5000000596e-01,0.0000000000e+00,0.0000000000e+00,1.0000000000e+00,4.1912000384e-03
-1.0000000000e+00,-3.5585190113e-01,-1.1216478744e-01,-1.0000000000e+00,-0.0000000000e+00,-0.0000000000e+00,3.7544000344e-03
8.7818969113e-01,-6.7022983845e-01,-1.5000000596e-01,0.0000000000e+00,0.0000000000e+00,-1.0000000000e+00,3.7440000343e-03
3.2375951978e-01,-2.7851681121e-01,-1.5000000596e-01,0.0000000000e+00,0.0000000000e+00,-1.0000000000e+00,2.7560000253e-03
3.6748136925e-01,4.0236206811e-01,-1.5000000596e-01,0.0000000000e+00,0.0000000000e+00,-1.0000000000e+00,3.5880000329e-03
8.2988377386e-01,-1.0000000000e+00,-6.7488495702e-02,0.0000000000e+00,-1.0000000000e+00,0.0000000000e+00,4.2744000392e-03
-7.6326874394e-01,-1.0000000000e+00,4.1785463680e-02,0.0000000000e+00,-1.0000000000e+00,0.0000000000e+00,3.1616000290e-03
2.6108157826e-01,9.8039033833e-01,-1.5000000596e-01,0.0000000000e+00,0.0000000000e+00,-1.0000000000e+00,3.8272000351e-03
-9.7652762579e-01,9.5085903933e-01,-1.5000000596e-01,0.0000000000e+00,0.0000000000e+00,-1.0000000000e+00,3.2136000295e-03
7.0576175189e-01,-1.0000000000e+00,-8.3116963671e-02,0.0000000000e+00,-1.0000000000e+00,0.0000000000e+00,3.5360000324e-03
2.2167369982e-01,-4.5342765111e-01,-1.5000000596e-01,0.0000000000e+00,0.0000000000e+00,-1.0000000000e+00,3.0160000277e-03
1.0000000000e+00,7.7683810496e-01,4.5306645768e-03,1.0000000000e+00,0.0000000000e+00,0.0000000000e+00,3.4424000316e-03
3.8322425102e-01,-8.8241251159e-01,-1.5000000596e-01,0.0000000000e+00,0.0000000000e+00,-1.0000000000e+00,2.7560000253e-03
5.0861849970e-02,7.0960613429e-01,1.5000000596e-01,0.0000000000e+00,-0.0000000000e+00,1.0000000000e+00,3.2136000295e-03
-3.6427613914e-02,8.1018027173e-01,1.5000000596e-01,0.0000000000e+00,-0.0000000000e+00,1.0000000000e+00,3.6400000334e-03
6.1649274398e-02,-3.0671055000e-01,1.5000000596e-01,0.0000000000e+00,0.0000000000e+00,1.0000000000e+00,4.6800000429e-03
-2.2498982332e-01,7.5690502373e-01,1.5000000596e-01,0.0000000000e+00,-0.0000000000e+00,1.0000000000e+00,2.7040000248e-03
-1.8489048028e-01,-1.0000000000e+00,-1.1060741741e-01,0.0000000000e+00,-1.0000000000e+00,0.0000000000e+00,3.3904000311e-03
-2.2133224308e-01,-9.9336520748e-01,1.5000000596e-01,0.0000000000e+00,0.0000000000e+00,1.0000000000e+00,3.9104000359e-03
6.9190790110e-01,9.9711234851e-01,-1.5000000596e-01,0.0000000000e+00,0.0000000000e+00,-1.0000000000e+00,2.9848000274e-03
-1.4301561096e-01,7.1941384474e-01,-1.5000000596e-01,0.0000000000e+00,0.0000000000e+00,-1.0000000000e+00,3.1928000293e-03
7.9048015192e-01,9.2442749025e-01,-1.5000000596e-01,0.0000000000e+00,0.0000000000e+00,-1.0000000000e+00,3.6920000339e-03
-6.1216561959e-01,-8.1007692911e-01,1.5000000596e-01,0.0000000000e+00,0.0000000000e+00,1.0000000000e+00,2.9744000273e-03
-8.8994335356e-01,6.5040358889e-01,-1.5000000596e-01,0.0000000000e+00,0.0000000000e+00,-1.0000000000e+00,3.9936000366e-03
-7.3651682179e-01,2.2499672658e-01,1.5000000596e-01,0.0000000000e+00,0.0000000000e+00,1.0000000000e+00,3.3384000306e-03
1.3352778777e-01,8.2182937277e-01,-1.5000000596e-01,0.0000000000e+00,0.0000000000e+00,-1.0000000000e+00,3.5776000328e-03
6.6863963995e-01,8.8483596314e-01,-1.5000000596e-01,0.0000000000e+00,0.0000000000e+00,-1.0000000000e+00,3.3384000306e-03
-8.3052549680e-01,1.0000000000e+00,-1.4697124813e-01,0.0000000000e+00,1.0000000000e+00,-0.0000000000e+00,4.3160000396e-03
1.9355989773e-01,3.3937646440e-01,-1.5000000596e-01,0.0000000000e+00,0.0000000000e+00,-1.0000000000e+00,3.4112000313e-03
7.1906360736e-01,1.0000000000e+00,-3.1830447343e-02,0.0000000000e+00,1.0000000000e+00,-0.0000000000e+00,3.0888000283e-03
-9.9767038586e-01,-1.0000000000e+00,1.0580682300e-01,0.0000000000e+00,-1.0000000000e+00,0.0000000000e+00,4.8256000443e-03
-2.7909428030e-01,3.2508042473e-01,1.5000000596e-01,0.0000000000e+00,-0.0000000000e+00,1.0000000000e+00,4.4304000406e-03
8.2964517390e-02,-4.8005238769e-01,1.5000000596e-01,0.0000000000e+00,0.0000000000e+00,1.0000000000e+00,4.3576000400e-03
-7.9147817756e-01,1.0000000000e+00,-2.2039310651e-02,0.0000000000e+00,1.0000000000e+00,-0.0000000000e+00,2.6832000246e-03
-5.5316870908e-01,-1.0000000000e+00,1.2600480695e-01,0.0000000000e+00,-1.0000000000e+00,0.0000000000e+00,3.3904000311e-03
-3.1565457280e-01,1.5143261668e-01,-1.5000000596e-01,0.0000000000e+00,0.0000000000e+00,-1.0000000000e+00,3.5880000329e-03
6.5106803588e-01,-3.3978601869e-01,-1.5000000596e-01,0.0000000000e+00,0.0000000000e+00,-1.0000000000e+00,3.4840000319e-03
1.0000000000e+00,3.8285710842e-01,7.1561414272e-02,1.0000000000e+00,0.0000000000e+00,-0.0000000000e+00,2.5584000235e-03
-5.4122848461e-01,-7.4947523100e-02,-1.5000000596e-01,0.0000000000e+00,0.0000000000e+00,-1.0000000000e+00,3.0056000276e-03
-4.3994989779e-01,-8.0900861094e-01,1.5000000596e-01,0.0000000000e+00,0.0000000000e+00,1.0000000000e+00,4.4304000406e-03
4.7378065378e-01,-1.0000000000e+00,-9.2401999724e-02,0.0000000000e+00,-1.0000000000e+00,0.0000000000e+00,4.1912000384e-03
-4.7737368947e-01,6.2831651333e-01,-1.5000000596e-01,0.0000000000e+00,0.0000000000e+00,-1.0000000000e+00,3.2864000301e-03
7.1464600443e-01,-4.0006413863e-01,-1.5000000596e-01,0.0000000000e+00,0.0000000000e+00,-1.0000000000e+00,4.3160000396e-03
-7.5138802205e-01,6.5305265579e-01,-1.5000000596e-01,0.0000000000e+00,0.0000000000e+00,-1.0000000000e+00,3.4736000319e-03
-9.6697706026e-01,9.1533613665e-01,1.5000000596e-01,0.0000000000e+00,0.0000000000e+00,1.0000000000e+00,5.1168000469e-03
-9.2601956480e-02,8.3030421751e-01,1.5000000596e-01,0.0000000000e+00,-0.0000000000e+00,1.0000000000e+00,3.2968000302e-03
-8.8284538367e-01,1.6342120080e-01,1.5000000596e-01,0.0000000000e+00,0.0000000000e+00,1.0000000000e+00,3.6296000333e-03
4.0178770472e-01,-3.6215700411e-02,-1.5000000596e-01,0.0000000000e+00,0.0000000000e+00,-1.0000000000e+00,2.7664000254e-03
-5.9322234665e-01,2.3768019100e-01,1.5000000596e-01,0.0000000000e+00,0.0000000000e+00,1.0000000000e+00,3.4632000318e-03
-3.1591677817e-01,-7.0324619548e-01,1.5000000596e-01,0.0000000000e+00,0.0000000000e+00,1.0000000000e+00,4.3264000397e-03
6.6690399345e-02,1.0000000000e+00,-1.4520735259e-01,0.0000000000e+00,1.0000000000e+00,-0.0000000000e+00,3.7440000343e-03
-1.0000000000e+00,8.1382792910e-01,-1.0074187358e-02,-1.0000000000e+00,0.0000000000e+00,0.0000000000e+00,3.5048000321e-03
-8.9495288091e-01,6.8315916767e-01,1.5000000596e-01,0.0000000000e+00,0.0000000000e+00,1.0000000000e+00,3.2552000299e-03
3.9191073706e-01,-5.0854348231e-01,1.5000000596e-01,0.0000000000e+00,0.0000000000e+00,1.0000000000e+00,3.8896000357e-03
-9.1165190796e-02,-7.9806972915e-01,1.5000000596e-01,0.0000000000e+00,0.0000000000e+00,1.0000000000e+00,3.5776000328e-03
3.3124450981e-01,1.0000000000e+00,-7.4340475576e-04,0.0000000000e+00,1.0000000000e+00,-0.0000000000e+00,3.7336000342e-03
8.7927487838e-01,8.6407436872e-01,1.5000000596e-01,0.0000000000e+00,-0.0000000000e+00,1.0000000000e+00,3.6192000332e-03
-9.8594314074e-01,2.6157957918e-02,1.5000000596e-01,0.0000000000e+00,0.0000000000e+00,1.0000000000e+00,4.5968000422e-03
6.6323131957e-01,8.1857782699e-01,1.5000000596e-01,0.0000000000e+00,-0.0000000000e+00,1.0000000000e+00,3.7232000341e-03
-2.4768065149e-01,-2.2825527980e-01,1.5000000596e-01,0.0000000000e+00,0.0000000000e+00,1.0000000000e+00,4.6488000426e-03
2.8614815956e-01,-8.3835457600e-01,1.5000000596e-01,0.0000000000e+00,0.0000000000e+00,1.0000000000e+00,2.8080000257e-03
5.9581877215e-02,6.1305726806e-01,1.5000000596e-01,0.0000000000e+00,-0.0000000000e+00,1.0000000000e+00,2.3712000217e-03
-8.1999115833e-01,-8.4983840703e-01,-1.5000000596e-01,0.0000000000e+00,0.0000000000e+00,-1.0000000000e+00,3.8480000353e-03
-9.4637484903e-01,6.0297751926e-01,-1.5000000596e-01,0.0000000000e+00,0.0000000000e+00,-1.0000000000e+00,3.9936000366e-03
-1.0000000000e+00,-9.1084962322e-01,-7.9757401270e-02,-1.0000000000e+00,-0.0000000000e+00,-0.0000000000e+00,3.2136000295e-03
1.0000000000e+00,7.7966947748e-01,1.2576125031e-01,1.0000000000e+00,0.0000000000e+00,-0.0000000000e+00,3.6192000332e-03
-4.8686838873e-01,4.6873970108e-01,-1.5000000596e-01,0.0000000000e+00,0.0000000000e+00,-1.0000000000e+00,3.1928000293e-03
-1.9869710127e-01,4.8786608548e-02,-1.5000000596e-01,0.0000000000e+00,0.0000000000e+00,-1.0000000000e+00,3.0160000277e-03
1.0000000000e+00,6.6171735835e-01,1.1270728903e-01,1.0000000000e+00,0.0000000000e+00,-0.0000000000e+00,3.0888000283e-03
-4.1126253091e-01,7.1777996514e-01,1.5000000596e-01,0.0000000000e+00,-0.0000000000e+00,1.0000000000e+00,4.2640000391e-03
-1.5984333628e-01,8.8597260142e-01,1.5000000596e-01,0.0000000000e+00,-0.0000000000e+00,1.0000000000e+00,3.3072000303e-03
9.9188731769e-02,-1.3484163232e-01,1.5000000596e-01,0.0000000000e+00,0.0000000000e+00,1.0000000000e+00,3.0888000283e-03
8.5896311379e-01,-6.1886555726e-01,-1.5000000596e-01,0.0000000000e+00,0.0000000000e+00,-1.0000000000e+00,4.1496000381e-03
-2.1717846754e-01,-7.9884141300e-01,-1.5000000596e-01,0.0000000000e+00,0.0000000000e+00,-1.0000000000e+00,3.6400000334e-03
-4.0753243492e-01,1.6521872265e-01,1.5000000596e-01,0.0000000000e+00,0.0000000000e+00,1.0000000000e+00,3.4216000314e-03
-1.0000000000e+00,9.5870079148e-01,-3.6900381263e-02,-1.0000000000e+00,0.0000000000e+00,0.0000000000e+00,3.7128000340e-03
1.4204893888e-01,-9.6898315387e-02,-1.5000000596e-01,0.0000000000e+00,0.0000000000e+00,-1.0000000000e+00,3.8480000353e-03
-5.5019246777e-01,9.1590145198e-01,-1.5000000596e-01,0.0000000000e+00,0.0000000000e+00,-1.0000000000e+00,3.0472000279e-03
-2.6557647310e-01,-1.0000000000e+00,8.2983929971e-02,0.0000000000e+00,-1.0000000000e+00,0.0000000000e+00,3.1720000291e-03
9.2252981892e-01,1.0000000000e+00,-9.7846690366e-02,0.0000000000e+00,1.0000000000e+00,-0.0000000000e+00,2.9848000274e-03
-8.1784442091e-01,-8.6485536365e-01,1.5000000596e-01,0.0000000000e+00,0.0000000000e+00,1.0000000000e+00,2.8912000265e-03
-1.0000000000e+00,3.3122043845e-01,9.1907783800e-02,-1.0000000000e+00,0.0000000000e+00,0.0000000000e+00,2.3920000219e-03
8.0701131345e-01,-1.0000000000e+00,-1.2106766393e-01,0.0000000000e+00,-1.0000000000e+00,0.0000000000e+00,3.5152000322e-03
-8.7421069067e-01,-4.4366648064e-01,1.5000000596e-01,0.0000000000e+00,0.0000000000e+00,1.0000000000e+00,3.1200000286e-03
-1.1721780474e-02,1.4607961446e-01,1.5000000596e-01,0.0000000000e+00,-0.0000000000e+00,1.0000000000e+00,3.5672000327e-03
-4.2982758787e-01,3.2902332139e-01,-1.5000000596e-01,0.0000000000e+00,0.0000000000e+00,-1.0000000000e+00,2.4024000220e-03
7.0827693315e-01,4.9353951850e-01,-1.5000000596e-01,0.0000000000e+00,0.0000000000e+00,-1.0000000000e+00,3.1720000291e-03
1.2615715870e-02,5.5823588328e-01,-1.5000000596e-01,0.0000000000e+00,0.0000000000e+00,-1.0000000000e+00,4.5344000416e-03
-3.7418088822e-01,-9.7440947655e-01,1.5000000596e-01,0.0000000000e+00,0.0000000000e+00,1.0000000000e+00,3.8064000349e-03
7.3664319116e-01,6.0414216535e-01,-1.5000000596e-01,0.0000000000e+00,0.0000000000e+00,-1.0000000000e+00,4.4824000411e-03
-7.8269358565e-01,7.4121858374e-01,1.5000000596e-01,0.0000000000e+00,0.0000000000e+00,1.0000000000e+00,4.0664000373e-03
2.0372104296e-01,5.2981355852e-01,1.5000000596e-01,0.0000000000e+00,-0.0000000000e+00,1.0000000000e+00,3.4216000314e-03
9.7163915513e-01,-7.8444847478e-01,-1.5000000596e-01,0.0000000000e+00,0.0000000000e+00,-1.0000000000e+00,3.4528000317e-03
1.0000000000e+00,7.0240365282e-01,-2.8724555719e-02,1.0000000000e+00,0.0000000000e+00,0.0000000000e+00,4.9712000456e-03
-2.7835419436e-01,-9.2893359191e-01,1.5000000596e-01,0.0000000000e+00,0.0000000000e+00,1.0000000000e+00,3.8064000349e-03
-1.0000000000e+00,9.9981852193e-01,9.2635801444e-03,-1.0000000000e+00,0.0000000000e+00,0.0000000000e+00,2.5896000237e-03
8.3088059825e-01,-1.0000000000e+00,1.1373656085e-03,0.0000000000e+00,-1.0000000000e+00,0.0000000000e+00,4.6592000427e-03
-3.4145551601e-01,4.3571206144e-01,1.5000000596e-01,0.0000000000e+00,-0.0000000000e+00,1.0000000000e+00,2.8600000262e-03
-8.1959548601e-01,8.0989942417e-01,-1.5000000596e-01,0.0000000000e+00,0.0000000000e+00,-1.0000000000e+00,2.3816000218e-03
7.2971579202e-01,8.8388442721e-01,1.5000000596e-01,0.0000000000e+00,-0.0000000000e+00,1.0000000000e+00,3.3280000305e-03
-7.7210713514e-01,9.6819612769e-01,-1.5000000596e-01,0.0000000000e+00,0.0000000000e+00,-1.0000000000e+00,3.1616000290e-03
2.4327694132e-01,7.1352495598e-01,-1.5000000596e-01,0.0000000000e+00,0.0000000000e+00,-1.0000000000e+00,3.0888000283e-03
8.4348221406e-01,-1.3395074512e-02,1.5000000596e-01,0.0000000000e+00,-0.0000000000e+00,1.0000000000e+00,3.1408000288e-03
1.0000000000e+00,-6.4909579417e-01,1.2071949283e-01,1.0000000000e+00,0.0000000000e+00,-0.0000000000e+00,4.2120000386e-03
-2.8718587940e-01,-7.7823138524e-01,1.5000000596e-01,0.0000000000e+00,0.0000000000e+00,1.0000000000e+00,4.3160000396e-03
-9.2768698204e-01,-8.9188543029e-01,1.5000000596e-01,0.0000000000e+00,0.0000000000e+00,1.0000000000e+00,2.5168000231e-03
1.0000000000e+00,-9.2811409442e-01,1.3524649985e-01,1.0000000000e+00,0.0000000000e+00,-0.0000000000e+00,3.8480000353e-03
5.8461752421e-01,9.0464102438e-01,-1.5000000596e-01,0.0000000000e+00,0.0000000000e+00,-1.0000000000e+00,3.7752000346e-03
-2.8734856006e-01,6.2157345316e-01,1.5000000596e-01,0.0000000000e+00,-0.0000000000e+00,1.0000000000e+00,4.3368000398e-03
2.8961247654e-01,2.7312680035e-02,1.5000000596e-01,0.0000000000e+00,-0.0000000000e+00,1.0000000000e+00,3.6816000338e-03
7.9050760759e-01,9.0325861780e-01,1.5000000596e-01,0.0000000000e+00,-0.0000000000e+00,1.0000000000e+00,3.7960000348e-03
-2.3745205274e-01,-6.1080797496e-01,-1.5000000596e-01,0.0000000000e+00,0.0000000000e+00,-1.0000000000e+00,3.7752000346e-03
-1.6080694929e-01,9.4713797065e-01,1.5000000596e-01,0.0000000000e+00,-0.0000000000e+00,1.0000000000e+00,3.9624000363e-03
-7.7101042782e-01,-6.1934423671e-01,1.5000000596e-01,0.0000000000e+00,0.0000000000e+00,1.0000000000e+00,3.6088000331e-03
9.9981299490e-01,9.0118188830e-01,1.5000000596e-01,0.0000000000e+00,-0.0000000000e+00,1.0000000000e+00,4.0144000368e-03
6.8832912865e-01,-9.1176401224e-01,-1.5000000596e-01,0.0000000000e+00,0.0000000000e+00,-1.0000000000e+00,3.5984000330e-03
9.0360659483e-01,2.9844648744e-01,-1.5000000596e-01,0.0000000000e+00,0.0000000000e+00,-1.0000000000e+00,3.2032000294e-03
-3.2665269970e-01,1.0000000000e+00,8.0924986089e-03,0.0000000000e+00,1.0000000000e+00,-0.0000000000e+00,2.9016000266e-03
-2.2366541914e-01,1.0000000000e+00,7.7454434762e-02,0.0000000000e+00,1.0000000000e+00,-0.0000000000e+00,3.4840000319e-03
1.9332277291e-01,7.9817569425e-01,-1.5000000596e-01,0.0000000000e+00,0.0000000000e+00,-1.0000000000e+00,3.8688000355e-03
7.7024904550e-01,2.6799976903e-01,-1.5000000596e-01,0.0000000000e+00,0.0000000000e+00,-1.0000000000e+00,4.2744000392e-03
-1.0217545208e-01,5.1409016557e-01,-1.5000000596e-01,0.0000000000e+00,0.0000000000e+00,-1.0000000000e+00,3.7648000345e-03
-9.2462751422e-01,-5.3035064197e-01,-1.5000000596e-01,0.0000000000e+00,0.0000000000e+00,-1.0000000000e+00,2.9120000267e-03
6.2651910789e-01,2.8100228994e-01,-1.5000000596e-01,0.0000000000e+00,0.0000000000e+00,-1.0000000000e+00,3.5672000327e-03
-1.0817413465e-01,3.2196563887e-01,-1.5000000596e-01,0.0000000000e+00,0.0000000000e+00,-1.0000000000e+00,3.7440000343e-03
8.0818930107e-01,9.5964440657e-01,1.5000000596e-01,0.0000000000e+00,-0.0000000000e+00,1.0000000000e+00,3.6296000333e-03
6.7586228061e-01,1.0000000000e+00,7.6249956506e-02,0.0000000000e+00,1.0000000000e+00,-0.0000000000e+00,4.0560000372e-03
-4.1542758603e-01,-1.0000000000e+00,-1.3566042207e-01,0.0000000000e+00,-1.0000000000e+00,0.0000000000e+00,4.8984000449e-03
6.5429446244e-02,5.7027753558e-02,1.5000000596e-01,0.0000000000e+00,-0.0000000000e+00,1.0000000000e+00,3.1304000287e-03
5.3885994415e-01,-8.1609670741e-01,1.5000000596e-01,0.0000000000e+00,0.0000000000e+00,1.0000000000e+00,3.6816000338e-03
-8.3945023184e-01,7.4704413300e-01,1.5000000596e-01,0.0000000000e+00,0.0000000000e+00,1.0000000000e+00,2.9848000274e-03
1.5941693601e-01,3.8913444797e-01,1.5000000596e-01,0.0000000000e+00,-0.0000000000e+00,1.0000000000e+00,5.7616000528e-03
-4.0393238104e-01,-9.5395823044e-02,1.5000000596e-01,0.0000000000e+00,0.0000000000e+00,1.0000000000e+00,3.0680000281e-03
6.3882808045e-01,3.3452684700e-01,1.5000000596e-01,0.0000000000e+00,-0.0000000000e+00,1.0000000000e+00,3.9000000358e-03
1.5944839212e-01,6.1744354500e-01,1.5000000596e-01,0.0000000000e+00,-0.0000000000e+00,1.0000000000e+00,2.9328000269e-03
5.5078651282e-01,-5.9614912178e-01,1.5000000596e-01,0.0000000000e+00,0.0000000000e+00,1.0000000000e+00,2.9744000273e-03
-1.4339143659e-01,3.2939753243e-02,-1.5000000596e-01,0.0000000000e+00,0.0000000000e+00,-1.0000000000e+00,4.1392000380e-03
-3.3311419355e-01,9.9636688716e-01,-1.5000000596e-01,0.0000000000e+00,0.0000000000e+00,-1.0000000000e+00,2.9536000271e-03
3.2890884830e-01,9.4518574251e-01,-1.5000000596e-01,0.0000000000e+00,0.0000000000e+00,-1.0000000000e+00,3.5672000327e-03
-6.9071809865e-01,7.6778676866e-01,1.5000000596e-01,0.0000000000e+00,-0.0000000000e+00,1.0000000000e+00,3.8064000349e-03
-1.0000000000e+00,-9.2204983170e-01,2.0938556517e-02,-1.0000000000e+00,-0.0000000000e+00,-0.0000000000e+00,3.9624000363e-03
2.0740075608e-01,-6.4173102975e-01,-1.5000000596e-01,0.0000000000e+00,0.0000000000e+00,-1.0000000000e+00,3.4112000313e-03
5.4744764317e-01,2.7983208003e-01,-1.5000000596e-01,0.0000000000e+00,0.0000000000e+00,-1.0000000000e+00,3.2552000299e-03
-9.9769755834e-02,5.0391618132e-01,1.5000000596e-01,0.0000000000e+00,-0.0000000000e+00,1.0000000000e+00,4.2432000389e-03
4.0413098157e-01,-1.0000000000e+00,-1.1665823408e-01,0.0000000000e+00,-1.0000000000e+00,0.0000000000e+00,3.5464000325e-03
-1.0000000000e+00,-5.5703818376e-01,-1.2968056576e-01,-1.0000000000e+00,-0.0000000000e+00,-0.0000000000e+00,4.1392000380e-03
9.7236030731e-01,5.6686514919e-01,-1.5000000596e-01,0.0000000000e+00,0.0000000000e+00,-1.0000000000e+00,3.4424000316e-03
-8.2793450821e-01,-1.0000000000e+00,4.0542526334e-03,0.0000000000e+00,-1.0000000000e+00,0.0000000000e+00,4.3888000402e-03
-5.0735277605e-01,-8.8131687435e-01,-1.5000000596e-01,0.0000000000e+00,0.0000000000e+00,-1.0000000000e+00,3.1096000285e-03
-2.0042890146e-01,1.0362332919e-01,-1.5000000596e-01,0.0000000000e+00,0.0000000000e+00,-1.0000000000e+00,3.0992000284e-03
-2.8739877703e-01,8.5578719420e-01,1.5000000596e-01,0.0000000000e+00,-0.0000000000e+00,1.0000000000e+00,2.8808000264e-03
-3.6549666522e-01,7.8252780611e-01,1.5000000596e-01,0.0000000000e+00,-0.0000000000e+00,1.0000000000e+00,2.6312000241e-03
-9.2969281348e-01,-3.7580274950e-01,1.5000000596e-01,0.0000000000e+00,0.0000000000e+00,1.0000000000e+00,3.8688000355e-03
-7.6130860499e-01,3.1316177359e-01,-1.5000000596e-01,0.0000000000e+00,0.0000000000e+00,-1.0000000000e+00,4.9088000450e-03
-2.7278401608e-01,-1.0000000000e+00,2.1725933553e-02,0.0000000000e+00,-1.0000000000e+00,0.0000000000e+00,3.4216000314e-03
7.2697184275e-01,-2.1268822219e-01,-1.5000000596e-01,0.0000000000e+00,0.0000000000e+00,-1.0000000000e+00,3.5464000325e-03
6.9333737492e-01,2.9468848173e-01,-1.5000000596e-01,0.0000000000e+00,0.0000000000e+00,-1.0000000000e+00,3.7024000340e-03
-5.0695291426e-01,-1.0000000000e+00,9.8691723961e-02,0.0000000000e+00,-1.0000000000e+00,0.0000000000e+00,3.9312000360e-03
-8.3902265257e-01,-4.3969168187e-01,-1.5000000596e-01,0.0000000000e+00,0.0000000000e+00,-1.0000000000e+00,2.3296000214e-03
-1.0444287858e-01,1.0000000000e+00,-4.6971996649e-02,0.0000000000e+00,1.0000000000e+00,-0.0000000000e+00,3.8064000349e-03
-1.0897669260e-01,1.0000000000e+00,4.9317714073e-02,0.0000000000e+00,1.0000000000e+00,-0.0000000000e+00,4.2224000387e-03
9.3398614986e-01,8.0866159798e-01,1.5000000596e-01,0.0000000000e+00,-0.0000000000e+00,1.0000000000e+00,4.7840000439e-03
5.4130584893e-01,5.5183429163e-01,1.5000000596e-01,0.0000000000e+00,-0.0000000000e+00,1.0000000000e+00,3.0264000278e-03
-4.3110496641e-01,-8.4704030399e-01,-1.5000000596e-01,0.0000000000e+00,0.0000000000e+00,-1.0000000000e+00,4.6176000423e-03
3.5888475310e-01,-2.3655818921e-02,1.5000000596e-01,0.0000000000e+00,-0.0000000000e+00,1.0000000000e+00,3.8064000349e-03
-1.1099344540e-01,-2.5575271388e-01,1.5000000596e-01,0.0000000000e+00,0.0000000000e+00,1.0000000000e+00,3.1824000292e-03
-6.5575923292e-01,-9.0841026285e-03,1.5000000596e-01,0.0000000000e+00,0.0000000000e+00,1.0000000000e+00,2.9120000267e-03
1.0423117494e-01,-2.3763135721e-01,1.5000000596e-01,0.0000000000e+00,0.0000000000e+00,1.0000000000e+00,3.7024000340e-03
2.3990221158e-01,-6.3140460700e-01,1.5000000596e-01,0.0000000000e+00,0.0000000000e+00,1.0000000000e+00,3.7648000345e-03
3.4811591955e-01,-1.0000000000e+00,5.9184952139e-02,0.0000000000e+00,-1.0000000000e+00,0.0000000000e+00,4.2432000389e-03
-5.1717455491e-01,5.7197900757e-01,1.5000000596e-01,0.0000000000e+00,-0.0000000000e+00,1.0000000000e+00,2.9848000274e-03
-3.8154298949e-02,-1.2062381889e-01,1.5000000596e-01,0.0000000000e+00,0.0000000000e+00,1.0000000000e+00,3.9312000360e-03
-1.7785970551e-01,-7.1150502184e-02,1.5000000596e-01,0.0000000000e+00,0.0000000000e+00,1.0000000000e+00,3.7336000342e-03
-8.9317059880e-01,1.0000000000e+00,4.8653291718e-03,0.0000000000e+00,1.0000000000e+00,-0.0000000000e+00,3.2760000300e-03
-2.0853305741e-01,-7.4095702457e-01,1.5000000596e-01,0.0000000000e+00,0.0000000000e+00,1.0000000000e+00,3.5776000328e-03
8.4546195185e-01,2.9770752208e-01,1.5000000596e-01,0.0000000000e+00,-0.0000000000e+00,1.0000000000e+00,3.1200000286e-03
-5.7918393047e-01,-3.4665944180e-01,-1.5000000596e-01,0.0000000000e+00,0.0000000000e+00,-1.0000000000e+00,4.4096000404e-03
-2.2651196910e-01,7.3165314974e-01,-1.5000000596e-01,0.0000000000e+00,0.0000000000e+00,-1.0000000000e+00,2.7144000249e-03
-2.5270990957e-01,-7.1667027703e-01,1.5000000596e-01,0.0000000000e+00,0.0000000000e+00,1.0000000000e+00,3.5464000325e-03
-2.9331616335e-01,-1.1393538261e-01,1.5000000596e-01,0.0000000000e+00,0.0000000000e+00,1.0000000000e+00,2.7560000253e-03
7.7507906742e-01,7.7766351682e-01,-1.5000000596e-01,0.0000000000e+00,0.0000000000e+00,-1.0000000000e+00,3.0368000278e-03
-1.0000000000e+00,-2.7231303045e-01,-1.3542443315e-01,-1.0000000000e+00,-0.0000000000e+00,-0.0000000000e+00,3.7440000343e-03
-3.9214755427e-01,7.1861093406e-01,-1.5000000596e-01,0.0000000000e+00,0.0000000000e+00,-1.0000000000e+00,3.3800000310e-03
1.8562509938e-02,-2.7682588815e-01,-1.5000000596e-01,0.0000000000e+00,0.0000000000e+00,-1.0000000000e+00,3.0368000278e-03
-1.0000000000e+00,-3.5805342050e-01,-6.0367566374e-02,-1.0000000000e+00,-0.0000000000e+00,-0.0000000000e+00,3.5360000324e-03
8.6443522840e-01,-5.0915449299e-01,-1.5000000596e-01,0.0000000000e+00,0.0000000000e+00,-1.0000000000e+00,4.2016000385e-03
1.0954307136e-01,-7.3191994301e-01,1.5000000596e-01,0.0000000000e+00,0.0000000000e+00,1.0000000000e+00,3.0264000278e-03
2.1828813645e-01,-3.9588701173e-01,-1.5000000596e-01,0.0000000000e+00,0.0000000000e+00,-1.0000000000e+00,2.7352000251e-03
-9.5652665893e-01,-2.6043471401e-01,1.5000000596e-01,0.0000000000e+00,0.0000000000e+00,1.0000000000e+00,3.3904000311e-03
7.9395398980e-01,-4.4694529437e-01,1.5000000596e-01,0.0000000000e+00,-0.0000000000e+00,1.0000000000e+00,3.8896000357e-03
-9.5191228974e-01,-7.7544078754e-01,-1.5000000596e-01,0.0000000000e+00,0.0000000000e+00,-1.0000000000e+00,3.4944000320e-03
-9.2601241360e-01,-2.1050898180e-01,1.5000000596e-01,0.0000000000e+00,0.0000000000e+00,1.0000000000e+00,2.7872000256e-03
6.5325674270e-01,9.9158131364e-01,1.5000000596e-01,0.0000000000e+00,-0.0000000000e+00,1.0000000000e+00,5.0336000462e-03
9.1351732950e-01,-4.5775287393e-01,-1.5000000596e-01,0.0000000000e+00,0.0000000000e+00,-1.0000000000e+00,4.8256000443e-03
1.0000000000e+00,-6.6975732704e-01,-5.5859674457e-02,1.0000000000e+00,0.0000000000e+00,-0.0000000000e+00,2.9536000271e-03
-2.9201799688e-01,2.0287197980e-01,1.5000000596e-01,0.0000000000e+00,0.0000000000e+00,1.0000000000e+00,3.2448000298e-03
-2.2778602930e-01,1.0000000000e+00,-1.1334850982e-01,0.0000000000e+00,1.0000000000e+00,-0.0000000000e+00,3.2240000296e-03
5.0987185326e-01,3.7852898313e-01,1.5000000596e-01,0.0000000000e+00,-0.0000000000e+00,1.0000000000e+00,2.8288000259e-03
1.0000000000e+00,-2.9870825533e-01,5.0051011783e-02,1.0000000000e+00,0.0000000000e+00,-0.0000000000e+00,4.3160000396e-03
9.2683878510e-01,2.6534091913e-01,1.5000000596e-01,0.0000000000e+00,-0.0000000000e+00,1.0000000000e+00,3.3800000310e-03
3.1325538985e-01,-7.1727611946e-01,1.5000000596e-01,0.0000000000e+00,0.0000000000e+00,1.0000000000e+00,3.8584000354e-03
1.5588354996e-01,-4.6059573005e-01,1.5000000596e-01,0.0000000000e+00,0.0000000000e+00,1.0000000000e+00,4.4096000404e-03
6.5054958994e-01,-1.0000000000e+00,8.6277391798e-02,0.0000000000e+00,-1.0000000000e+00,0.0000000000e+00,3.2656000299e-03
-5.9024099515e-01,-6.3354619699e-02,-1.5000000596e-01,0.0000000000e+00,0.0000000000e+00,-1.0000000000e+00,3.5464000325e-03
2.0930096978e-01,1.0000000000e+00,9.4959521125e-02,0.0000000000e+00,1.0000000000e+00,-0.0000000000e+00,3.0784000282e-03
-3.3930004307e-02,4.1823810211e-01,-1.5000000596e-01,0.0000000000e+00,0.0000000000e+00,-1.0000000000e+00,2.9120000267e-03
-7.2350268762e-01,-3.0278798868e-01,1.5000000596e-01,0.0000000000e+00,0.0000000000e+00,1.0000000000e+00,4.5344000416e-03
1.0000000000e+00,9.7888746943e-01,-5.3840195661e-02,1.0000000000e+00,0.0000000000e+00,0.0000000000e+00,4.8568000445e-03
-7.1751529207e-02,-7.1499776453e-01,1.5000000596e-01,0.0000000000e+00,0.0000000000e+00,1.0000000000e+00,3.3488000307e-03
-9.2914157733e-01,-4.2513044841e-01,1.5000000596e-01,0.0000000000e+00,0.0000000000e+00,1.0000000000e+00,2.9328000269e-03
-2.6026610228e-01,-7.6739856724e-01,-1.5000000596e-01,0.0000000000e+00,0.0000000000e+00,-1.0000000000e+00,2.9120000267e-03
-3.3478194971e-01,-7.7947683027e-01,-1.5000000596e-01,0.0000000000e+00,0.0000000000e+00,-1.0000000000e+00,3.2760000300e-03
-6.8558271547e-01,-5.8322908455e-01,1.5000000596e-01,0.0000000000e+00,0.0000000000e+00,1.0000000000e+00,2.8912000265e-03
-1.0000000000e+00,7.3836625855e-01,1.4585085466e-02,-1.0000000000e+00,0.0000000000e+00,0.0000000000e+00,2.7456000252e-03
8.8555777157e-01,-7.6486580741e-01,-1.5000000596e-01,0.0000000000e+00,0.0000000000e+00,-1.0000000000e+00,4.0872000375e-03
-9.7619842233e-01,-3.4799528978e-01,-1.5000000596e-01,0.0000000000e+00,0.0000000000e+00,-1.0000000000e+00,4.4616000409e-03
-7.6251586339e-01,-3.1005561375e-01,-1.5000000596e-01,0.0000000000e+00,0.0000000000e+00,-1.0000000000e+00,3.7544000344e-03
-7.5785060161e-02,-3.7276369654e-01,-1.5000000596e-01,0.0000000000e+00,0.0000000000e+00,-1.0000000000e+00,3.6816000338e-03
-1.0000000000e+00,7.9925351175e-01,1.2821651903e-01,-1.0000000000e+00,0.0000000000e+00,0.0000000000e+00,4.9192000451e-03
-1.0000000000e+00,5.8644825683e-01,3.9720312258e-02,-1.0000000000e+00,0.0000000000e+00,0.0000000000e+00,3.2240000296e-03
4.0208962493e-01,-9.6770496639e-01,-1.5000000596e-01,0.0000000000e+00,0.0000000000e+00,-1.0000000000e+00,3.5048000321e-03
3.9525275116e-01,5.6056155260e-01,1.5000000596e-01,0.0000000000e+00,-0.0000000000e+00,1.0000000000e+00,3.3384000306e-03
-5.7727480305e-01,-8.1030949143e-02,1.5000000596e-01,0.0000000000e+00,0.0000000000e+00,1.0000000000e+00,3.3800000310e-03
5.9596713086e-01,6.6069476208e-01,-1.5000000596e-01,0.0000000000e+00,0.0000000000e+00,-1.0000000000e+00,3.1096000285e-03
-3.6921512489e-01,4.3680659143e-01,-1.5000000596e-01,0.0000000000e+00,0.0000000000e+00,-1.0000000000e+00,4.3368000398e-03
-1.0000000000e+00,7.6961049233e-01,-1.9216995619e-02,-1.0000000000e+00,0.0000000000e+00,0.0000000000e+00,3.2032000294e-03
-5.5310433190e-01,8.3393029605e-01,1.5000000596e-01,0.0000000000e+00,-0.0000000000e+00,1.0000000000e+00,3.5984000330e-03
-3.9645571166e-02,-2.9439734481e-01,1.5000000596e-01,0.0000000000e+00,0.0000000000e+00,1.0000000000e+00,3.2136000295e-03
-5.3088798996e-01,-4.1715896268e-01,-1.5000000596e-01,0.0000000000e+00,0.0000000000e+00,-1.0000000000e+00,3.9832000365e-03
5.7003891521e-01,-9.7152504912e-01,1.5000000596e-01,0.0000000000e+00,0.0000000000e+00,1.0000000000e+00,4.7840000439e-03
-6.0753635403e-01,5.5510439867e-01,-1.5000000596e-01,0.0000000000e+00,0.0000000000e+00,-1.0000000000e+00,3.5672000327e-03
4.7513876906e-01,-4.5677752805e-01,1.5000000596e-01,0.0000000000e+00,-0.0000000000e+00,1.0000000000e+00,2.6728000245e-03
6.4435158190e-01,-8.4979405236e-01,1.5000000596e-01,0.0000000000e+00,0.0000000000e+00,1.0000000000e+00,4.6280000424e-03
-1.8248370221e-01,1.0000000000e+00,1.4067639390e-02,0.0000000000e+00,1.0000000000e+00,-0.0000000000e+00,2.9224000268e-03
3.9527836684e-01,1.0000000000e+00,-6.9019689919e-02,0.0000000000e+00,1.0000000000e+00,-0.0000000000e+00,2.4648000226e-03
4.9541528759e-02,2.1274939009e-01,-1.5000000596e-01,0.0000000000e+00,0.0000000000e+00,-1.0000000000e+00,3.8584000354e-03
-3.7545884578e-01,-1.0698268860e-01,-1.5000000596e-01,0.0000000000e+00,0.0000000000e+00,-1.0000000000e+00,3.2864000301e-03
7.0624831519e-01,-4.2849310071e-01,1.5000000596e-01,0.0000000000e+00,-0.0000000000e+00,1.0000000000e+00,3.5568000326e-03
4.6282496472e-01,2.4551096635e-01,-1.5000000596e-01,0.0000000000e+00,0.0000000000e+00,-1.0000000000e+00,3.4008000312e-03
-8.5332142230e-01,-7.0617686436e-01,-1.5000000596e-01,0.0000000000e+00,0.0000000000e+00,-1.0000000000e+00,3.9312000360e-03
5.0251060996e-01,-2.3428980537e-01,1.5000000596e-01,0.0000000000e+00,-0.0000000000e+00,1.0000000000e+00,3.3488000307e-03
-2.2656069143e-01,1.2490892234e-01,1.5000000596e-01,0.0000000000e+00,0.0000000000e+00,1.0000000000e+00,3.7856000347e-03
8.4794003794e-01,-1.9661904209e-01,1.5000000596e-01,0.0000000000e+00,-0.0000000000e+00,1.0000000000e+00,3.2136000295e-03
-9.5760903403e-01,4.5232099993e-01,-1.5000000596e-01,0.0000000000e+00,0.0000000000e+00,-1.0000000000e+00,2.8808000264e-03
-5.8309977042e-01,8.7240233242e-01,-1.5000000596e-01,0.0000000000e+00,0.0000000000e+00,-1.0000000000e+00,3.3176000304e-03
-1.1609972842e-01,-5.2815850607e-01,-1.5000000596e-01,0.0000000000e+00,0.0000000000e+00,-1.0000000000e+00,3.5984000330e-03
9.2010397204e-01,9.6390057120e-01,1.5000000596e-01,0.0000000000e+00,-0.0000000000e+00,1.0000000000e+00,4.1184000378e-03
-3.3584006053e-01,1.6118714715e-01,1.5000000596e-01,0.0000000000e+00,0.0000000000e+00,1.0000000000e+00,3.3488000307e-03
1.0000000000e+00,9.5928164683e-01,1.1468979497e-01,1.0000000000e+00,0.0000000000e+00,0.0000000000e+00,4.2120000386e-03
8.7342280860e-01,7.4194397134e-01,-1.5000000596e-01,0.0000000000e+00,0.0000000000e+00,-1.0000000000e+00,2.6832000246e-03
8.9667726082e-01,3.5832094821e-01,1.5000000596e-01,0.0000000000e+00,-0.0000000000e+00,1.0000000000e+00,3.2760000300e-03
7.0121901686e-01,4.2035937884e-01,-1.5000000596e-01,0.0000000000e+00,0.0000000000e+00,-1.0000000000e+00,3.4216000314e-03
2.4887128843e-01,-1.2272382066e-01,1.5000000596e-01,0.0000000000e+00,-0.0000000000e+00,1.0000000000e+00,2.7248000250e-03
-2.0504444877e-02,1.0000000000e+00,6.5956866210e-02,0.0000000000e+00,1.0000000000e+00,-0.0000000000e+00,3.9728000364e-03
-1.0000000000e+00,-4.7118919667e-01,5.0697839957e-02,-1.0000000000e+00,-0.0000000000e+00,-0.0000000000e+00,3.5568000326e-03
-1.7694508806e-01,1.9063701102e-01,1.5000000596e-01,0.0000000000e+00,-0.0000000000e+00,1.0000000000e+00,3.5256000323e-03
-1.0000000000e+00,-1.4533108554e-01,4.2130395424e-02,-1.0000000000e+00,0.0000000000e+00,0.0000000000e+00,4.1184000378e-03
-8.1358115922e-01,-1.0000000000e+00,6.3847979005e-02,0.0000000000e+00,-1.0000000000e+00,0.0000000000e+00,3.5152000322e-03
-3.9834201164e-01,-4.8212844196e-01,-1.5000000596e-01,0.0000000000e+00,0.0000000000e+00,-1.0000000000e+00,4.3264000397e-03
1.8219285170e-01,1.8527955760e-01,1.5000000596e-01,0.0000000000e+00,-0.0000000000e+00,1.0000000000e+00,3.7232000341e-03
4.9784666905e-01,-5.7696442239e-01,1.5000000596e-01,0.0000000000e+00,0.0000000000e+00,1.0000000000e+00,3.7440000343e-03
1.0000000000e+00,-9.7011619949e-01,-3.3130507000e-03,1.0000000000e+00,0.0000000000e+00,-0.0000000000e+00,3.0160000277e-03
-4.2993413429e-01,-1.4204076126e-02,1.5000000596e-01,0.0000000000e+00,0.0000000000e+00,1.0000000000e+00,3.5152000322e-03
-7.8946937486e-01,6.8589760556e-01,-1.5000000596e-01,0.0000000000e+00,0.0000000000e+00,-1.0000000000e+00,4.5864000421e-03
-3.6166650241e-01,-5.4659329511e-01,-1.5000000596e-01,0.0000000000e+00,0.0000000000e+00,-1.0000000000e+00,3.4944000320e-03
3.4594459093e-01,6.2319979046e-01,-1.5000000596e-01,0.0000000000e+00,0.0000000000e+00,-1.0000000000e+00,2.4648000226e-03
2.4915903585e-01,-4.9239243945e-01,-1.5000000596e-01,0.0000000000e+00,0.0000000000e+00,-1.0000000000e+00,5.0024000459e-03
-4.2799851436e-01,4.2128042038e-01,-1.5000000596e-01,0.0000000000e+00,0.0000000000e+00,-1.0000000000e+00,3.0056000276e-03
-7.0607987100e-01,-2.4140737395e-01,-1.5000000596e-01,0.0000000000e+00,0.0000000000e+00,-1.0000000000e+00,2.9952000275e-03
2.0799775219e-01,6.3142702164e-02,-1.5000000596e-01,0.0000000000e+00,0.0000000000e+00,-1.0000000000e+00,3.8272000351e-03
-7.1877206140e-01,-5.3985447019e-01,-1.5000000596e-01,0.0000000000e+00,0.0000000000e+00,-1.0000000000e+00,3.2240000296e-03
-8.9076525779e-01,2.4673303070e-02,-1.5000000596e-01,0.0000000000e+00,0.0000000000e+00,-1.0000000000e+00,3.9832000365e-03
1.1438611318e-01,1.2122822139e-01,-1.5000000596e-01,0.0000000000e+00,0.0000000000e+00,-1.0000000000e+00,2.5792000237e-03
-4.5830914966e-01,1.0000000000e+00,5.4558100476e-02,0.0000000000e+00,1.0000000000e+00,-0.0000000000e+00,2.8184000258e-03
-3.1504839246e-01,-2.5097759584e-01,1.5000000596e-01,0.0000000000e+00,0.0000000000e+00,1.0000000000e+00,4.3888000402e-03
-7.0942009619e-01,-9.1053110732e-01,1.5000000596e-01,0.0000000000e+00,0.0000000000e+00,1.0000000000e+00,4.2744000392e-03
3.4363867502e-01,8.1254967298e-01,-1.5000000596e-01,0.0000000000e+00,0.0000000000e+00,-1.0000000000e+00,2.5064000230e-03
-3.1367960345e-01,-1.0000000000e+00,6.4415723033e-02,0.0000000000e+00,-1.0000000000e+00,0.0000000000e+00,3.4736000319e-03
-1.0000000000e+00,-8.0716248859e-01,-6.0833988243e-02,-1.0000000000e+00,-0.0000000000e+00,-0.0000000000e+00,3.6608000336e-03
1.4856375107e-01,-1.0000000000e+00,-1.1675656761e-01,0.0000000000e+00,-1.0000000000e+00,0.0000000000e+00,4.3784000401e-03
7.2640097557e-02,-7.1476409795e-01,-1.5000000596e-01,0.0000000000e+00,0.0000000000e+00,-1.0000000000e+00,4.6696000428e-03
7.3206209747e-01,-8.6905772685e-01,-1.5000000596e-01,0.0000000000e+00,0.0000000000e+00,-1.0000000000e+00,3.9728000364e-03
7.3510909246e-01,-1.1234054525e-01,1.5000000596e-01,0.0000000000e+00,-0.0000000000e+00,1.0000000000e+00,3.3800000310e-03
1.0858792590e-01,-3.6996596428e-01,-1.5000000596e-01,0.0000000000e+00,0.0000000000e+00,-1.0000000000e+00,3.4840000319e-03
5.5251941359e-01,1.2187224827e-01,1.5000000596e-01,0.0000000000e+00,-0.0000000000e+00,1.0000000000e+00,2.8600000262e-03
7.3912414456e-01,3.4810977094e-01,-1.5000000596e-01,0.0000000000e+00,0.0000000000e+00,-1.0000000000e+00,3.9208000360e-03
-3.1102054722e-01,-1.0000000000e+00,-1.4526976626e-01,0.0000000000e+00,-1.0000000000e+00,0.0000000000e+00,3.1824000292e-03
-1.6004267786e-01,-5.6455381251e-01,-1.5000000596e-01,0.0000000000e+00,0.0000000000e+00,-1.0000000000e+00,4.2432000389e-03
1.0000000000e+00,-3.1393355994e-01,-2.2376772955e-02,1.0000000000e+00,0.0000000000e+00,-0.0000000000e+00,3.2656000299e-03
-4.7391105760e-01,2.6704633065e-01,1.5000000596e-01,0.0000000000e+00,0.0000000000e+00,1.0000000000e+00,2.9744000273e-03
-5.1173001821e-01,1.1955536748e-01,1.5000000596e-01,0.0000000000e+00,0.0000000000e+00,1.0000000000e+00,3.3488000307e-03
-5.4205078940e-01,-9.6013531583e-01,-1.5000000596e-01,0.0000000000e+00,0.0000000000e+00,-1.0000000000e+00,3.6608000336e-03
-8.0303493904e-01,2.2399086576e-02,-1.5000000596e-01,0.0000000000e+00,0.0000000000e+00,-1.0000000000e+00,3.9000000358e-03
-1.5624353035e-01,-3.9435361322e-01,1.5000000596e-01,0.0000000000e+00,0.0000000000e+00,1.0000000000e+00,4.1912000384e-03
1.4280721155e-01,4.5846937531e-01,1.5000000596e-01,0.0000000000e+00,-0.0000000000e+00,1.0000000000e+00,3.5152000322e-03
-6.4396927619e-01,1.3785472789e-01,1.5000000596e-01,0.0000000000e+00,0.0000000000e+00,1.0000000000e+00,2.9432000270e-03
5.1086998274e-01,8.6435016027e-02,1.5000000596e-01,0.0000000000e+00,-0.0000000000e+00,1.0000000000e+00,3.5048000321e-03
5.2104707669e-01,5.8003393869e-01,-1.5000000596e-01,0.0000000000e+00,0.0000000000e+00,-1.0000000000e+00,3.1824000292e-03
4.3512649737e-03,-9.7294548384e-01,-1.5000000596e-01,0.0000000000e+00,0.0000000000e+00,-1.0000000000e+00,3.4424000316e-03
-1.0000000000e+00,3.2795770794e-01,1.4452431075e-01,-1.0000000000e+00,0.0000000000e+00,0.0000000000e+00,3.2656000299e-03
-1.0000000000e+00,-9.8326711621e-01,4.6170658880e-02,-1.0000000000e+00,-0.0000000000e+00,-0.0000000000e+00,4.4720000410e-03
-5.5673006400e-01,2.8060831252e-01,1.5000000596e-01,0.0000000000e+00,0.0000000000e+00,1.0000000000e+00,3.8168000350e-03
-4.3782677366e-01,8.7012112137e-01,-1.5000000596e-01,0.0000000000e+00,0.0000000000e+00,-1.0000000000e+00,3.4736000319e-03
-8.1945481801e-01,1.9704561985e-01,-1.5000000596e-01,0.0000000000e+00,0.0000000000e+00,-1.0000000000e+00,2.9952000275e-03
-5.4169566744e-01,-7.6837344498e-01,-1.5000000596e-01,0.0000000000e+00,0.0000000000e+00,-1.0000000000e+00,3.4424000316e-03
-2.2654418331e-01,-5.9591515400e-01,1.5000000596e-01,0.0000000000e+00,0.0000000000e+00,1.0000000000e+00,2.9432000270e-03
-8.9648086788e-01,-1.7503823869e-01,-1.5000000596e-01,0.0000000000e+00,0.0000000000e+00,-1.0000000000e+00,2.6416000242e-03
-1.3724412242e-01,-3.5182181048e-01,-1.5000000596e-01,0.0000000000e+00,0.0000000000e+00,-1.0000000000e+00,3.7440000343e-03
5.3775645113e-01,9.2271093588e-01,-1.5000000596e-01,0.0000000000e+00,0.0000000000e+00,-1.0000000000e+00,3.2448000298e-03
-3.4081098004e-01,6.1409264106e-01,1.5000000596e-01,0.0000000000e+00,-0.0000000000e+00,1.0000000000e+00,3.3696000309e-03
1.0000000000e+00,-3.3604480998e-01,1.3336325672e-01,1.0000000000e+00,0.0000000000e+00,-0.0000000000e+00,4.3056000395e-03
3.3172353911e-01,7.5390661648e-02,-1.5000000596e-01,0.0000000000e+00,0.0000000000e+00,-1.0000000000e+00,4.1912000384e-03
8.2006981759e-01,-6.7419137658e-02,1.5000000596e-01,0.0000000000e+00,-0.0000000000e+00,1.0000000000e+00,3.3488000307e-03
-5.8366183602e-01,-4.8149063307e-01,-1.5000000596e-01,0.0000000000e+00,0.0000000000e+00,-1.0000000000e+00,4.2432000389e-03
-3.6003070861e-01,-4.8040805999e-01,1.5000000596e-01,0.0000000000e+00,0.0000000000e+00,1.0000000000e+00,3.7648000345e-03
-2.2982157943e-01,8.5118875790e-01,-1.5000000596e-01,0.0000000000e+00,0.0000000000e+00,-1.0000000000e+00,3.3280000305e-03
3.1106601872e-01,5.0213645203e-01,-1.5000000596e-01,0.0000000000e+00,0.0000000000e+00,-1.0000000000e+00,3.9832000365e-03
-1.0000000000e+00,-7.2945095786e-01,3.6883122357e-02,-1.0000000000e+00,-0.0000000000e+00,-0.0000000000e+00,3.2864000301e-03
-1.0000000000e+00,-2.9101173029e-02,1.4903853225e-01,-1.0000000000e+00,0.0000000000e+00,0.0000000000e+00,3.0992000284e-03
5.6307503271e-01,4.3145408401e-01,-1.5000000596e-01,0.0000000000e+00,0.0000000000e+00,-1.0000000000e+00,3.9104000359e-03
-6.7963339311e-01,-3.3423081808e-01,-1.5000000596e-01,0.0000000000e+00,0.0000000000e+00,-1.0000000000e+00,3.2760000300e-03
3.7806932974e-01,-7.0306586542e-01,-1.5000000596e-01,0.0000000000e+00,0.0000000000e+00,-1.0000000000e+00,4.5240000415e-03
-5.2051492520e-01,-1.0000000000e+00,-1.2389898600e-01,0.0000000000e+00,-1.0000000000e+00,0.0000000000e+00,4.7008000431e-03
-8.2304822980e-01,-4.6783237712e-01,1.5000000596e-01,0.0000000000e+00,0.0000000000e+00,1.0000000000e+00,3.6088000331e-03
4.4184013791e-01,-6.4291402602e-01,-1.5000000596e-01,0.0000000000e+00,0.0000000000e+00,-1.0000000000e+00,3.7232000341e-03
4.3956106491e-01,-7.8377978189e-01,1.5000000596e-01,0.0000000000e+00,0.0000000000e+00,1.0000000000e+00,3.6920000339e-03
-3.4435824222e-01,1.3302887738e-02,-1.5000000596e-01,0.0000000000e+00,0.0000000000e+00,-1.0000000000e+00,3.3384000306e-03
-3.5239179095e-01,3.6032818626e-01,-1.5000000596e-01,0.0000000000e+00,0.0000000000e+00,-1.0000000000e+00,4.2536000390e-03
7.5069508846e-01,8.1831956869e-01,1.5000000596e-01,0.0000000000e+00,-0.0000000000e+00,1.0000000000e+00,2.4752000227e-03
-7.3357849669e-01,-1.3256754760e-01,1.5000000596e-01,0.0000000000e+00,0.0000000000e+00,1.0000000000e+00,2.7872000256e-03
8.7988736418e-01,-6.4208528561e-01,1.5000000596e-01,0.0000000000e+00,-0.0000000000e+00,1.0000000000e+00,4.5864000421e-03
9.0349019000e-01,-3.6279101350e-01,-1.5000000596e-01,0.0000000000e+00,0.0000000000e+00,-1.0000000000e+00,4.1808000383e-03
7.8662671777e-01,6.7552446351e-01,1.5000000596e-01,0.0000000000e+00,-0.0000000000e+00,1.0000000000e+00,3.5568000326e-03
-9.3437358897e-01,1.5945065882e-01,1.5000000596e-01,0.0000000000e+00,0.0000000000e+00,1.0000000000e+00,3.0888000283e-03
1.0000000000e+00,-9.8533021829e-01,4.1512263240e-02,1.0000000000e+00,0.0000000000e+00,-0.0000000000e+00,3.2656000299e-03
-6.0119667971e-01,-9.2951882827e-01,1.5000000596e-01,0.0000000000e+00,0.0000000000e+00,1.0000000000e+00,3.8064000349e-03
7.7418189016e-01,-2.9371311515e-01,1.5000000596e-01,0.0000000000e+00,-0.0000000000e+00,1.0000000000e+00,4.3576000400e-03
1.7706105059e-01,-6.3256128626e-01,1.5000000596e-01,0.0000000000e+00,0.0000000000e+00,1.0000000000e+00,4.3784000401e-03
-1.0000000000e+00,3.9899529032e-01,2.9210088751e-02,-1.0000000000e+00,0.0000000000e+00,0.0000000000e+00,3.1512000289e-03
2.4235345964e-02,-5.8115737500e-01,-1.5000000596e-01,0.0000000000e+00,0.0000000000e+00,-1.0000000000e+00,3.8584000354e-03
-9.2672741461e-01,-4.1208291133e-01,-1.5000000596e-01,0.0000000000e+00,0.0000000000e+00,-1.0000000000e+00,4.0456000371e-03
-8.9443880797e-01,3.5758865241e-02,1.5000000596e-01,0.0000000000e+00,0.0000000000e+00,1.0000000000e+00,2.5584000235e-03
-9.1245947293e-02,-4.2251997381e-01,1.5000000596e-01,0.0000000000e+00,0.0000000000e+00,1.0000000000e+00,4.2120000386e-03
7.7316494353e-01,-9.5782763763e-01,1.5000000596e-01,0.0000000000e+00,0.0000000000e+00,1.0000000000e+00,4.8360000443e-03
-9.1755249913e-01,2.2475181377e-01,1.5000000596e-01,0.0000000000e+00,0.0000000000e+00,1.0000000000e+00,4.0872000375e-03
-2.1659343517e-01,-3.3688738926e-01,1.5000000596e-01,0.0000000000e+00,0.0000000000e+00,1.0000000000e+00,4.2432000389e-03
3.2843457858e-01,-1.5417458439e-01,1.5000000596e-01,0.0000000000e+00,-0.0000000000e+00,1.0000000000e+00,2.6936000247e-03
-2.2986938785e-01,-6.4234197274e-01,1.5000000596e-01,0.0000000000e+00,0.0000000000e+00,1.0000000000e+00,3.1928000293e-03
5.3622918876e-01,4.2008361911e-01,1.5000000596e-01,0.0000000000e+00,-0.0000000000e+00,1.0000000000e+00,3.1616000290e-03
5.5524306394e-01,6.4543211219e-01,1.5000000596e-01,0.0000000000e+00,-0.0000000000e+00,1.0000000000e+00,3.1304000287e-03
6.2630939902e-01,9.3835912708e-01,1.5000000596e-01,0.0000000000e+00,-0.0000000000e+00,1.0000000000e+00,4.2744000392e-03
-4.5905458639e-01,-4.1047418645e-02,-1.5000000596e-01,0.0000000000e+00,0.0000000000e+00,-1.0000000000e+00,3.6920000339e-03
-6.4207980145e-01,-6.8994024404e-01,-1.5000000596e-01,0.0000000000e+00,0.0000000000e+00,-1.0000000000e+00,2.3296000214e-03
-9.8731510813e-01,1.3063238152e-01,1.5000000596e-01,0.0000000000e+00,0.0000000000e+00,1.0000000000e+00,4.3888000402e-03
-1.4814605149e-02,7.7099943077e-01,-1.5000000596e-01,0.0000000000e+00,0.0000000000e+00,-1.0000000000e+00,2.7664000254e-03
9.0974956644e-01,-2.8615377631e-01,-1.5000000596e-01,0.0000000000e+00,0.0000000000e+00,-1.0000000000e+00,2.9640000272e-03
1.1297734191e-01,6.3020676806e-01,1.5000000596e-01,0.0000000000e+00,-0.0000000000e+00,1.0000000000e+00,3.1096000285e-03
-2.7778134721e-02,-5.9001997977e-02,1.5000000596e-01,0.0000000000e+00,0.0000000000e+00,1.0000000000e+00,2.9640000272e-03
9.6268209995e-01,7.6386475518e-01,-1.5000000596e-01,0.0000000000e+00,0.0000000000e+00,-1.0000000000e+00,3.9936000366e-03
5.6828663789e-01,1.0000000000e+00,-1.6598942026e-02,0.0000000000e+00,1.0000000000e+00,-0.0000000000e+00,3.1720000291e-03
1.0000000000e+00,1.2585224001e-01,-1.4226129567e-01,1.0000000000e+00,0.0000000000e+00,0.0000000000e+00,4.3160000396e-03
-4.0037064545e-01,1.0000000000e+00,-7.0402844507e-02,0.0000000000e+00,1.0000000000e+00,-0.0000000000e+00,3.9312000360e-03
-5.6502598787e-01,-2.8411082993e-01,-1.5000000596e-01,0.0000000000e+00,0.0000000000e+00,-1.0000000000e+00,3.5256000323e-03
-6.8321077684e-02,5.9374896545e-01,-1.5000000596e-01,0.0000000000e+00,0.0000000000e+00,-1.0000000000e+00,4.0560000372e-03
-9.6784290665e-01,-7.8918597685e-01,1.5000000596e-01,0.0000000000e+00,0.0000000000e+00,1.0000000000e+00,4.2536000390e-03
3.1549826881e-01,-5.9780287032e-01,1.5000000596e-01,0.0000000000e+00,0.0000000000e+00,1.0000000000e+00,3.5776000328e-03
8.7438110722e-01,-6.1047386223e-02,-1.5000000596e-01,0.0000000000e+00,0.0000000000e+00,-1.0000000000e+00,3.4320000315e-03
-4.8685310320e-01,-4.4480633548e-01,-1.5000000596e-01,0.0000000000e+00,0.0000000000e+00,-1.0000000000e+00,3.1304000287e-03
-3.6902544520e-02,5.6818603141e-01,1.5000000596e-01,0.0000000000e+00,-0.0000000000e+00,1.0000000000e+00,4.4200000405e-03
-1.4593947199e-01,-4.2523902304e-01,-1.5000000596e-01,0.0000000000e+00,0.0000000000e+00,-1.0000000000e+00,3.8272000351e-03
9.1143176643e-01,-8.2349988376e-01,1.5000000596e-01,0.0000000000e+00,-0.0000000000e+00,1.0000000000e+00,4.1808000383e-03
1.7654666921e-01,-1.0000000000e+00,6.6967475568e-02,0.0000000000e+00,-1.0000000000e+00,0.0000000000e+00,3.2968000302e-03
2.5784254724e-01,-9.9282177929e-01,-1.5000000596e-01,0.0000000000e+00,0.0000000000e+00,-1.0000000000e+00,3.6088000331e-03
-8.3281283103e-01,-6.4247231241e-01,1.5000000596e-01,0.0000000000e+00,0.0000000000e+00,1.0000000000e+00,3.6712000337e-03
2.1839702062e-01,-1.0000000000e+00,-4.6840650521e-02,0.0000000000e+00,-1.0000000000e+00,0.0000000000e+00,3.3592000308e-03
9.2189042467e-01,4.4903923906e-01,1.5000000596e-01,0.0000000000e+00,-0.0000000000e+00,1.0000000000e+00,3.4840000319e-03
5.4875969129e-01,-7.5930431253e-01,1.5000000596e-01,0.0000000000e+00,0.0000000000e+00,1.0000000000e+00,3.1720000291e-03
-1.1875588577e-01,9.1217185016e-01,-1.5000000596e-01,0.0000000000e+00,0.0000000000e+00,-1.0000000000e+00,3.2344000297e-03
8.3207683550e-01,2.0646819688e-01,-1.5000000596e-01,0.0000000000e+00,0.0000000000e+00,-1.0000000000e+00,5.0336000462e-03
9.0633320920e-01,1.0473840789e-01,1.5000000596e-01,0.0000000000e+00,-0.0000000000e+00,1.0000000000e+00,3.5048000321e-03
3.3538380755e-01,7.1423404374e-01,-1.5000000596e-01,0.0000000000e+00,0.0000000000e+00,-1.0000000000e+00,2.4648000226e-03
-1.4952237140e-01,6.2424979359e-01,-1.5000000596e-01,0.0000000000e+00,0.0000000000e+00,-1.0000000000e+00,3.8688000355e-03
-1.3678901345e-01,-9.5848962460e-01,-1.5000000596e-01,0.0000000000e+00,0.0000000000e+00,-1.0000000000e+00,4.2952000394e-03
6.2839573208e-01,8.7473760887e-01,1.5000000596e-01,0.0000000000e+00,-0.0000000000e+00,1.0000000000e+00,3.9000000358e-03
-1.7132293996e-01,9.0196710219e-01,-1.5000000596e-01,0.0000000000e+00,0.0000000000e+00,-1.0000000000e+00,3.6400000334e-03
2.9767579285e-01,-7.9101461429e-01,-1.5000000596e-01,0.0000000000e+00,0.0000000000e+00,-1.0000000000e+00,3.9208000360e-03
1.0000000000e+00,8.3356752102e-01,5.7957106601e-02,1.0000000000e+00,0.0000000000e+00,0.0000000000e+00,3.2864000301e-03
-7.3018464307e-01,5.1872421371e-01,-1.5000000596e-01,0.0000000000e+00,0.0000000000e+00,-1.0000000000e+00,4.2848000393e-03
6.5363666694e-03,9.5916982476e-01,-1.5000000596e-01,0.0000000000e+00,0.0000000000e+00,-1.0000000000e+00,3.1512000289e-03
1.0000000000e+00,-4.6099474123e-01,-8.2562302747e-02,1.0000000000e+00,0.0000000000e+00,0.0000000000e+00,3.3280000305e-03
-1.0000000000e+00,-4.5281661222e-02,-8.3012039728e-03,-1.0000000000e+00,-0.0000000000e+00,-0.0000000000e+00,3.4216000314e-03
1.1940759036e-01,2.4414711677e-01,1.5000000596e-01,0.0000000000e+00,-0.0000000000e+00,1.0000000000e+00,3.7752000346e-03
-6.3766072694e-01,-1.0199378354e-01,1.5000000596e-01,0.0000000000e+00,0.0000000000e+00,1.0000000000e+00,2.6104000239e-03
-7.9953164335e-01,9.9191279982e-02,1.5000000596e-01,0.0000000000e+00,0.0000000000e+00,1.0000000000e+00,4.2536000390e-03
4.6365703380e-01,-8.9592517571e-01,-1.5000000596e-01,0.0000000000e+00,0.0000000000e+00,-1.0000000000e+00,3.2656000299e-03
-4.4606037773e-01,-3.6922652805e-01,-1.5000000596e-01,0.0000000000e+00,0.0000000000e+00,-1.0000000000e+00,2.3920000219e-03
7.4190166745e-01,-9.3720252554e-01,-1.5000000596e-01,0.0000000000e+00,0.0000000000e+00,-1.0000000000e+00,3.5880000329e-03
-1.0000000000e+00,-9.1068841072e-01,1.0409954788e-01,-1.0000000000e+00,-0.0000000000e+00,-0.0000000000e+00,4.5552000418e-03
-2.3993003553e-01,-8.1722418468e-01,1.5000000596e-01,0.0000000000e+00,0.0000000000e+00,1.0000000000e+00,3.4216000314e-03
-1.0442549846e-01,3.9623750852e-01,-1.5000000596e-01,0.0000000000e+00,0.0000000000e+00,-1.0000000000e+00,3.5464000325e-03
1.5624020200e-01,9.4416407501e-01,-1.5000000596e-01,0.0000000000e+00,0.0000000000e+00,-1.0000000000e+00,3.6296000333e-03
5.6972241031e-01,-8.6887153937e-01,-1.5000000596e-01,0.0000000000e+00,0.0000000000e+00,-1.0000000000e+00,3.4216000314e-03
1.0000000000e+00,-3.4750524387e-01,-1.1327117260e-01,1.0000000000e+00,0.0000000000e+00,0.0000000000e+00,2.9328000269e-03
-1.6634300745e-01,4.5223519081e-01,-1.5000000596e-01,0.0000000000e+00,0.0000000000e+00,-1.0000000000e+00,4.0976000376e-03
-1.6116726789e-01,-3.0075414988e-01,-1.5000000596e-01,0.0000000000e+00,0.0000000000e+00,-1.0000000000e+00,3.5672000327e-03
8.0461467353e-02,1.0000000000e+00,-6.4722323877e-02,0.0000000000e+00,1.0000000000e+00,-0.0000000000e+00,3.7648000345e-03
9.3921485070e-01,-8.7852860805e-01,-1.5000000596e-01,0.0000000000e+00,0.0000000000e+00,-1.0000000000e+00,2.3400000215e-03
-9.4218322372e-01,2.6684056542e-01,-1.5000000596e-01,0.0000000000e+00,0.0000000000e+00,-1.0000000000e+00,2.4752000227e-03
9.2042237539e-02,2.0010085891e-02,-1.5000000596e-01,0.0000000000e+00,0.0000000000e+00,-1.0000000000e+00,2.7560000253e-03
3.1298170894e-01,-4.4661987242e-01,-1.5000000596e-01,0.0000000000e+00,0.0000000000e+00,-1.0000000000e+00,3.3280000305e-03
9.5982649558e-01,-9.7967377626e-01,-1.5000000596e-01,0.0000000000e+00,0.0000000000e+00,-1.0000000000e+00,3.8896000357e-03
9.3395669018e-01,-4.6327022022e-01,1.5000000596e-01,0.0000000000e+00,-0.0000000000e+00,1.0000000000e+00,3.7440000343e-03
5.5703947809e-02,7.2616783426e-01,-1.5000000596e-01,0.0000000000e+00,0.0000000000e+00,-1.0000000000e+00,4.1912000384e-03
-3.4198164030e-01,-4.1600799443e-01,-1.5000000596e-01,0.0000000000e+00,0.0000000000e+00,-1.0000000000e+00,4.5032000413e-03
7.5711106057e-01,4.1466813557e-01,-1.5000000596e-01,0.0000000000e+00,0.0000000000e+00,-1.0000000000e+00,4.0664000373e-03
1.6828321779e-01,6.7047037612e-01,1.5000000596e-01,0.0000000000e+00,-0.0000000000e+00,1.0000000000e+00,3.1304000287e-03
9.7225047669e-01,-4.5563163898e-01,-1.5000000596e-01,0.0000000000e+00,0.0000000000e+00,-1.0000000000e+00,4.4096000404e-03
3.4906928747e-01,7.9304102785e-01,1.5000000596e-01,0.0000000000e+00,-0.0000000000e+00,1.0000000000e+00,2.9120000267e-03
-5.7088375614e-01,2.9458114365e-02,1.5000000596e-01,0.0000000000e+00,0.0000000000e+00,1.0000000000e+00,3.2760000300e-03
5.5227965422e-01,-3.7253332538e-01,-1.5000000596e-01,0.0000000000e+00,0.0000000000e+00,-1.0000000000e+00,3.5256000323e-03
1.0000000000e+00,-2.7767299104e-01,-1.0217591761e-01,1.0000000000e+00,0.0000000000e+00,0.0000000000e+00,2.6208000240e-03
-5.2235578283e-01,-6.4815444431e-01,1.5000000596e-01,0.0000000000e+00,0.0000000000e+00,1.0000000000e+00,3.8896000357e-03
9.0824401326e-01,1.6224084757e-01,1.5000000596e-01,0.0000000000e+00,-0.0000000000e+00,1.0000000000e+00,3.4320000315e-03
-7.6814733792e-01,-1.3353399500e-01,-1.5000000596e-01,0.0000000000e+00,0.0000000000e+00,-1.0000000000e+00,2.7456000252e-03
5.4708224985e-01,7.1471598233e-01,1.5000000596e-01,0.0000000000e+00,-0.0000000000e+00,1.0000000000e+00,3.8064000349e-03
7.5811053058e-01,2.9118111575e-01,1.5000000596e-01,0.0000000000e+00,-0.0000000000e+00,1.0000000000e+00,3.7024000340e-03
-6.2956355677e-03,-3.9413540405e-01,1.5000000596e-01,0.0000000000e+00,0.0000000000e+00,1.0000000000e+00,2.4024000220e-03
-6.8836095842e-01,2.3053780983e-02,-1.5000000596e-01,0.0000000000e+00,0.0000000000e+00,-1.0000000000e+00,3.4840000319e-03
-8.9552898441e-01,3.8195600482e-01,-1.5000000596e-01,0.0000000000e+00,0.0000000000e+00,-1.0000000000e+00,3.3384000306e-03
-4.7837284510e-02,9.8002573743e-02,1.5000000596e-01,0.0000000000e+00,-0.0000000000e+00,1.0000000000e+00,3.9104000359e-03
-9.1362658105e-01,6.3228748320e-01,1.5000000596e-01,0.0000000000e+00,0.0000000000e+00,1.0000000000e+00,3.4008000312e-03
8.3852545741e-01,-7.2248120640e-01,1.5000000596e-01,0.0000000000e+00,-0.0000000000e+00,1.0000000000e+00,4.0976000376e-03
6.3485056401e-01,-1.0000000000e+00,-5.9544627586e-03,0.0000000000e+00,-1.0000000000e+00,0.0000000000e+00,2.9432000270e-03
-8.4477063898e-01,1.2822122103e-01,1.5000000596e-01,0.0000000000e+00,0.0000000000e+00,1.0000000000e+00,3.7856000347e-03
7.1339297190e-01,-1.4055647204e-01,-1.5000000596e-01,0.0000000000e+00,0.0000000000e+00,-1.0000000000e+00,2.3296000214e-03
-9.2902110674e-01,-9.8980886157e-01,-1.5000000596e-01,0.0000000000e+00,0.0000000000e+00,-1.0000000000e+00,3.6816000338e-03
-8.5674291322e-01,5.6185065670e-02,-1.5000000596e-01,0.0000000000e+00,0.0000000000e+00,-1.0000000000e+00,2.6728000245e-03
-2.7615673724e-01,-8.7651651203e-01,-1.5000000596e-01,0.0000000000e+00,0.0000000000e+00,-1.0000000000e+00,2.5792000237e-03
8.1467589865e-01,9.7325443792e-02,1.5000000596e-01,0.0000000000e+00,-0.0000000000e+00,1.0000000000e+00,3.9000000358e-03
8.6638457008e-01,-2.9861383793e-01,-1.5000000596e-01,0.0000000000e+00,0.0000000000e+00,-1.0000000000e+00,2.6624000244e-03
-6.0985429699e-01,-4.0288613814e-01,1.5000000596e-01,0.0000000000e+00,0.0000000000e+00,1.0000000000e+00,3.2344000297e-03
7.0402261867e-01,6.8188957927e-01,-1.5000000596e-01,0.0000000000e+00,0.0000000000e+00,-1.0000000000e+00,3.5360000324e-03
-8.7779902946e-01,-5.8502210293e-01,1.5000000596e-01,0.0000000000e+00,0.0000000000e+00,1.0000000000e+00,3.3592000308e-03
-5.1428787776e-01,-3.3124950598e-01,-1.5000000596e-01,0.0000000000e+00,0.0000000000e+00,-1.0000000000e+00,4.5968000422e-03
1.0000000000e+00,-7.5951257498e-01,-1.0068567919e-01,1.0000000000e+00,0.0000000000e+00,-0.0000000000e+00,3.6920000339e-03
-5.2341061419e-01,-7.3010430554e-01,1.5000000596e-01,0.0000000000e+00,0.0000000000e+00,1.0000000000e+00,3.2552000299e-03
-1.0000000000e+00,5.1456347278e-01,1.4281783850e-03,-1.0000000000e+00,0.0000000000e+00,0.0000000000e+00,3.7752000346e-03
-7.5390238052e-01,-5.0244747355e-01,-1.5000000596e-01,0.0000000000e+00,0.0000000000e+00,-1.0000000000e+00,2.9432000270e-03
4.5060535445e-01,-7.0866817512e-01,-1.5000000596e-01,0.0000000000e+00,0.0000000000e+00,-1.0000000000e+00,4.1496000381e-03
3.3525389258e-02,3.8174331334e-01,1.5000000596e-01,0.0000000000e+00,-0.0000000000e+00,1.0000000000e+00,3.3280000305e-03
6.5031169145e-01,1.0000000000e+00,1.5839153774e-02,0.0000000000e+00,1.0000000000e+00,-0.0000000000e+00,3.2864000301e-03
-5.6596393071e-02,6.4455106026e-01,1.5000000596e-01,0.0000000000e+00,-0.0000000000e+00,1.0000000000e+00,4.0560000372e-03
7.2418475349e-01,-8.6161955176e-01,1.5000000596e-01,0.0000000000e+00,0.0000000000e+00,1.0000000000e+00,3.1824000292e-03
1.4362813897e-02,-6.0579753894e-01,1.5000000596e-01,0.0000000000e+00,0.0000000000e+00,1.0000000000e+00,3.3176000304e-03
-4.9594533017e-01,-2.5080263093e-03,-1.5000000596e-01,0.0000000000e+00,0.0000000000e+00,-1.0000000000e+00,3.8168000350e-03
1.0000000000e+00,5.4437105438e-01,-6.5086181989e-02,1.0000000000e+00,0.0000000000e+00,0.0000000000e+00,2.5896000237e-03
1.0000000000e+00,-5.9156284141e-02,-8.6996044870e-02,1.0000000000e+00,0.0000000000e+00,0.0000000000e+00,3.4736000319e-03
-1.0000000000e+00,2.3036249035e-01,-1.6894538282e-02,-1.0000000000e+00,0.0000000000e+00,0.0000000000e+00,3.4216000314e-03
-4.9950419411e-02,1.0417066160e-02,-1.5000000596e-01,0.0000000000e+00,0.0000000000e+00,-1.0000000000e+00,3.7856000347e-03
-1.0000000000e+00,-4.8245486787e-01,-1.4007735605e-01,-1.0000000000e+00,-0.0000000000e+00,-0.0000000000e+00,3.8480000353e-03
-1.0000000000e+00,8.9961099362e-01,4.8218324744e-02,-1.0000000000e+00,0.0000000000e+00,0.0000000000e+00,3.8168000350e-03
1.0072841827e-01,2.0079119480e-01,1.5000000596e-01,0.0000000000e+00,-0.0000000000e+00,1.0000000000e+00,3.5464000325e-03
-8.9968001823e-01,7.4616327617e-01,-1.5000000596e-01,0.0000000000e+00,0.0000000000e+00,-1.0000000000e+00,3.1616000290e-03
-6.2328394371e-01,9.3302696540e-01,1.5000000596e-01,0.0000000000e+00,-0.0000000000e+00,1.0000000000e+00,4.1288000379e-03
9.3318383139e-01,7.3061632289e-01,1.5000000596e-01,0.0000000000e+00,-0.0000000000e+00,1.0000000000e+00,4.1392000380e-03
-1.0000000000e+00,3.2062066275e-01,-9.6372014861e-02,-1.0000000000e+00,-0.0000000000e+00,-0.0000000000e+00,2.6208000240e-03
6.4283638259e-01,1.3158876884e-01,-1.5000000596e-01,0.0000000000e+00,0.0000000000e+00,-1.0000000000e+00,4.4200000405e-03
-7.7717202464e-01,3.9185889972e-01,1.5000000596e-01,0.0000000000e+00,0.0000000000e+00,1.0000000000e+00,3.6712000337e-03
-8.7028034434e-01,-6.6144224981e-01,-1.5000000596e-01,0.0000000000e+00,0.0000000000e+00,-1.0000000000e+00,3.0992000284e-03
1.5721426058e-01,2.3853520887e-01,-1.5000000596e-01,0.0000000000e+00,0.0000000000e+00,-1.0000000000e+00,2.9744000273e-03
2.4992624723e-01,-7.4089630694e-01,1.5000000596e-01,0.0000000000e+00,0.0000000000e+00,1.0000000000e+00,3.7024000340e-03
2.8586116508e-01,-1.0000000000e+00,1.2856975619e-03,0.0000000000e+00,-1.0000000000e+00,0.0000000000e+00,3.8480000353e-03
2.1524039637e-01,2.3861413129e-01,-1.5000000596e-01,0.0000000000e+00,0.0000000000e+00,-1.0000000000e+00,3.1720000291e-03
1.0000000000e+00,-8.4266283669e-01,1.2271296177e-01,1.0000000000e+00,0.0000000000e+00,-0.0000000000e+00,4.3160000396e-03
-9.3848889261e-01,3.9482457011e-01,1.5000000596e-01,0.0000000000e+00,0.0000000000e+00,1.0000000000e+00,3.4216000314e-03
-3.8753285999e-01,-2.9103539056e-01,-1.5000000596e-01,0.0000000000e+00,0.0000000000e+00,-1.0000000000e+00,3.2760000300e-03
4.6642580845e-01,-1.0000000000e+00,-2.6641663817e-02,0.0000000000e+00,-1.0000000000e+00,0.0000000000e+00,3.7128000340e-03
9.0808014923e-01,-1.7698808134e-01,1.5000000596e-01,0.0000000000e+00,-0.0000000000e+00,1.0000000000e+00,3.8376000352e-03
-6.5472477404e-01,5.8427279050e-01,-1.5000000596e-01,0.0000000000e+00,0.0000000000e+00,-1.0000000000e+00,2.5168000231e-03
-2.0358886480e-01,-3.9167676980e-01,-1.5000000596e-01,0.0000000000e+00,0.0000000000e+00,-1.0000000000e+00,3.8376000352e-03
-3.1727906277e-01,2.2592905492e-01,-1.5000000596e-01,0.0000000000e+00,0.0000000000e+00,-1.0000000000e+00,3.0160000277e-03
-5.8277195605e-01,1.8827631790e-01,-1.5000000596e-01,0.0000000000e+00,0.0000000000e+00,-1.0000000000e+00,3.0368000278e-03
2.7539696145e-01,-2.3166406561e-01,1.5000000596e-01,0.0000000000e+00,-0.0000000000e+00,1.0000000000e+00,2.9016000266e-03
8.3055679933e-01,4.7117413429e-01,1.5000000596e-01,0.0000000000e+00,-0.0000000000e+00,1.0000000000e+00,2.9328000269e-03
1.0000000000e+00,-9.9199082127e-01,1.0738813374e-01,1.0000000000e+00,0.0000000000e+00,-0.0000000000e+00,3.3384000306e-03
3.1664658281e-01,1.7467737517e-01,1.5000000596e-01,0.0000000000e+00,-0.0000000000e+00,1.0000000000e+00,3.3176000304e-03
-4.3560963237e-01,1.7012709344e-01,-1.5000000596e-01,0.0000000000e+00,0.0000000000e+00,-1.0000000000e+00,3.1304000287e-03
7.0214979863e-01,9.5986063107e-01,1.5000000596e-01,0.0000000000e+00,-0.0000000000e+00,1.0000000000e+00,3.5568000326e-03
-7.5945371032e-01,1.0000000000e+00,1.4387907223e-01,0.0000000000e+00,1.0000000000e+00,-0.0000000000e+00,3.5880000329e-03
-1.0000000000e+00,-1.8915552187e-01,-1.4247048265e-01,-1.0000000000e+00,-0.0000000000e+00,-0.0000000000e+00,3.3904000311e-03
-3.4856693079e-02,9.6121447130e-01,1.5000000596e-01,0.0000000000e+00,-0.0000000000e+00,1.0000000000e+00,3.5464000325e-03
7.4571228400e-01,-2.2239432355e-01,1.5000000596e-01,0.0000000000e+00,-0.0000000000e+00,1.0000000000e+00,3.8896000357e-03
1.8202683125e-01,-9.3928507215e-01,-1.5000000596e-01,0.0000000000e+00,0.0000000000e+00,-1.0000000000e+00,3.3592000308e-03
-3.6017794518e-02,1.0638686142e-01,-1.5000000596e-01,0.0000000000e+00,0.0000000000e+00,-1.0000000000e+00,4.3160000396e-03
5.2562173626e-01,-1.0000000000e+00,8.7280555772e-02,0.0000000000e+00,-1.0000000000e+00,0.0000000000e+00,3.7544000344e-03
-4.9218025366e-01,9.8867929706e-01,-1.5000000596e-01,0.0000000000e+00,0.0000000000e+00,-1.0000000000e+00,3.6920000339e-03
7.9025055875e-01,6.0497031487e-01,1.5000000596e-01,0.0000000000e+00,-0.0000000000e+00,1.0000000000e+00,3.9416000361e-03
8.4015782985e-01,3.6549210070e-01,-1.5000000596e-01,0.0000000000e+00,0.0000000000e+00,-1.0000000000e+00,3.5880000329e-03
-9.1914691233e-02,9.9050912339e-01,1.5000000596e-01,0.0000000000e+00,-0.0000000000e+00,1.0000000000e+00,4.3784000401e-03
1.5575947051e-01,1.0000000000e+00,-9.2446420804e-02,0.0000000000e+00,1.0000000000e+00,-0.0000000000e+00,4.3784000401e-03
9.9823944156e-01,3.9368457843e-01,1.5000000596e-01,0.0000000000e+00,-0.0000000000e+00,1.0000000000e+00,5.0128000460e-03
-9.8561375098e-01,1.2832074221e-01,-1.5000000596e-01,0.0000000000e+00,0.0000000000e+00,-1.0000000000e+00,3.2344000297e-03
-2.0242557861e-01,8.4722162651e-01,1.5000000596e-01,0.0000000000e+00,-0.0000000000e+00,1.0000000000e+00,2.6208000240e-03
-2.1227187903e-01,3.8339979937e-01,1.5000000596e-01,0.0000000000e+00,-0.0000000000e+00,1.0000000000e+00,4.5656000419e-03
9.4716031067e-01,-5.8658224266e-01,-1.5000000596e-01,0.0000000000e+00,0.0000000000e+00,-1.0000000000e+00,3.8272000351e-03
-7.5067366734e-01,3.1144289863e-01,1.5000000596e-01,0.0000000000e+00,0.0000000000e+00,1.0000000000e+00,3.6920000339e-03
6.4387264745e-01,-5.3263822890e-01,1.5000000596e-01,0.0000000000e+00,-0.0000000000e+00,1.0000000000e+00,4.1704000382e-03
-1.1153601648e-01,-5.5397978615e-01,1.5000000596e-01,0.0000000000e+00,0.0000000000e+00,1.0000000000e+00,2.3608000216e-03
3.5992796960e-01,-3.1402870553e-01,-1.5000000596e-01,0.0000000000e+00,0.0000000000e+00,-1.0000000000e+00,2.7976000257e-03
-9.3229119475e-01,-8.3139558639e-01,-1.5000000596e-01,0.0000000000e+00,0.0000000000e+00,-1.0000000000e+00,3.2448000298e-03
-1.0000000000e+00,3.6455955034e-01,-3.4299409308e-02,-1.0000000000e+00,0.0000000000e+00,0.0000000000e+00,2.8392000260e-03
-8.7239374531e-02,-9.8426457028e-01,1.5000000596e-01,0.0000000000e+00,0.0000000000e+00,1.0000000000e+00,4.2016000385e-03
9.3509710187e-01,-7.5734456612e-01,-1.5000000596e-01,0.0000000000e+00,0.0000000000e+00,-1.0000000000e+00,2.5272000232e-03
7.6456457328e-01,-4.1680609181e-01,-1.5000000596e-01,0.0000000000e+00,0.0000000000e+00,-1.0000000000e+00,3.9728000364e-03
1.3976892386e-01,-2.0057390634e-01,-1.5000000596e-01,0.0000000000e+00,0.0000000000e+00,-1.0000000000e+00,3.1512000289e-03
9.8329487933e-01,-1.5172663893e-01,-1.5000000596e-01,0.0000000000e+00,0.0000000000e+00,-1.0000000000e+00,4.5448000417e-03
8.6479337605e-01,-1.0317203029e-01,1.5000000596e-01,0.0000000000e+00,-0.0000000000e+00,1.0000000000e+00,4.4616000409e-03
-6.2961134668e-01,6.4422004183e-01,-1.5000000596e-01,0.0000000000e+00,0.0000000000e+00,-1.0000000000e+00,3.4424000316e-03
-1.0000000000e+00,1.3159013154e-01,3.1256254496e-02,-1.0000000000e+00,0.0000000000e+00,0.0000000000e+00,2.4856000228e-03
-7.1425438336e-01,-9.7523756550e-01,1.5000000596e-01,0.0000000000e+00,0.0000000000e+00,1.0000000000e+00,5.0960000467e-03
-9.3557039527e-02,8.0424703840e-01,-1.5000000596e-01,0.0000000000e+00,0.0000000000e+00,-1.0000000000e+00,2.7768000255e-03
3.8936841995e-01,2.4406021956e-01,1.5000000596e-01,0.0000000000e+00,-0.0000000000e+00,1.0000000000e+00,2.3816000218e-03
9.8562312219e-01,1.0000000000e+00,-1.4080312777e-02,0.0000000000e+00,1.0000000000e+00,-0.0000000000e+00,4.0560000372e-03
1.2164084588e-01,9.1284359618e-01,1.5000000596e-01,0.0000000000e+00,-0.0000000000e+00,1.0000000000e+00,4.4928000412e-03
-4.9700373339e-03,8.8316276848e-01,1.5000000596e-01,0.0000000000e+00,-0.0000000000e+00,1.0000000000e+00,3.9312000360e-03
-7.0637174832e-01,-3.8830591531e-01,-1.5000000596e-01,0.0000000000e+00,0.0000000000e+00,-1.0000000000e+00,3.7960000348e-03
-1.0000000000e+00,-8.5587788388e-01,-7.6508397761e-02,-1.0000000000e+00,-0.0000000000e+00,-0.0000000000e+00,3.6192000332e-03
-1.0000000000e+00,-4.4027165317e-01,-1.0198651148e-01,-1.0000000000e+00,-0.0000000000e+00,-0.0000000000e+00,2.6104000239e-03
-4.6410834297e-01,5.2937640432e-01,-1.5000000596e-01,0.0000000000e+00,0.0000000000e+00,-1.0000000000e+00,3.1096000285e-03
-8.4932421643e-01,5.4360238949e-01,-1.5000000596e-01,0.0000000000e+00,0.0000000000e+00,-1.0000000000e+00,3.3488000307e-03
-7.4785606839e-01,-7.1974250212e-01,-1.5000000596e-01,0.0000000000e+00,0.0000000000e+00,-1.0000000000e+00,2.8600000262e-03
-8.3151312969e-01,9.5963215057e-01,1.5000000596e-01,0.0000000000e+00,-0.0000000000e+00,1.0000000000e+00,3.6088000331e-03
-6.6757889274e-01,-8.3275922625e-01,-1.5000000596e-01,0.0000000000e+00,0.0000000000e+00,-1.0000000000e+00,4.0976000376e-03
-3.2178400886e-01,-6.1806496343e-01,1.5000000596e-01,0.0000000000e+00,0.0000000000e+00,1.0000000000e+00,4.6800000429e-03
3.5296921310e-02,-5.1600300024e-01,1.5000000596e-01,0.0000000000e+00,0.0000000000e+00,1.0000000000e+00,3.7856000347e-03
5.3890702323e-01,-3.3396807244e-01,1.5000000596e-01,0.0000000000e+00,-0.0000000000e+00,1.0000000000e+00,3.7856000347e-03
-7.0615243498e-01,-1.0000000000e+00,-2.0086100383e-02,0.0000000000e+00,-1.0000000000e+00,0.0000000000e+00,3.3072000303e-03
6.2625318066e-02,-9.5176478304e-01,1.5000000596e-01,0.0000000000e+00,0.0000000000e+00,1.0000000000e+00,3.4216000314e-03
1.5047418246e-01,5.6609764150e-01,1.5000000596e-01,0.0000000000e+00,-0.0000000000e+00,1.0000000000e+00,3.4632000318e-03
-3.0236521552e-01,-1.6778281933e-01,1.5000000596e-01,0.0000000000e+00,0.0000000000e+00,1.0000000000e+00,4.7944000440e-03
8.1075135362e-01,-5.2862303678e-01,1.5000000596e-01,0.0000000000e+00,-0.0000000000e+00,1.0000000000e+00,4.6800000429e-03
-2.0075006119e-02,1.0000000000e+00,-7.5689598717e-02,0.0000000000e+00,1.0000000000e+00,-0.0000000000e+00,3.4008000312e-03
-3.2762117607e-01,-1.2541820765e-01,-1.5000000596e-01,0.0000000000e+00,0.0000000000e+00,-1.0000000000e+00,3.0888000283e-03
5.6504551798e-01,-1.0000000000e+00,-1.0037140803e-01,0.0000000000e+00,-1.0000000000e+00,0.0000000000e+00,3.0160000277e-03
-5.6882465402e-01,1.0000000000e+00,-1.8737136661e-02,0.0000000000e+00,1.0000000000e+00,-0.0000000000e+00,3.9208000360e-03
-6.4987286577e-01,6.7161544462e-01,1.5000000596e-01,0.0000000000e+00,-0.0000000000e+00,1.0000000000e+00,3.9104000359e-03
-1.8309354835e-01,-2.5483208532e-01,1.5000000596e-01,0.0000000000e+00,0.0000000000e+00,1.0000000000e+00,4.4720000410e-03
-7.6069183429e-01,-1.8458606432e-01,1.5000000596e-01,0.0000000000e+00,0.0000000000e+00,1.0000000000e+00,2.8496000261e-03
8.0196436066e-01,-6.5860951645e-01,1.5000000596e-01,0.0000000000e+00,-0.0000000000e+00,1.0000000000e+00,3.8480000353e-03
1.7748300317e-01,-1.7789782948e-01,1.5000000596e-01,0.0000000000e+00,0.0000000000e+00,1.0000000000e+00,2.8392000260e-03
-9.6764705209e-01,2.1343003247e-01,-1.5000000596e-01,0.0000000000e+00,0.0000000000e+00,-1.0000000000e+00,4.1288000379e-03
5.9503131228e-01,1.6387583529e-01,-1.5000000596e-01,0.0000000000e+00,0.0000000000e+00,-1.0000000000e+00,3.9936000366e-03
8.8299822344e-01,9.4847052808e-01,-1.5000000596e-01,0.0000000000e+00,0.0000000000e+00,-1.0000000000e+00,4.2120000386e-03
9.6235395733e-01,-8.5662788058e-02,1.5000000596e-01,0.0000000000e+00,-0.0000000000e+00,1.0000000000e+00,3.0992000284e-03
-9.0974974512e-01,5.2372513938e-01,1.5000000596e-01,0.0000000000e+00,0.0000000000e+00,1.0000000000e+00,2.8184000258e-03
4.0720455259e-01,-3.1141595958e-01,1.5000000596e-01,0.0000000000e+00,-0.0000000000e+00,1.0000000000e+00,3.2656000299e-03
-8.3846701468e-01,-3.3204887183e-01,1.5000000596e-01,0.0000000000e+00,0.0000000000e+00,1.0000000000e+00,4.1912000384e-03
-1.0000000000e+00,-3.9434927547e-01,1.3349382305e-01,-1.0000000000e+00,0.0000000000e+00,0.0000000000e+00,4.1704000382e-03
-1.4511355510e-01,-7.9117804873e-01,1.5000000596e-01,0.0000000000e+00,0.0000000000e+00,1.0000000000e+00,2.9744000273e-03
4.1482495695e-01,-3.1138511771e-01,-1.5000000596e-01,0.0000000000e+00,0.0000000000e+00,-1.0000000000e+00,3.5256000323e-03
2.2230271860e-01,5.3629772011e-01,-1.5000000596e-01,0.0000000000e+00,0.0000000000e+00,-1.0000000000e+00,3.3488000307e-03
-1.3342530940e-01,3.6526172800e-01,1.5000000596e-01,0.0000000000e+00,-0.0000000000e+00,1.0000000000e+00,3.5568000326e-03
6.6001392481e-01,-6.6286093067e-01,1.5000000596e-01,0.0000000000e+00,0.0000000000e+00,1.0000000000e+00,3.5464000325e-03
-3.3402548600e-01,-3.2551661963e-02,1.5000000596e-01,0.0000000000e+00,0.0000000000e+00,1.0000000000e+00,2.3296000214e-03
-7.6420399323e-01,-1.0000000000e+00,-1.4085857745e-01,0.0000000000e+00,-1.0000000000e+00,0.0000000000e+00,4.4824000411e-03
1.0000000000e+00,-1.8975940609e-01,1.0585997108e-01,1.0000000000e+00,0.0000000000e+00,-0.0000000000e+00,2.6312000241e-03
-8.6838551795e-02,-9.0398359028e-01,1.5000000596e-01,0.0000000000e+00,0.0000000000e+00,1.0000000000e+00,4.7840000439e-03
-3.3188408552e-01,-3.9147861655e-02,-1.5000000596e-01,0.0000000000e+00,0.0000000000e+00,-1.0000000000e+00,3.4944000320e-03
3.5727548664e-01,1.5055708380e-01,-1.5000000596e-01,0.0000000000e+00,0.0000000000e+00,-1.0000000000e+00,4.5864000421e-03
-8.8579120986e-01,-1.0000000000e+00,-4.8986467351e-02,0.0000000000e+00,-1.0000000000e+00,0.0000000000e+00,3.5880000329e-03
4.8220381325e-02,-4.0010850775e-01,1.5000000596e-01,0.0000000000e+00,0.0000000000e+00,1.0000000000e+00,3.4008000312e-03
3.8518351196e-02,-4.5567397267e-01,-1.5000000596e-01,0.0000000000e+00,0.0000000000e+00,-1.0000000000e+00,3.9416000361e-03
-7.5879711389e-01,3.9546955794e-01,-1.5000000596e-01,0.0000000000e+00,0.0000000000e+00,-1.0000000000e+00,4.8360000443e-03
3.9063731391e-01,9.7994135876e-01,1.5000000596e-01,0.0000000000e+00,-0.0000000000e+00,1.0000000000e+00,3.9832000365e-03
-8.5914191360e-01,-1.2422624381e-01,-1.5000000596e-01,0.0000000000e+00,0.0000000000e+00,-1.0000000000e+00,2.9744000273e-03
-4.5915239923e-01,7.5161594646e-01,-1.5000000596e-01,0.0000000000e+00,0.0000000000e+00,-1.0000000000e+00,3.4008000312e-03
3.4813911265e-01,3.8650872821e-02,1.5000000596e-01,0.0000000000e+00,-0.0000000000e+00,1.0000000000e+00,3.7752000346e-03
-1.9013145164e-01,-6.6960988277e-01,1.5000000596e-01,0.0000000000e+00,0.0000000000e+00,1.0000000000e+00,3.0264000278e-03
-1.4524074486e-01,-7.6052269186e-01,-1.5000000596e-01,0.0000000000e+00,0.0000000000e+00,-1.0000000000e+00,3.3072000303e-03
-1.0000000000e+00,-9.6128028019e-01,-7.3860839521e-02,-1.0000000000e+00,-0.0000000000e+00,-0.0000000000e+00,3.8584000354e-03
-4.7827260588e-01,-4.0163524210e-01,1.5000000596e-01,0.0000000000e+00,0.0000000000e+00,1.0000000000e+00,3.3592000308e-03
-6.0216668612e-01,1.2962862844e-01,-1.5000000596e-01,0.0000000000e+00,0.0000000000e+00,-1.0000000000e+00,2.8392000260e-03
-4.2361042038e-02,2.5986575612e-01,1.5000000596e-01,0.0000000000e+00,-0.0000000000e+00,1.0000000000e+00,3.4736000319e-03
-6.3491255432e-01,8.2914421075e-01,-1.5000000596e-01,0.0000000000e+00,0.0000000000e+00,-1.0000000000e+00,3.9104000359e-03
8.5449282480e-02,5.2918907382e-01,-1.5000000596e-01,0.0000000000e+00,0.0000000000e+00,-1.0000000000e+00,3.7856000347e-03
6.2289108897e-01,4.4717671465e-01,1.5000000596e-01,0.0000000000e+00,-0.0000000000e+00,1.0000000000e+00,3.0784000282e-03
3.9356321362e-01,3.6301888564e-02,-1.5000000596e-01,0.0000000000e+00,0.0000000000e+00,-1.0000000000e+00,3.3072000303e-03
-2.0477609764e-01,-5.1673955459e-01,-1.5000000596e-01,0.0000000000e+00,0.0000000000e+00,-1.0000000000e+00,3.3696000309e-03
-1.0000000000e+00,-2.2514194157e-01,1.2104470105e-01,-1.0000000000e+00,0.0000000000e+00,0.0000000000e+00,4.4512000408e-03
5.5056329295e-02,-6.4608605018e-01,1.5000000596e-01,0.0000000000e+00,0.0000000000e+00,1.0000000000e+00,3.6816000338e-03
2.2818929607e-01,6.2219617598e-01,-1.5000000596e-01,0.0000000000e+00,0.0000000000e+00,-1.0000000000e+00,3.7232000341e-03
-8.2202920540e-01,-1.0000000000e+00,-7.3818069573e-02,0.0000000000e+00,-1.0000000000e+00,0.0000000000e+00,3.0888000283e-03
-4.5622494775e-01,2.7052650470e-01,-1.5000000596e-01,0.0000000000e+00,0.0000000000e+00,-1.0000000000e+00,3.4840000319e-03
9.7115514832e-01,-1.0000000000e+00,-4.3500585026e-02,0.0000000000e+00,-1.0000000000e+00,0.0000000000e+00,3.1512000289e-03
9.1981443581e-01,-7.0351594903e-01,-1.5000000596e-01,0.0000000000e+00,0.0000000000e+00,-1.0000000000e+00,3.8376000352e-03
9.6955495600e-01,1.0000000000e+00,6.2865492069e-02,0.0000000000e+00,1.0000000000e+00,-0.0000000000e+00,4.8672000446e-03
-5.7746263840e-01,6.1576011981e-01,1.5000000596e-01,0.0000000000e+00,-0.0000000000e+00,1.0000000000e+00,3.8688000355e-03
8.9392517609e-01,-3.8112856861e-01,1.5000000596e-01,0.0000000000e+00,-0.0000000000e+00,1.0000000000e+00,3.3280000305e-03
-6.3818796518e-01,2.1396152598e-01,-1.5000000596e-01,0.0000000000e+00,0.0000000000e+00,-1.0000000000e+00,3.4424000316e-03
-5.5652915677e-01,-5.4087727548e-01,1.5000000596e-01,0.0000000000e+00,0.0000000000e+00,1.0000000000e+00,3.9208000360e-03
-2.1822554387e-01,-1.4150268129e-01,-1.5000000596e-01,0.0000000000e+00,0.0000000000e+00,-1.0000000000e+00,3.4840000319e-03
-7.5233937939e-01,9.5462186270e-03,1.5000000596e-01,0.0000000000e+00,0.0000000000e+00,1.0000000000e+00,2.8808000264e-03
-3.9605200647e-01,1.0000000000e+00,1.3263282095e-01,0.0000000000e+00,1.0000000000e+00,-0.0000000000e+00,3.2656000299e-03
4.3553159284e-01,-4.9680366817e-01,1.5000000596e-01,0.0000000000e+00,0.0000000000e+00,1.0000000000e+00,3.2448000298e-03
1.6194839203e-01,5.6531929705e-01,-1.5000000596e-01,0.0000000000e+00,0.0000000000e+00,-1.0000000000e+00,3.8480000353e-03
-5.2420121853e-01,-2.9154616233e-01,1.5000000596e-01,0.0000000000e+00,0.0000000000e+00,1.0000000000e+00,4.3784000401e-03
1.0000000000e+00,-9.7083184398e-02,6.6426995788e-02,1.0000000000e+00,0.0000000000e+00,-0.0000000000e+00,3.0368000278e-03
2.8448348118e-01,-8.4460365949e-01,-1.5000000596e-01,0.0000000000e+00,0.0000000000e+00,-1.0000000000e+00,3.6816000338e-03
-1.0000000000e+00,-3.9932241126e-01,-1.5869972899e-02,-1.0000000000e+00,-0.0000000000e+00,-0.0000000000e+00,2.8808000264e-03
1.0000000000e+00,8.2750839748e-01,1.0975976129e-01,1.0000000000e+00,0.0000000000e+00,0.0000000000e+00,2.6832000246e-03
-3.4379723223e-01,-1.8285492996e-01,-1.5000000596e-01,0.0000000000e+00,0.0000000000e+00,-1.0000000000e+00,3.0160000277e-03
7.3676227365e-01,-9.9483946081e-02,-1.5000000596e-01,0.0000000000e+00,0.0000000000e+00,-1.0000000000e+00,3.2656000299e-03
1.5234859165e-01,2.9568995251e-01,-1.5000000596e-01,0.0000000000e+00,0.0000000000e+00,-1.0000000000e+00,3.4632000318e-03
-5.9963322178e-02,8.8674635492e-01,1.5000000596e-01,0.0000000000e+00,-0.0000000000e+00,1.0000000000e+00,3.1928000293e-03
-2.5805861352e-01,9.9672670513e-02,-1.5000000596e-01,0.0000000000e+00,0.0000000000e+00,-1.0000000000e+00,3.3904000311e-03
6.5838194917e-01,4.1392135699e-01,1.5000000596e-01,0.0000000000e+00,-0.0000000000e+00,1.0000000000e+00,3.4632000318e-03
9.0295203198e-01,-1.0000000000e+00,9.8153924807e-02,0.0000000000e+00,-1.0000000000e+00,0.0000000000e+00,3.5256000323e-03
1.0000000000e+00,-8.9920633490e-01,6.2230062545e-02,1.0000000000e+00,0.0000000000e+00,-0.0000000000e+00,2.7040000248e-03
9.4001082183e-02,-9.1656451845e-01,1.5000000596e-01,0.0000000000e+00,0.0000000000e+00,1.0000000000e+00,3.4320000315e-03
-1.4789498708e-01,-3.2436114419e-01,1.5000000596e-01,0.0000000000e+00,0.0000000000e+00,1.0000000000e+00,4.2848000393e-03
-8.3283740833e-01,-9.1048984931e-01,-1.5000000596e-01,0.0000000000e+00,0.0000000000e+00,-1.0000000000e+00,3.6816000338e-03
-1.7674393915e-01,-9.2085582856e-01,1.5000000596e-01,0.0000000000e+00,0.0000000000e+00,1.0000000000e+00,3.9000000358e-03
-1.0000000000e+00,1.1519346774e-01,-1.0605709917e-01,-1.0000000000e+00,-0.0000000000e+00,-0.0000000000e+00,2.6624000244e-03
-9.2713183312e-01,-5.8324425239e-01,-1.5000000596e-01,0.0000000000e+00,0.0000000000e+00,-1.0000000000e+00,3.2656000299e-03
5.0033336680e-02,-8.1239976214e-01,-1.5000000596e-01,0.0000000000e+00,0.0000000000e+00,-1.0000000000e+00,2.9536000271e-03
8.5063049549e-01,8.3387181634e-01,-1.5000000596e-01,0.0000000000e+00,0.0000000000e+00,-1.0000000000e+00,3.7336000342e-03
7.3169090424e-01,5.2146655732e-01,1.5000000596e-01,0.0000000000e+00,-0.0000000000e+00,1.0000000000e+00,3.2552000299e-03
-3.7513853137e-01,-6.0890699468e-01,1.5000000596e-01,0.0000000000e+00,0.0000000000e+00,1.0000000000e+00,3.3800000310e-03
3.8533928670e-01,-4.3085670607e-01,-1.5000000596e-01,0.0000000000e+00,0.0000000000e+00,-1.0000000000e+00,3.7232000341e-03
7.1788963591e-01,-6.1472821533e-01,1.5000000596e-01,0.0000000000e+00,-0.0000000000e+00,1.0000000000e+00,2.9536000271e-03
2.9631822138e-01,-9.0434483491e-01,1.5000000596e-01,0.0000000000e+00,0.0000000000e+00,1.0000000000e+00,4.0456000371e-03
4.8190568008e-01,-4.1064008475e-01,1.5000000596e-01,0.0000000000e+00,-0.0000000000e+00,1.0000000000e+00,2.8184000258e-03
4.7830762507e-01,1.0000000000e+00,5.2116375216e-02,0.0000000000e+00,1.0000000000e+00,-0.0000000000e+00,3.6296000333e-03
-5.6876707078e-01,4.6545456933e-01,-1.5000000596e-01,0.0000000000e+00,0.0000000000e+00,-1.0000000000e+00,5.0648000464e-03
7.7002896031e-01,-1.0000000000e+00,9.0806465908e-02,0.0000000000e+00,-1.0000000000e+00,0.0000000000e+00,4.0456000371e-03
-5.2792893010e-01,7.6777382176e-01,1.5000000596e-01,0.0000000000e+00,-0.0000000000e+00,1.0000000000e+00,3.2760000300e-03
-4.8408222876e-01,3.1907986453e-01,-1.5000000596e-01,0.0000000000e+00,0.0000000000e+00,-1.0000000000e+00,2.4856000228e-03
-5.6039729103e-01,1.0000000000e+00,1.3790892476e-01,0.0000000000e+00,1.0000000000e+00,-0.0000000000e+00,4.0456000371e-03
-5.6475474637e-01,-9.0265275336e-01,-1.5000000596e-01,0.0000000000e+00,0.0000000000e+00,-1.0000000000e+00,3.2864000301e-03
-9.2254387257e-01,-1.0000000000e+00,-1.2070760634e-02,0.0000000000e+00,-1.0000000000e+00,0.0000000000e+00,3.5360000324e-03
-4.1256434883e-02,1.9118020118e-01,-1.5000000596e-01,0.0000000000e+00,0.0000000000e+00,-1.0000000000e+00,3.7752000346e-03
-1.0000000000e+00,-7.1695907774e-01,-1.2086780594e-01,-1.0000000000e+00,-0.0000000000e+00,-0.0000000000e+00,4.4512000408e-03
-6.7305243959e-01,-4.5872852336e-01,1.5000000596e-01,0.0000000000e+00,0.0000000000e+00,1.0000000000e+00,2.7872000256e-03
1.0000000000e+00,-5.2808001253e-01,8.7068409343e-02,1.0000000000e+00,0.0000000000e+00,-0.0000000000e+00,4.7320000434e-03
-3.9546780113e-01,-6.2832128839e-01,-1.5000000596e-01,0.0000000000e+00,0.0000000000e+00,-1.0000000000e+00,3.2240000296e-03
4.4922133694e-01,7.4266588841e-01,1.5000000596e-01,0.0000000000e+00,-0.0000000000e+00,1.0000000000e+00,3.2136000295e-03
8.1730979931e-01,-2.0476688700e-01,-1.5000000596e-01,0.0000000000e+00,0.0000000000e+00,-1.0000000000e+00,3.8064000349e-03
-9.6820088203e-01,2.7541913805e-01,1.5000000596e-01,0.0000000000e+00,0.0000000000e+00,1.0000000000e+00,3.4424000316e-03
-5.5841822441e-01,7.9280358030e-01,-1.5000000596e-01,0.0000000000e+00,0.0000000000e+00,-1.0000000000e+00,3.3800000310e-03
4.0583163177e-01,-1.0000000000e+00,-2.7405399545e-02,0.0000000000e+00,-1.0000000000e+00,0.0000000000e+00,3.0784000282e-03
4.4176326881e-01,4.7959019396e-01,-1.5000000596e-01,0.0000000000e+00,0.0000000000e+00,-1.0000000000e+00,4.7320000434e-03
4.8072242765e-01,-3.8702857133e-01,-1.5000000596e-01,0.0000000000e+00,0.0000000000e+00,-1.0000000000e+00,3.1824000292e-03
-3.6109617060e-01,2.6515082243e-01,1.5000000596e-01,0.0000000000e+00,0.0000000000e+00,1.0000000000e+00,2.8912000265e-03
1.1590270632e-01,-9.3859356210e-01,-1.5000000596e-01,0.0000000000e+00,0.0000000000e+00,-1.0000000000e+00,3.8376000352e-03
9.4781196562e-01,-9.5024747084e-01,1.5000000596e-01,0.0000000000e+00,0.0000000000e+00,1.0000000000e+00,3.0784000282e-03
-8.7790429880e-01,3.3412535069e-01,1.5000000596e-01,0.0000000000e+00,0.0000000000e+00,1.0000000000e+00,3.7544000344e-03
1.0000000000e+00,3.7997927941e-02,1.2211292207e-01,1.0000000000e+00,0.0000000000e+00,-0.0000000000e+00,4.5448000417e-03
2.3718877945e-01,-8.0740430048e-01,1.5000000596e-01,0.0000000000e+00,0.0000000000e+00,1.0000000000e+00,3.2864000301e-03
-7.5327094835e-01,-2.3094981423e-01,-1.5000000596e-01,0.0000000000e+00,0.0000000000e+00,-1.0000000000e+00,3.3072000303e-03
7.9484403193e-01,3.2559325737e-01,-1.5000000596e-01,0.0000000000e+00,0.0000000000e+00,-1.0000000000e+00,4.1496000381e-03
5.2794115300e-01,-1.0000000000e+00,5.0072256909e-03,0.0000000000e+00,-1.0000000000e+00,0.0000000000e+00,3.4008000312e-03
-4.5978014786e-01,2.0463624238e-01,1.5000000596e-01,0.0000000000e+00,0.0000000000e+00,1.0000000000e+00,3.2032000294e-03
-3.4115713209e-02,-6.1532919760e-01,1.5000000596e-01,0.0000000000e+00,0.0000000000e+00,1.0000000000e+00,3.3800000310e-03
2.9313760442e-01,8.2819350693e-01,-1.5000000596e-01,0.0000000000e+00,0.0000000000e+00,-1.0000000000e+00,2.7248000250e-03
-7.2821187558e-01,5.4991695066e-01,1.5000000596e-01,0.0000000000e+00,0.0000000000e+00,1.0000000000e+00,3.4632000318e-03
4.5342352754e-01,8.9469779187e-01,1.5000000596e-01,0.0000000000e+00,-0.0000000000e+00,1.0000000000e+00,2.7456000252e-03
-7.2622721907e-02,-1.0000000000e+00,5.1883686333e-03,0.0000000000e+00,-1.0000000000e+00,0.0000000000e+00,3.1304000287e-03
1.0000000000e+00,-4.5899015845e-01,9.3602312651e-02,1.0000000000e+00,0.0000000000e+00,-0.0000000000e+00,4.8880000448e-03
9.0644930521e-01,8.8647508096e-01,-1.5000000596e-01,0.0000000000e+00,0.0000000000e+00,-1.0000000000e+00,3.4840000319e-03
-2.0304258465e-02,-3.8692149362e-01,-1.5000000596e-01,0.0000000000e+00,0.0000000000e+00,-1.0000000000e+00,3.4112000313e-03
9.3342451330e-01,-5.7673261491e-01,1.5000000596e-01,0.0000000000e+00,-0.0000000000e+00,1.0000000000e+00,4.0040000367e-03
6.4472851887e-01,6.7055831254e-01,1.5000000596e-01,0.0000000000e+00,-0.0000000000e+00,1.0000000000e+00,3.3592000308e-03
-4.1928808331e-01,9.8591824051e-02,-1.5000000596e-01,0.0000000000e+00,0.0000000000e+00,-1.0000000000e+00,3.2864000301e-03
-5.4286001343e-01,5.0718330567e-01,1.5000000596e-01,0.0000000000e+00,0.0000000000e+00,1.0000000000e+00,3.5568000326e-03
-1.0000000000e+00,-9.8127604420e-01,-1.4937559627e-01,-1.0000000000e+00,-0.0000000000e+00,-0.0000000000e+00,3.8688000355e-03
-1.0000000000e+00,4.6125192869e-01,9.2497079633e-02,-1.0000000000e+00,0.0000000000e+00,0.0000000000e+00,3.0160000277e-03
1.0000000000e+00,8.3723120325e-01,-6.3032158537e-02,1.0000000000e+00,0.0000000000e+00,0.0000000000e+00,4.0352000370e-03
-6.7334688923e-01,9.3004701453e-01,1.5000000596e-01,0.0000000000e+00,-0.0000000000e+00,1.0000000000e+00,3.0056000276e-03
1.0000000000e+00,-9.1300216969e-01,-8.2309879951e-02,1.0000000000e+00,0.0000000000e+00,-0.0000000000e+00,2.8808000264e-03
-2.1945374488e-01,3.5176285474e-01,-1.5000000596e-01,0.0000000000e+00,0.0000000000e+00,-1.0000000000e+00,3.2864000301e-03
1.0000000000e+00,-8.7881564908e-01,1.7123623481e-03,1.0000000000e+00,0.0000000000e+00,-0.0000000000e+00,3.9728000364e-03
-3.2157277378e-01,-4.8640332575e-01,-1.5000000596e-01,0.0000000000e+00,0.0000000000e+00,-1.0000000000e+00,3.9832000365e-03
-1.0000000000e+00,4.0366342615e-01,-5.9733654969e-02,-1.0000000000e+00,0.0000000000e+00,0.0000000000e+00,2.9016000266e-03
-9.2627964009e-01,-8.1572948286e-01,1.5000000596e-01,0.0000000000e+00,0.0000000000e+00,1.0000000000e+00,3.4632000318e-03
3.4795020375e-01,-9.8495741066e-02,1.5000000596e-01,0.0000000000e+00,-0.0000000000e+00,1.0000000000e+00,2.7664000254e-03
8.5765845046e-01,8.2192584938e-01,1.5000000596e-01,0.0000000000e+00,-0.0000000000e+00,1.0000000000e+00,3.9936000366e-03
7.5046963428e-01,-3.6337545199e-01,1.5000000596e-01,0.0000000000e+00,-0.0000000000e+00,1.0000000000e+00,3.9520000362e-03
-3.9767863071e-02,-8.3839189014e-01,-1.5000000596e-01,0.0000000000e+00,0.0000000000e+00,-1.0000000000e+00,2.6208000240e-03
1.5899099424e-01,-7.6081986163e-01,-1.5000000596e-01,0.0000000000e+00,0.0000000000e+00,-1.0000000000e+00,3.5360000324e-03
-1.0000000000e+00,1.8641975199e-01,-3.1848813044e-03,-1.0000000000e+00,0.0000000000e+00,0.0000000000e+00,2.8496000261e-03
4.7018207037e-01,-9.5653915113e-01,-1.5000000596e-01,0.0000000000e+00,0.0000000000e+00,-1.0000000000e+00,3.9936000366e-03
2.8029003628e-01,-3.7896826949e-01,-1.5000000596e-01,0.0000000000e+00,0.0000000000e+00,-1.0000000000e+00,3.1616000290e-03
-6.1737100289e-01,4.6615023261e-01,1.5000000596e-01,0.0000000000e+00,0.0000000000e+00,1.0000000000e+00,4.5968000422e-03
-8.0168022134e-01,-8.2479584408e-02,1.5000000596e-01,0.0000000000e+00,0.0000000000e+00,1.0000000000e+00,3.8064000349e-03
4.3072872623e-01,-9.1285838938e-02,1.5000000596e-01,0.0000000000e+00,-0.0000000000e+00,1.0000000000e+00,3.2864000301e-03
-9.3247489931e-01,-9.4261326583e-01,-1.5000000596e-01,0.0000000000e+00,0.0000000000e+00,-1.0000000000e+00,3.1824000292e-03
7.2729067372e-01,-2.7345722053e-01,-1.5000000596e-01,0.0000000000e+00,0.0000000000e+00,-1.0000000000e+00,2.7456000252e-03
4.6516011640e-01,9.9486927026e-01,1.5000000596e-01,0.0000000000e+00,-0.0000000000e+00,1.0000000000e+00,3.2240000296e-03
3.1147022884e-01,5.8557077573e-01,1.5000000596e-01,0.0000000000e+00,-0.0000000000e+00,1.0000000000e+00,3.1408000288e-03
1.1397954288e-01,6.0081142600e-02,1.5000000596e-01,0.0000000000e+00,-0.0000000000e+00,1.0000000000e+00,4.3576000400e-03
-1.0000000000e+00,6.0964521443e-01,7.8332522882e-02,-1.0000000000e+00,0.0000000000e+00,0.0000000000e+00,3.1928000293e-03
-5.8737610635e-01,-8.6619713851e-01,1.5000000596e-01,0.0000000000e+00,0.0000000000e+00,1.0000000000e+00,3.6192000332e-03
3.1451759862e-01,3.0946764147e-01,1.5000000596e-01,0.0000000000e+00,-0.0000000000e+00,1.0000000000e+00,3.1096000285e-03
-2.9510109347e-01,4.5683065570e-01,-1.5000000596e-01,0.0000000000e+00,0.0000000000e+00,-1.0000000000e+00,4.3888000402e-03
9.8339669619e-01,5.4747088546e-01,1.5000000596e-01,0.0000000000e+00,-0.0000000000e+00,1.0000000000e+00,4.5656000419e-03
9.2936903221e-03,-8.9264670011e-01,-1.5000000596e-01,0.0000000000e+00,0.0000000000e+00,-1.0000000000e+00,3.1616000290e-03
-4.4865736552e-01,8.3571979186e-01,1.5000000596e-01,0.0000000000e+00,-0.0000000000e+00,1.0000000000e+00,2.7456000252e-03
2.9754259677e-01,-5.3008363429e-01,1.5000000596e-01,0.0000000000e+00,0.0000000000e+00,1.0000000000e+00,4.2952000394e-03
8.3183779490e-01,1.0000000000e+00,1.3082018685e-01,0.0000000000e+00,1.0000000000e+00,-0.0000000000e+00,3.9000000358e-03
-6.0949612087e-01,-1.8674531814e-01,-1.5000000596e-01,0.0000000000e+00,0.0000000000e+00,-1.0000000000e+00,3.4216000314e-03
-5.3310665705e-01,1.0000000000e+00,5.0596337737e-02,0.0000000000e+00,1.0000000000e+00,-0.0000000000e+00,4.1080000377e-03
-7.1911511882e-01,-6.1593374851e-01,1.5000000596e-01,0.0000000000e+00,0.0000000000e+00,1.0000000000e+00,2.8704000263e-03
-8.0061840761e-01,4.8945561566e-01,-1.5000000596e-01,0.0000000000e+00,0.0000000000e+00,-1.0000000000e+00,3.5880000329e-03
-3.9864541857e-02,-7.6263460733e-01,1.5000000596e-01,0.0000000000e+00,0.0000000000e+00,1.0000000000e+00,3.8584000354e-03
-1.0000000000e+00,-2.6853384105e-01,8.8276975535e-02,-1.0000000000e+00,0.0000000000e+00,0.0000000000e+00,2.9848000274e-03
1.0000000000e+00,9.5272029562e-01,8.5035584267e-03,1.0000000000e+00,0.0000000000e+00,0.0000000000e+00,4.3368000398e-03
1.5092192921e-01,-2.9769973626e-01,-1.5000000596e-01,0.0000000000e+00,0.0000000000e+00,-1.0000000000e+00,3.9520000362e-03
-1.0346517506e-01,-1.5901550630e-01,1.5000000596e-01,0.0000000000e+00,0.0000000000e+00,1.0000000000e+00,3.8168000350e-03
-6.3235494753e-01,-7.8162916110e-01,-1.5000000596e-01,0.0000000000e+00,0.0000000000e+00,-1.0000000000e+00,3.0888000283e-03
-2.3616717422e-01,3.9897842462e-01,-1.5000000596e-01,0.0000000000e+00,0.0000000000e+00,-1.0000000000e+00,3.4216000314e-03
-1.4874234921e-01,4.3194540333e-01,1.5000000596e-01,0.0000000000e+00,-0.0000000000e+00,1.0000000000e+00,4.0664000373e-03
3.4665274536e-01,-7.3854963206e-01,-1.5000000596e-01,0.0000000000e+00,0.0000000000e+00,-1.0000000000e+00,4.0040000367e-03
-4.8539740969e-01,1.0000000000e+00,1.1319305964e-01,0.0000000000e+00,1.0000000000e+00,-0.0000000000e+00,4.1496000381e-03
-8.1933124753e-01,6.3483586986e-01,1.5000000596e-01,0.0000000000e+00,0.0000000000e+00,1.0000000000e+00,2.8184000258e-03
-7.7927671968e-01,8.2878496181e-01,1.5000000596e-01,0.0000000000e+00,-0.0000000000e+00,1.0000000000e+00,3.4528000317e-03
-9.8916559074e-02,-8.6604374040e-01,-1.5000000596e-01,0.0000000000e+00,0.0000000000e+00,-1.0000000000e+00,3.7544000344e-03
6.3399133347e-01,-4.0621073479e-01,1.5000000596e-01,0.0000000000e+00,-0.0000000000e+00,1.0000000000e+00,3.0264000278e-03
8.4738645100e-01,9.0390632288e-01,1.5000000596e-01,0.0000000000e+00,-0.0000000000e+00,1.0000000000e+00,2.9848000274e-03
1.0000000000e+00,2.6953681260e-01,-5.4328615733e-02,1.0000000000e+00,0.0000000000e+00,0.0000000000e+00,2.9016000266e-03
1.0000000000e+00,6.1013789296e-01,8.6475027050e-03,1.0000000000e+00,0.0000000000e+00,0.0000000000e+00,3.2240000296e-03
2.5578095658e-01,-3.3261668064e-01,1.5000000596e-01,0.0000000000e+00,0.0000000000e+00,1.0000000000e+00,4.4720000410e-03
-1.0000000000e+00,-4.0807611267e-01,6.7065203529e-02,-1.0000000000e+00,0.0000000000e+00,0.0000000000e+00,3.1616000290e-03
-4.9584870480e-01,-5.3519611007e-01,-1.5000000596e-01,0.0000000000e+00,0.0000000000e+00,-1.0000000000e+00,4.0040000367e-03
4.6806124321e-01,-7.2540249665e-01,1.5000000596e-01,0.0000000000e+00,0.0000000000e+00,1.0000000000e+00,3.7024000340e-03
-6.0841901111e-01,-3.4715610485e-01,1.5000000596e-01,0.0000000000e+00,0.0000000000e+00,1.0000000000e+00,3.0160000277e-03
8.7061108502e-01,7.4448552153e-01,1.5000000596e-01,0.0000000000e+00,-0.0000000000e+00,1.0000000000e+00,3.7960000348e-03
-1.8731087802e-01,-1.0000000000e+00,2.5953535309e-02,0.0000000000e+00,-1.0000000000e+00,0.0000000000e+00,3.7752000346e-03
-7.5304308925e-02,1.0000000000e+00,-1.0491463411e-01,0.0000000000e+00,1.0000000000e+00,-0.0000000000e+00,3.8896000357e-03
-1.0000000000e+00,7.0204986590e-01,1.1289997457e-01,-1.0000000000e+00,0.0000000000e+00,0.0000000000e+00,4.7112000432e-03
9.6340178833e-02,-7.8476578306e-01,-1.5000000596e-01,0.0000000000e+00,0.0000000000e+00,-1.0000000000e+00,3.1408000288e-03
4.2139412575e-01,4.9230989399e-02,1.5000000596e-01,0.0000000000e+00,-0.0000000000e+00,1.0000000000e+00,3.7544000344e-03
-6.1257380818e-01,1.0000000000e+00,1.4972974034e-01,0.0000000000e+00,1.0000000000e+00,-0.0000000000e+00,3.7440000343e-03
1.2506462732e-01,-6.1979050319e-01,-1.5000000596e-01,0.0000000000e+00,0.0000000000e+00,-1.0000000000e+00,4.1080000377e-03
7.1114745649e-01,-1.0000000000e+00,9.1695842669e-02,0.0000000000e+00,-1.0000000000e+00,0.0000000000e+00,2.9016000266e-03
-7.2578705116e-01,-1.7779830065e-02,-1.5000000596e-01,0.0000000000e+00,0.0000000000e+00,-1.0000000000e+00,5.0856000466e-03
4.0452946727e-01,-1.9100256276e-01,-1.5000000596e-01,0.0000000000e+00,0.0000000000e+00,-1.0000000000e+00,3.5360000324e-03
2.1120805012e-03,3.8234762604e-01,-1.5000000596e-01,0.0000000000e+00,0.0000000000e+00,-1.0000000000e+00,3.5048000321e-03
-5.9699556497e-01,-1.0000000000e+00,1.0564465466e-01,0.0000000000e+00,-1.0000000000e+00,0.0000000000e+00,2.6832000246e-03
1.6708937624e-01,1.0000000000e+00,7.1690814217e-02,0.0000000000e+00,1.0000000000e+00,-0.0000000000e+00,2.9120000267e-03
-9.0729142723e-02,-9.8990875088e-01,-1.5000000596e-01,0.0000000000e+00,0.0000000000e+00,-1.0000000000e+00,3.6816000338e-03
-6.7564065317e-01,5.4684598789e-01,1.5000000596e-01,0.0000000000e+00,0.0000000000e+00,1.0000000000e+00,2.5688000236e-03
8.3500745110e-01,-1.4028727685e-01,-1.5000000596e-01,0.0000000000e+00,0.0000000000e+00,-1.0000000000e+00,4.1392000380e-03
7.6195002722e-01,-4.1256364307e-01,1.5000000596e-01,0.0000000000e+00,-0.0000000000e+00,1.0000000000e+00,2.9328000269e-03
8.7974599576e-02,7.8335497773e-01,-1.5000000596e-01,0.0000000000e+00,0.0000000000e+00,-1.0000000000e+00,4.0664000373e-03
-1.8570628745e-01,-1.8480437414e-01,-1.5000000596e-01,0.0000000000e+00,0.0000000000e+00,-1.0000000000e+00,3.1096000285e-03
-1.0000000000e+00,1.0662953693e-01,-5.1774154018e-02,-1.0000000000e+00,-0.0000000000e+00,-0.0000000000e+00,2.6208000240e-03
-4.7498448855e-01,-7.7841592274e-01,-1.5000000596e-01,0.0000000000e+00,0.0000000000e+00,-1.0000000000e+00,3.4112000313e-03
-1.0000000000e+00,-7.9323941939e-01,-1.2635985401e-01,-1.0000000000e+00,-0.0000000000e+00,-0.0000000000e+00,4.4616000409e-03
1.0000000000e+00,6.1341903820e-01,1.0267600015e-01,1.0000000000e+00,0.0000000000e+00,-0.0000000000e+00,2.6104000239e-03
9.5721558104e-02,-5.4802340575e-01,-1.5000000596e-01,0.0000000000e+00,0.0000000000e+00,-1.0000000000e+00,3.5776000328e-03
8.4392644019e-01,-7.9432447668e-01,-1.5000000596e-01,0.0000000000e+00,0.0000000000e+00,-1.0000000000e+00,3.9936000366e-03
-1.0000000000e+00,5.1262188998e-01,9.8240176063e-02,-1.0000000000e+00,0.0000000000e+00,0.0000000000e+00,3.4528000317e-03
1.0000000000e+00,2.1713329808e-01,-7.3182558382e-02,1.0000000000e+00,0.0000000000e+00,0.0000000000e+00,3.6920000339e-03
5.2638400938e-01,-5.3806365528e-01,-1.5000000596e-01,0.0000000000e+00,0.0000000000e+00,-1.0000000000e+00,2.5064000230e-03
-2.9069789532e-01,-4.4021509856e-01,-1.5000000596e-01,0.0000000000e+00,0.0000000000e+00,-1.0000000000e+00,3.5152000322e-03
-1.1056705589e-01,-5.0411797462e-01,1.5000000596e-01,0.0000000000e+00,0.0000000000e+00,1.0000000000e+00,3.5672000327e-03
-8.3663052850e-01,6.1112584428e-01,-1.5000000596e-01,0.0000000000e+00,0.0000000000e+00,-1.0000000000e+00,4.2952000394e-03
-4.4718985852e-01,-1.0000000000e+00,1.1335862382e-01,0.0000000000e+00,-1.0000000000e+00,0.0000000000e+00,3.2656000299e-03
1.5654019907e-01,4.3896329412e-01,-1.5000000596e-01,0.0000000000e+00,0.0000000000e+00,-1.0000000000e+00,3.6816000338e-03
-6.4893866861e-01,-5.4959716883e-01,1.5000000596e-01,0.0000000000e+00,0.0000000000e+00,1.0000000000e+00,2.7040000248e-03
1.0000000000e+00,8.9056326229e-02,1.3421550923e-01,1.0000000000e+00,0.0000000000e+00,-0.0000000000e+00,4.3368000398e-03
-6.1546028231e-01,-6.3715739605e-01,1.5000000596e-01,0.0000000000e+00,0.0000000000e+00,1.0000000000e+00,3.2240000296e-03
1.9460902586e-01,8.1758949862e-01,1.5000000596e-01,0.0000000000e+00,-0.0000000000e+00,1.0000000000e+00,3.6192000332e-03
-1.0000000000e+00,-5.0870685899e-01,1.0487952815e-01,-1.0000000000e+00,0.0000000000e+00,0.0000000000e+00,2.9016000266e-03
-5.4206685231e-01,6.5574085410e-01,-1.5000000596e-01,0.0000000000e+00,0.0000000000e+00,-1.0000000000e+00,4.9192000451e-03
9.4045346303e-01,3.3613291318e-01,1.5000000596e-01,0.0000000000e+00,-0.0000000000e+00,1.0000000000e+00,3.0056000276e-03
1.0393922354e-01,-5.7749032362e-01,1.5000000596e-01,0.0000000000e+00,0.0000000000e+00,1.0000000000e+00,3.5464000325e-03
3.0481940863e-01,2.4434819284e-02,-1.5000000596e-01,0.0000000000e+00,0.0000000000e+00,-1.0000000000e+00,3.2344000297e-03
-7.3085229466e-01,8.9498842860e-01,-1.5000000596e-01,0.0000000000e+00,0.0000000000e+00,-1.0000000000e+00,4.5864000421e-03
-2.2775425452e-01,1.9590052708e-01,-1.5000000596e-01,0.0000000000e+00,0.0000000000e+00,-1.0000000000e+00,3.0888000283e-03
-1.6637824324e-01,-1.1515739444e-02,-1.5000000596e-01,0.0000000000e+00,0.0000000000e+00,-1.0000000000e+00,3.7752000346e-03
7.8840506667e-01,1.5856121781e-02,1.5000000596e-01,0.0000000000e+00,-0.0000000000e+00,1.0000000000e+00,3.3072000303e-03
-7.3212798871e-01,7.6157057900e-01,-1.5000000596e-01,0.0000000000e+00,0.0000000000e+00,-1.0000000000e+00,4.2640000391e-03
8.3590336604e-01,8.8360733817e-01,-1.5000000596e-01,0.0000000000e+00,0.0000000000e+00,-1.0000000000e+00,3.8480000353e-03
7.1591959072e-01,8.8747081806e-01,-1.5000000596e-01,0.0000000000e+00,0.0000000000e+00,-1.0000000000e+00,3.5256000323e-03
-7.5363556951e-01,-1.7772465829e-01,-1.5000000596e-01,0.0000000000e+00,0.0000000000e+00,-1.0000000000e+00,3.6504000335e-03
6.3866947180e-01,-1.3665704749e-01,1.5000000596e-01,0.0000000000e+00,-0.0000000000e+00,1.0000000000e+00,3.4008000312e-03
-6.2512485699e-01,1.0000000000e+00,2.1877135223e-02,0.0000000000e+00,1.0000000000e+00,-0.0000000000e+00,3.7440000343e-03
9.6118057569e-02,5.7012068391e-01,1.5000000596e-01,0.0000000000e+00,-0.0000000000e+00,1.0000000000e+00,3.5984000330e-03
-5.8304602547e-01,-1.0000000000e+00,-1.1493626637e-01,0.0000000000e+00,-1.0000000000e+00,0.0000000000e+00,3.5360000324e-03
1.0472636428e-01,8.8761902256e-01,-1.5000000596e-01,0.0000000000e+00,0.0000000000e+00,-1.0000000000e+00,3.0784000282e-03
5.5351679737e-01,8.8424513868e-01,1.5000000596e-01,0.0000000000e+00,-0.0000000000e+00,1.0000000000e+00,3.4840000319e-03
-5.4781307470e-01,-8.0140334447e-03,-1.5000000596e-01,0.0000000000e+00,0.0000000000e+00,-1.0000000000e+00,4.2224000387e-03
8.8448401800e-01,-1.0000000000e+00,3.7334961230e-02,0.0000000000e+00,-1.0000000000e+00,0.0000000000e+00,3.7648000345e-03
-9.0751917303e-01,-9.3374095787e-01,1.5000000596e-01,0.0000000000e+00,0.0000000000e+00,1.0000000000e+00,3.3384000306e-03
5.1564780409e-01,-9.0627144342e-01,1.5000000596e-01,0.0000000000e+00,0.0000000000e+00,1.0000000000e+00,4.2536000390e-03
1.6755253332e-01,-5.2222644958e-01,-1.5000000596e-01,0.0000000000e+00,0.0000000000e+00,-1.0000000000e+00,4.6904000430e-03
-3.8158390940e-03,-1.9747544934e-01,1.5000000596e-01,0.0000000000e+00,0.0000000000e+00,1.0000000000e+00,2.9536000271e-03
-7.6287414199e-01,-5.7671301992e-01,-1.5000000596e-01,0.0000000000e+00,0.0000000000e+00,-1.0000000000e+00,3.2760000300e-03
5.3412984692e-01,8.1163317052e-01,1.5000000596e-01,0.0000000000e+00,-0.0000000000e+00,1.0000000000e+00,3.5880000329e-03
7.8922570821e-01,7.1476486526e-01,-1.5000000596e-01,0.0000000000e+00,0.0000000000e+00,-1.0000000000e+00,3.9416000361e-03
-3.6273286818e-01,-2.0580027655e-01,1.5000000596e-01,0.0000000000e+00,0.0000000000e+00,1.0000000000e+00,4.1912000384e-03
-7.4139355146e-01,5.8834684368e-02,1.5000000596e-01,0.0000000000e+00,0.0000000000e+00,1.0000000000e+00,2.6728000245e-03
1.0000000000e+00,1.4742275228e-01,-5.8091478448e-02,1.0000000000e+00,0.0000000000e+00,0.0000000000e+00,3.9416000361e-03
-2.1514136936e-01,-8.8250442325e-01,-1.5000000596e-01,0.0000000000e+00,0.0000000000e+00,-1.0000000000e+00,4.3576000400e-03
5.0232564898e-01,3.4466523801e-01,-1.5000000596e-01,0.0000000000e+00,0.0000000000e+00,-1.0000000000e+00,4.3680000401e-03
-1.2077525285e-03,1.0000000000e+00,7.1352328374e-03,0.0000000000e+00,1.0000000000e+00,-0.0000000000e+00,3.4216000314e-03
-1.4333109850e-01,-6.4640213460e-01,1.5000000596e-01,0.0000000000e+00,0.0000000000e+00,1.0000000000e+00,2.6208000240e-03
-1.0000000000e+00,-6.7684956212e-01,6.5224707126e-02,-1.0000000000e+00,-0.0000000000e+00,-0.0000000000e+00,3.6400000334e-03
-4.1506468984e-01,6.2000405466e-01,-1.5000000596e-01,0.0000000000e+00,0.0000000000e+00,-1.0000000000e+00,2.7040000248e-03
1.0000000000e+00,5.2304541970e-01,-2.4117419676e-02,1.0000000000e+00,0.0000000000e+00,0.0000000000e+00,3.1616000290e-03
-7.9333465098e-01,5.5862715931e-01,-1.5000000596e-01,0.0000000000e+00,0.0000000000e+00,-1.0000000000e+00,3.7024000340e-03
5.4317947948e-01,-1.0000000000e+00,-1.4257885481e-01,0.0000000000e+00,-1.0000000000e+00,0.0000000000e+00,4.2744000392e-03
-2.0819589466e-01,-1.0000000000e+00,-3.6816067653e-02,0.0000000000e+00,-1.0000000000e+00,0.0000000000e+00,4.4824000411e-03
1.0000000000e+00,1.9888310178e-01,1.9845732257e-02,1.0000000000e+00,0.0000000000e+00,0.0000000000e+00,4.8568000445e-03
8.1322912471e-01,-5.8073121075e-01,-1.5000000596e-01,0.0000000000e+00,0.0000000000e+00,-1.0000000000e+00,4.0872000375e-03
-6.6538144891e-01,-3.3516436582e-01,1.5000000596e-01,0.0000000000e+00,0.0000000000e+00,1.0000000000e+00,2.9016000266e-03
-8.4684827509e-01,-1.2348730628e-01,1.5000000596e-01,0.0000000000e+00,0.0000000000e+00,1.0000000000e+00,3.5464000325e-03
-5.1935986841e-01,4.8459364917e-02,1.5000000596e-01,0.0000000000e+00,0.0000000000e+00,1.0000000000e+00,3.4944000320e-03
5.7478195882e-01,-1.0000000000e+00,2.7648994151e-03,0.0000000000e+00,-1.0000000000e+00,0.0000000000e+00,3.4736000319e-03
6.1719676301e-01,-1.0000000000e+00,-6.7932318321e-02,0.0000000000e+00,-1.0000000000e+00,0.0000000000e+00,4.2848000393e-03
2.9173843076e-01,-4.1192395638e-01,1.5000000596e-01,0.0000000000e+00,0.0000000000e+00,1.0000000000e+00,3.5152000322e-03
2.8279335466e-01,5.3029149045e-01,1.5000000596e-01,0.0000000000e+00,-0.0000000000e+00,1.0000000000e+00,3.2656000299e-03
-1.9730801424e-02,2.3998706464e-01,-1.5000000596e-01,0.0000000000e+00,0.0000000000e+00,-1.0000000000e+00,4.5864000421e-03
-8.2138651699e-01,-9.6644231181e-01,-1.5000000596e-01,0.0000000000e+00,0.0000000000e+00,-1.0000000000e+00,3.6504000335e-03
8.8976131413e-01,-2.3656485914e-01,-1.5000000596e-01,0.0000000000e+00,0.0000000000e+00,-1.0000000000e+00,2.5792000237e-03
3.7561432846e-01,7.0030522905e-01,1.5000000596e-01,0.0000000000e+00,-0.0000000000e+00,1.0000000000e+00,4.1808000383e-03
4.0371011928e-01,-9.9968505949e-01,1.5000000596e-01,0.0000000000e+00,0.0000000000e+00,1.0000000000e+00,3.6920000339e-03
-5.2851337147e-01,2.1583343439e-01,-1.5000000596e-01,0.0000000000e+00,0.0000000000e+00,-1.0000000000e+00,4.0040000367e-03
3.7584631011e-01,-1.4116610229e-01,-1.5000000596e-01,0.0000000000e+00,0.0000000000e+00,-1.0000000000e+00,3.6296000333e-03
2.2676871200e-01,4.6647126846e-01,-1.5000000596e-01,0.0000000000e+00,0.0000000000e+00,-1.0000000000e+00,4.0976000376e-03
3.8159018192e-01,-1.0000000000e+00,1.5965466871e-02,0.0000000000e+00,-1.0000000000e+00,0.0000000000e+00,2.9536000271e-03
1.0000000000e+00,2.6878603473e-01,-1.9529155170e-03,1.0000000000e+00,0.0000000000e+00,0.0000000000e+00,2.9952000275e-03
8.2341159203e-01,1.0000000000e+00,-9.6581813865e-02,0.0000000000e+00,1.0000000000e+00,-0.0000000000e+00,4.0456000371e-03
7.6120881716e-01,-8.0454740091e-01,-1.5000000596e-01,0.0000000000e+00,0.0000000000e+00,-1.0000000000e+00,4.1184000378e-03
1.0000000000e+00,6.3413876375e-01,-1.1268742322e-01,1.0000000000e+00,0.0000000000e+00,0.0000000000e+00,3.3592000308e-03
9.3674534213e-01,-2.2083774889e-01,1.5000000596e-01,0.0000000000e+00,-0.0000000000e+00,1.0000000000e+00,2.9536000271e-03
-6.7020095985e-01,7.5779026515e-01,-1.5000000596e-01,0.0000000000e+00,0.0000000000e+00,-1.0000000000e+00,4.2536000390e-03
-4.1021868011e-01,5.7356624298e-01,-1.5000000596e-01,0.0000000000e+00,0.0000000000e+00,-1.0000000000e+00,2.9016000266e-03
-4.7464301035e-01,5.9961079891e-01,1.5000000596e-01,0.0000000000e+00,-0.0000000000e+00,1.0000000000e+00,3.5152000322e-03
5.7282720753e-01,-4.1356518733e-01,1.5000000596e-01,0.0000000000e+00,-0.0000000000e+00,1.0000000000e+00,3.2344000297e-03
-6.6752725549e-01,1.0000000000e+00,-9.1455551593e-02,0.0000000000e+00,1.0000000000e+00,-0.0000000000e+00,3.9624000363e-03
-7.7716538759e-02,-4.4122856322e-01,-1.5000000596e-01,0.0000000000e+00,0.0000000000e+00,-1.0000000000e+00,3.7128000340e-03
-5.2984083343e-01,-1.2373250714e-01,1.5000000596e-01,0.0000000000e+00,0.0000000000e+00,1.0000000000e+00,3.5464000325e-03
-3.0874274713e-01,2.7619597831e-01,-1.5000000596e-01,0.0000000000e+00,0.0000000000e+00,-1.0000000000e+00,4.0248000369e-03
-7.8259695597e-01,-9.0275545621e-01,1.5000000596e-01,0.0000000000e+00,0.0000000000e+00,1.0000000000e+00,2.8704000263e-03
-1.5402690825e-01,-1.3741045395e-01,1.5000000596e-01,0.0000000000e+00,0.0000000000e+00,1.0000000000e+00,3.7232000341e-03
-4.6648259179e-01,-6.8343016353e-01,1.5000000596e-01,0.0000000000e+00,0.0000000000e+00,1.0000000000e+00,4.1080000377e-03
4.4275114223e-01,3.1044484725e-01,-1.5000000596e-01,0.0000000000e+00,0.0000000000e+00,-1.0000000000e+00,3.0888000283e-03
5.9012433709e-01,-8.0991997728e-01,-1.5000000596e-01,0.0000000000e+00,0.0000000000e+00,-1.0000000000e+00,3.6608000336e-03
-9.1607053701e-01,-3.8176562018e-02,-1.5000000596e-01,0.0000000000e+00,0.0000000000e+00,-1.0000000000e+00,4.2432000389e-03
2.7532403299e-01,3.4821794146e-01,1.5000000596e-01,0.0000000000e+00,-0.0000000000e+00,1.0000000000e+00,3.1824000292e-03
-5.0026358111e-01,-2.0822590838e-01,1.5000000596e-01,0.0000000000e+00,0.0000000000e+00,1.0000000000e+00,4.1704000382e-03
-8.6586501584e-01,6.4261396772e-01,1.5000000596e-01,0.0000000000e+00,0.0000000000e+00,1.0000000000e+00,2.4648000226e-03
9.0069223210e-01,1.7845764341e-01,-1.5000000596e-01,0.0000000000e+00,0.0000000000e+00,-1.0000000000e+00,2.8080000257e-03
6.7722778066e-01,-3.8788049235e-01,1.5000000596e-01,0.0000000000e+00,-0.0000000000e+00,1.0000000000e+00,3.5048000321e-03
-3.1289838893e-01,-1.0000000000e+00,-7.5278257746e-02,0.0000000000e+00,-1.0000000000e+00,0.0000000000e+00,4.0664000373e-03
6.9123427669e-02,-1.0000000000e+00,-2.8971320331e-02,0.0000000000e+00,-1.0000000000e+00,0.0000000000e+00,3.6608000336e-03
1.0000000000e+00,9.0722968519e-01,-1.0496555096e-01,1.0000000000e+00,0.0000000000e+00,0.0000000000e+00,4.8360000443e-03
8.2842368527e-01,-1.0000000000e+00,1.4114246939e-01,0.0000000000e+00,-1.0000000000e+00,0.0000000000e+00,5.3040000486e-03
-3.1289105469e-01,1.0000000000e+00,8.2541583946e-02,0.0000000000e+00,1.0000000000e+00,-0.0000000000e+00,3.6608000336e-03
-6.1052601579e-01,-4.0849192873e-01,-1.5000000596e-01,0.0000000000e+00,0.0000000000e+00,-1.0000000000e+00,3.7128000340e-03
1.0000000000e+00,-7.6901542070e-01,9.0683090517e-02,1.0000000000e+00,0.0000000000e+00,-0.0000000000e+00,5.0544000463e-03
3.6807266965e-01,-4.9046060379e-03,-1.5000000596e-01,0.0000000000e+00,0.0000000000e+00,-1.0000000000e+00,2.9224000268e-03
3.3937914023e-01,-1.9939626837e-01,1.5000000596e-01,0.0000000000e+00,-0.0000000000e+00,1.0000000000e+00,3.3384000306e-03
-2.6417660870e-01,5.2261182453e-01,1.5000000596e-01,0.0000000000e+00,-0.0000000000e+00,1.0000000000e+00,3.6400000334e-03
9.9053944423e-01,3.2038071946e-01,1.5000000596e-01,0.0000000000e+00,-0.0000000000e+00,1.0000000000e+00,4.0560000372e-03
3.0860932383e-01,-1.7180981507e-01,-1.5000000596e-01,0.0000000000e+00,0.0000000000e+00,-1.0000000000e+00,3.6192000332e-03
-5.1056430760e-01,6.9173107379e-01,1.5000000596e-01,0.0000000000e+00,-0.0000000000e+00,1.0000000000e+00,4.4200000405e-03
2.7454866935e-01,-5.7684069979e-02,-1.5000000596e-01,0.0000000000e+00,0.0000000000e+00,-1.0000000000e+00,4.1392000380e-03
8.1804474219e-01,-8.4712040303e-01,-1.5000000596e-01,0.0000000000e+00,0.0000000000e+00,-1.0000000000e+00,4.0144000368e-03
-1.8387585944e-01,2.4520700394e-01,-1.5000000596e-01,0.0000000000e+00,0.0000000000e+00,-1.0000000000e+00,3.4112000313e-03
1.5540002272e-01,8.8831076004e-01,-1.5000000596e-01,0.0000000000e+00,0.0000000000e+00,-1.0000000000e+00,2.5376000233e-03
7.0326362613e-01,3.4247676613e-01,1.5000000596e-01,0.0000000000e+00,-0.0000000000e+00,1.0000000000e+00,3.9208000360e-03
2.2568679860e-01,1.0000000000e+00,-7.4240475449e-02,0.0000000000e+00,1.0000000000e+00,-0.0000000000e+00,4.2744000392e-03
6.1181681211e-01,8.4666549262e-01,-1.5000000596e-01,0.0000000000e+00,0.0000000000e+00,-1.0000000000e+00,3.7024000340e-03
-9.8797851583e-01,-4.4786890833e-01,1.5000000596e-01,0.0000000000e+00,0.0000000000e+00,1.0000000000e+00,3.8584000354e-03
1.0000000000e+00,4.0016223153e-01,2.2303704878e-02,1.0000000000e+00,0.0000000000e+00,0.0000000000e+00,3.4736000319e-03
-1.9560822814e-02,3.6248227042e-01,1.5000000596e-01,0.0000000000e+00,-0.0000000000e+00,1.0000000000e+00,3.5048000321e-03
-5.8203996025e-01,2.9394569611e-01,-1.5000000596e-01,0.0000000000e+00,0.0000000000e+00,-1.0000000000e+00,3.5048000321e-03
1.0000000000e+00,3.2201405595e-01,-1.1370814026e-02,1.0000000000e+00,0.0000000000e+00,0.0000000000e+00,3.1408000288e-03
4.2322843493e-01,-5.9744736738e-01,-1.5000000596e-01,0.0000000000e+00,0.0000000000e+00,-1.0000000000e+00,3.6712000337e-03
-6.5115451605e-01,1.0000000000e+00,7.4799316767e-02,0.0000000000e+00,1.0000000000e+00,-0.0000000000e+00,3.3904000311e-03
7.8115172899e-01,1.0000000000e+00,1.0084662528e-01,0.0000000000e+00,1.0000000000e+00,-0.0000000000e+00,2.3712000217e-03
8.2788075467e-01,7.6367953033e-01,-1.5000000596e-01,0.0000000000e+00,0.0000000000e+00,-1.0000000000e+00,3.0264000278e-03
2.0457335615e-01,-2.9337508006e-02,-1.5000000596e-01,0.0000000000e+00,0.0000000000e+00,-1.0000000000e+00,3.6400000334e-03
-3.1442738060e-01,9.7070637740e-02,1.5000000596e-01,0.0000000000e+00,0.0000000000e+00,1.0000000000e+00,3.6296000333e-03
4.3288827369e-01,-1.1363508546e-01,-1.5000000596e-01,0.0000000000e+00,0.0000000000e+00,-1.0000000000e+00,2.9952000275e-03
6.3278218268e-01,-8.3169671387e-01,-1.5000000596e-01,0.0000000000e+00,0.0000000000e+00,-1.0000000000e+00,2.8912000265e-03
-4.8175736477e-01,5.8088653160e-01,-1.5000000596e-01,0.0000000000e+00,0.0000000000e+00,-1.0000000000e+00,3.9104000359e-03
6.0347391421e-01,-1.8142747834e-01,-1.5000000596e-01,0.0000000000e+00,0.0000000000e+00,-1.0000000000e+00,2.9848000274e-03
-4.2958364000e-02,9.4114819992e-01,-1.5000000596e-01,0.0000000000e+00,0.0000000000e+00,-1.0000000000e+00,3.5776000328e-03
-1.5207176732e-01,1.0000000000e+00,-2.8714507189e-02,0.0000000000e+00,1.0000000000e+00,-0.0000000000e+00,3.8064000349e-03
7.0756711183e-01,-7.0334805080e-01,1.5000000596e-01,0.0000000000e+00,-0.0000000000e+00,1.0000000000e+00,3.6400000334e-03
9.1155484298e-01,4.7858573560e-01,-1.5000000596e-01,0.0000000000e+00,0.0000000000e+00,-1.0000000000e+00,3.4736000319e-03
-1.4644614648e-02,-7.3852627815e-01,-1.5000000596e-01,0.0000000000e+00,0.0000000000e+00,-1.0000000000e+00,2.9848000274e-03
1.1121514957e-01,1.3365861734e-01,1.5000000596e-01,0.0000000000e+00,-0.0000000000e+00,1.0000000000e+00,4.4720000410e-03
1.0000000000e+00,4.8820034138e-01,-5.7684978085e-02,1.0000000000e+00,0.0000000000e+00,0.0000000000e+00,3.1720000291e-03
3.5386360108e-02,-5.6488555780e-01,1.5000000596e-01,0.0000000000e+00,0.0000000000e+00,1.0000000000e+00,3.5256000323e-03
-8.8859185565e-01,-1.0000000000e+00,3.6417933367e-02,0.0000000000e+00,-1.0000000000e+00,0.0000000000e+00,3.7336000342e-03
-8.7388523220e-01,-6.1339594316e-01,-1.5000000596e-01,0.0000000000e+00,0.0000000000e+00,-1.0000000000e+00,3.0576000280e-03
-2.7942342625e-01,-8.4727730015e-01,1.5000000596e-01,0.0000000000e+00,0.0000000000e+00,1.0000000000e+00,4.5240000415e-03
1.9649267548e-01,9.5487814679e-01,1.5000000596e-01,0.0000000000e+00,-0.0000000000e+00,1.0000000000e+00,3.5880000329e-03
-6.7210045809e-01,8.7603403623e-01,1.5000000596e-01,0.0000000000e+00,-0.0000000000e+00,1.0000000000e+00,3.3488000307e-03
1.8960138416e-01,-1.9645251059e-01,-1.5000000596e-01,0.0000000000e+00,0.0000000000e+00,-1.0000000000e+00,3.0784000282e-03
-7.6408094415e-01,-4.5581170692e-01,1.5000000596e-01,0.0000000000e+00,0.0000000000e+00,1.0000000000e+00,2.6936000247e-03
-1.0000000000e+00,8.8755627050e-02,1.3802977781e-01,-1.0000000000e+00,0.0000000000e+00,0.0000000000e+00,3.7336000342e-03
-8.5917830471e-01,-4.8336292333e-01,-1.5000000596e-01,0.0000000000e+00,0.0000000000e+00,-1.0000000000e+00,2.5896000237e-03
-8.5066529907e-01,1.0000000000e+00,-1.0573531028e-01,0.0000000000e+00,1.0000000000e+00,-0.0000000000e+00,2.8600000262e-03
-7.4686762708e-01,9.1495663156e-01,1.5000000596e-01,0.0000000000e+00,-0.0000000000e+00,1.0000000000e+00,2.8808000264e-03
-7.3029097962e-01,-1.0000000000e+00,9.4726566993e-02,0.0000000000e+00,-1.0000000000e+00,0.0000000000e+00,4.2640000391e-03
8.8843041847e-01,-4.4331956318e-02,1.5000000596e-01,0.0000000000e+00,-0.0000000000e+00,1.0000000000e+00,3.5568000326e-03
1.0000000000e+00,9.7027194718e-02,-7.1921022941e-02,1.0000000000e+00,0.0000000000e+00,0.0000000000e+00,2.8080000257e-03
-5.6575542114e-01,5.5635438151e-01,1.5000000596e-01,0.0000000000e+00,0.0000000000e+00,1.0000000000e+00,3.1512000289e-03
3.8527547706e-01,-7.6899188298e-01,1.5000000596e-01,0.0000000000e+00,0.0000000000e+00,1.0000000000e+00,3.9520000362e-03
-6.9941787206e-01,4.1353384800e-02,1.5000000596e-01,0.0000000000e+00,0.0000000000e+00,1.0000000000e+00,3.3800000310e-03
-7.4232642808e-01,1.2875332906e-01,-1.5000000596e-01,0.0000000000e+00,0.0000000000e+00,-1.0000000000e+00,4.3784000401e-03
-8.1547176552e-01,8.6840448941e-01,-1.5000000596e-01,0.0000000000e+00,0.0000000000e+00,-1.0000000000e+00,3.5880000329e-03
5.9399097130e-01,5.5262277223e-01,1.5000000596e-01,0.0000000000e+00,-0.0000000000e+00,1.0000000000e+00,3.0056000276e-03
-8.2461789226e-01,-5.8938080747e-01,-1.5000000596e-01,0.0000000000e+00,0.0000000000e+00,-1.0000000000e+00,3.8168000350e-03
-1.0000000000e+00,4.3716034326e-01,5.3295459512e-02,-1.0000000000e+00,0.0000000000e+00,0.0000000000e+00,3.2968000302e-03
2.3059412540e-01,5.7230284611e-01,1.5000000596e-01,0.0000000000e+00,-0.0000000000e+00,1.0000000000e+00,3.6504000335e-03
-1.0000000000e+00,-7.3183752897e-01,-7.4718851034e-02,-1.0000000000e+00,-0.0000000000e+00,-0.0000000000e+00,3.2864000301e-03
-9.7570407982e-01,9.9435074260e-01,1.5000000596e-01,0.0000000000e+00,-0.0000000000e+00,1.0000000000e+00,4.6592000427e-03
-4.6479116570e-01,-3.4962845059e-01,1.5000000596e-01,0.0000000000e+00,0.0000000000e+00,1.0000000000e+00,3.7648000345e-03
-4.8337137168e-01,4.1746221226e-01,-1.5000000596e-01,0.0000000000e+00,0.0000000000e+00,-1.0000000000e+00,3.2552000299e-03
-1.0000000000e+00,9.4862518134e-01,9.0440382923e-02,-1.0000000000e+00,0.0000000000e+00,0.0000000000e+00,4.7320000434e-03
1.0588597943e-01,-4.2211791661e-01,-1.5000000596e-01,0.0000000000e+00,0.0000000000e+00,-1.0000000000e+00,3.8896000357e-03
-1.4192673991e-01,8.5730990184e-01,-1.5000000596e-01,0.0000000000e+00,0.0000000000e+00,-1.0000000000e+00,3.8688000355e-03
7.6061778690e-01,-5.5774290055e-01,-1.5000000596e-01,0.0000000000e+00,0.0000000000e+00,-1.0000000000e+00,2.8496000261e-03
6.0089593297e-01,2.3760681181e-01,-1.5000000596e-01,0.0000000000e+00,0.0000000000e+00,-1.0000000000e+00,3.8168000350e-03
-9.5220927005e-01,-4.8429733042e-01,1.5000000596e-01,0.0000000000e+00,0.0000000000e+00,1.0000000000e+00,3.2760000300e-03
-7.0371472571e-01,8.1291781132e-01,-1.5000000596e-01,0.0000000000e+00,0.0000000000e+00,-1.0000000000e+00,4.2328000388e-03
6.1769240897e-01,4.5750590079e-01,-1.5000000596e-01,0.0000000000e+00,0.0000000000e+00,-1.0000000000e+00,3.2760000300e-03
1.9253345044e-01,-9.4645956204e-01,1.5000000596e-01,0.0000000000e+00,0.0000000000e+00,1.0000000000e+00,3.1720000291e-03
9.5282642499e-01,-3.6419276732e-01,1.5000000596e-01,0.0000000000e+00,-0.0000000000e+00,1.0000000000e+00,3.6712000337e-03
-6.0848640991e-01,9.2663198292e-01,-1.5000000596e-01,0.0000000000e+00,0.0000000000e+00,-1.0000000000e+00,3.5360000324e-03
1.9708157541e-01,2.3682158447e-01,1.5000000596e-01,0.0000000000e+00,-0.0000000000e+00,1.0000000000e+00,4.0768000374e-03
-8.7825972887e-01,2.8215324132e-01,1.5000000596e-01,0.0000000000e+00,0.0000000000e+00,1.0000000000e+00,3.1928000293e-03
-1.0000000000e+00,1.0567828105e-03,8.4911743662e-02,-1.0000000000e+00,0.0000000000e+00,0.0000000000e+00,2.9432000270e-03
2.6750944991e-01,2.5756219413e-01,1.5000000596e-01,0.0000000000e+00,-0.0000000000e+00,1.0000000000e+00,2.6728000245e-03
4.6332415771e-01,2.6854703196e-02,-1.5000000596e-01,0.0000000000e+00,0.0000000000e+00,-1.0000000000e+00,4.1912000384e-03
-1.0000000000e+00,-6.2354934292e-01,-1.2286931699e-02,-1.0000000000e+00,-0.0000000000e+00,-0.0000000000e+00,3.9208000360e-03
7.2232452002e-01,-7.5247811467e-01,-1.5000000596e-01,0.0000000000e+00,0.0000000000e+00,-1.0000000000e+00,4.1600000381e-03
-4.8951105066e-02,-5.9408990494e-01,-1.5000000596e-01,0.0000000000e+00,0.0000000000e+00,-1.0000000000e+00,4.2744000392e-03
-7.4034620274e-01,1.9138149516e-01,-1.5000000596e-01,0.0000000000e+00,0.0000000000e+00,-1.0000000000e+00,3.3696000309e-03
7.9340756193e-01,-1.2064622222e-01,-1.5000000596e-01,0.0000000000e+00,0.0000000000e+00,-1.0000000000e+00,3.7232000341e-03
7.9841202170e-01,-3.3200317705e-01,1.5000000596e-01,0.0000000000e+00,-0.0000000000e+00,1.0000000000e+00,2.4648000226e-03
-3.3830721698e-01,9.3585568843e-01,-1.5000000596e-01,0.0000000000e+00,0.0000000000e+00,-1.0000000000e+00,3.2864000301e-03
-6.9860797986e-01,3.3089766492e-01,-1.5000000596e-01,0.0000000000e+00,0.0000000000e+00,-1.0000000000e+00,3.2448000298e-03
-9.0943099200e-02,-6.4956569776e-01,-1.5000000596e-01,0.0000000000e+00,0.0000000000e+00,-1.0000000000e+00,3.4528000317e-03
6.0234637839e-01,1.0000000000e+00,3.8711953750e-02,0.0000000000e+00,1.0000000000e+00,-0.0000000000e+00,3.4840000319e-03
-2.0355531332e-01,8.0336000350e-01,-1.5000000596e-01,0.0000000000e+00,0.0000000000e+00,-1.0000000000e+00,3.5256000323e-03
-8.6047383047e-01,-7.3890740530e-01,1.5000000596e-01,0.0000000000e+00,0.0000000000e+00,1.0000000000e+00,4.1392000380e-03
8.3194348812e-01,-7.8168087063e-03,-1.5000000596e-01,0.0000000000e+00,0.0000000000e+00,-1.0000000000e+00,2.8912000265e-03
9.3271987721e-01,-8.2438436373e-01,-1.5000000596e-01,0.0000000000e+00,0.0000000000e+00,-1.0000000000e+00,3.3696000309e-03
7.9639422155e-01,4.0692622214e-01,1.5000000596e-01,0.0000000000e+00,-0.0000000000e+00,1.0000000000e+00,4.3472000399e-03
8.8661696011e-01,1.0000000000e+00,7.2997590312e-02,0.0000000000e+00,1.0000000000e+00,-0.0000000000e+00,3.5464000325e-03
5.8997990667e-01,7.8681749315e-01,1.5000000596e-01,0.0000000000e+00,-0.0000000000e+00,1.0000000000e+00,3.2136000295e-03
-6.7711254526e-01,-8.9327186534e-01,-1.5000000596e-01,0.0000000000e+00,0.0000000000e+00,-1.0000000000e+00,3.6920000339e-03
-5.2629845778e-01,-1.0000000000e+00,-1.2434186361e-02,0.0000000000e+00,-1.0000000000e+00,0.0000000000e+00,3.0576000280e-03
5.8112089871e-01,-3.1915267572e-01,-1.5000000596e-01,0.0000000000e+00,0.0000000000e+00,-1.0000000000e+00,3.7336000342e-03
-1.6884363475e-02,-8.4405919206e-01,1.5000000596e-01,0.0000000000e+00,0.0000000000e+00,1.0000000000e+00,5.1688000474e-03
-6.7823110309e-01,-4.0768782815e-01,1.5000000596e-01,0.0000000000e+00,0.0000000000e+00,1.0000000000e+00,3.5672000327e-03
-4.9852798781e-01,4.1926710704e-01,1.5000000596e-01,0.0000000000e+00,0.0000000000e+00,1.0000000000e+00,3.4112000313e-03
-5.4015107046e-02,-4.8387292573e-01,-1.5000000596e-01,0.0000000000e+00,0.0000000000e+00,-1.0000000000e+00,2.9536000271e-03
-4.8301573464e-01,9.2862471771e-01,-1.5000000596e-01,0.0000000000e+00,0.0000000000e+00,-1.0000000000e+00,3.7856000347e-03
-7.6113606231e-01,-2.3031805087e-01,1.5000000596e-01,0.0000000000e+00,0.0000000000e+00,1.0000000000e+00,3.9936000366e-03
9.8482601868e-01,-3.8259379471e-02,1.5000000596e-01,0.0000000000e+00,-0.0000000000e+00,1.0000000000e+00,4.4928000412e-03
5.2741494061e-01,1.0000000000e+00,2.8205562698e-02,0.0000000000e+00,1.0000000000e+00,-0.0000000000e+00,3.5256000323e-03
-6.1374515789e-01,7.1446162934e-01,-1.5000000596e-01,0.0000000000e+00,0.0000000000e+00,-1.0000000000e+00,3.0784000282e-03
-5.6968305711e-02,-3.8689009126e-01,1.5000000596e-01,0.0000000000e+00,0.0000000000e+00,1.0000000000e+00,3.1096000285e-03
-1.0000000000e+00,-5.2046337147e-01,-8.2791851163e-02,-1.0000000000e+00,-0.0000000000e+00,-0.0000000000e+00,3.1304000287e-03
1.0000000000e+00,-5.7136495489e-01,1.5340589897e-03,1.0000000000e+00,0.0000000000e+00,-0.0000000000e+00,4.1496000381e-03
-5.7382052496e-01,1.0587955844e-01,1.5000000596e-01,0.0000000000e+00,0.0000000000e+00,1.0000000000e+00,4.0144000368e-03
-3.4916493738e-01,-1.0397570432e-01,1.5000000596e-01,0.0000000000e+00,0.0000000000e+00,1.0000000000e+00,3.3696000309e-03
3.2312820248e-01,2.6179782119e-01,1.5000000596e-01,0.0000000000e+00,-0.0000000000e+00,1.0000000000e+00,2.4544000225e-03
8.8832825753e-01,1.0000000000e+00,-6.1158787829e-02,0.0000000000e+00,1.0000000000e+00,-0.0000000000e+00,3.2968000302e-03
1.0000000000e+00,1.8036066964e-01,1.0305501421e-01,1.0000000000e+00,0.0000000000e+00,-0.0000000000e+00,3.4320000315e-03
1.0000000000e+00,-6.7343114279e-01,7.6077871686e-02,1.0000000000e+00,0.0000000000e+00,-0.0000000000e+00,2.9744000273e-03
-9.8410373750e-01,7.5197187837e-01,-1.5000000596e-01,0.0000000000e+00,0.0000000000e+00,-1.0000000000e+00,3.4424000316e-03
3.0209230545e-01,-9.7312602515e-01,-1.5000000596e-01,0.0000000000e+00,0.0000000000e+00,-1.0000000000e+00,4.0456000371e-03
-4.4920290698e-01,1.0000000000e+00,-8.5103915214e-02,0.0000000000e+00,1.0000000000e+00,-0.0000000000e+00,4.0352000370e-03
-2.7629512018e-01,-3.2342952664e-01,-1.5000000596e-01,0.0000000000e+00,0.0000000000e+00,-1.0000000000e+00,3.4528000317e-03
1.0000000000e+00,2.9534507493e-01,5.8248054158e-02,1.0000000000e+00,0.0000000000e+00,-0.0000000000e+00,3.1200000286e-03
-6.3510675696e-01,7.7476250798e-02,-1.5000000596e-01,0.0000000000e+00,0.0000000000e+00,-1.0000000000e+00,4.0456000371e-03
-1.5753573863e-01,-2.2201267215e-01,-1.5000000596e-01,0.0000000000e+00,0.0000000000e+00,-1.0000000000e+00,3.8272000351e-03
-1.1157156885e-04,-4.9798529829e-04,1.5000000596e-01,0.0000000000e+00,0.0000000000e+00,1.0000000000e+00,2.8496000261e-03
1.0000000000e+00,2.3856992038e-01,8.8560518842e-02,1.0000000000e+00,0.0000000000e+00,-0.0000000000e+00,3.0888000283e-03
-3.7353702821e-01,-6.9292435592e-01,-1.5000000596e-01,0.0000000000e+00,0.0000000000e+00,-1.0000000000e+00,3.4528000317e-03
2.9709378301e-01,4.7949331064e-01,1.5000000596e-01,0.0000000000e+00,-0.0000000000e+00,1.0000000000e+00,3.2344000297e-03
9.6195303393e-01,4.4397997822e-01,-1.5000000596e-01,0.0000000000e+00,0.0000000000e+00,-1.0000000000e+00,3.5464000325e-03
5.2413606609e-01,1.0000000000e+00,-3.8324599316e-02,0.0000000000e+00,1.0000000000e+00,-0.0000000000e+00,3.4424000316e-03
8.3146104871e-01,6.3988291186e-01,1.5000000596e-01,0.0000000000e+00,-0.0000000000e+00,1.0000000000e+00,3.3072000303e-03
-3.2052127306e-01,9.3757417185e-01,1.5000000596e-01,0.0000000000e+00,-0.0000000000e+00,1.0000000000e+00,3.3696000309e-03
1.0000000000e+00,3.5349432806e-01,-1.4291231045e-01,1.0000000000e+00,0.0000000000e+00,0.0000000000e+00,4.0872000375e-03
-5.8680584325e-01,6.7894712865e-01,1.5000000596e-01,0.0000000000e+00,-0.0000000000e+00,1.0000000000e+00,3.9728000364e-03
-4.5232425266e-01,-1.0000000000e+00,2.5627253673e-02,0.0000000000e+00,-1.0000000000e+00,0.0000000000e+00,3.5776000328e-03
-5.4527109281e-01,4.4488157795e-01,1.5000000596e-01,0.0000000000e+00,0.0000000000e+00,1.0000000000e+00,3.4008000312e-03
-9.4222526067e-01,6.8654548071e-01,-1.5000000596e-01,0.0000000000e+00,0.0000000000e+00,-1.0000000000e+00,4.5760000420e-03
3.0635031848e-01,9.3066771281e-01,1.5000000596e-01,0.0000000000e+00,-0.0000000000e+00,1.0000000000e+00,4.2328000388e-03
2.0927829913e-01,-5.8326280593e-01,-1.5000000596e-01,0.0000000000e+00,0.0000000000e+00,-1.0000000000e+00,4.6904000430e-03
-3.6100218513e-01,5.8818664917e-01,-1.5000000596e-01,0.0000000000e+00,0.0000000000e+00,-1.0000000000e+00,2.8600000262e-03
-4.5385413359e-02,-5.4438868585e-01,1.5000000596e-01,0.0000000000e+00,0.0000000000e+00,1.0000000000e+00,3.6400000334e-03
1.0000000000e+00,4.6302047384e-01,1.9653454737e-02,1.0000000000e+00,0.0000000000e+00,0.0000000000e+00,4.2640000391e-03
-8.3527277051e-01,8.4962807145e-01,1.5000000596e-01,0.0000000000e+00,-0.0000000000e+00,1.0000000000e+00,3.3488000307e-03
8.9972831394e-02,-9.9273037299e-01,-1.5000000596e-01,0.0000000000e+00,0.0000000000e+00,-1.0000000000e+00,3.6920000339e-03
-6.1550597557e-01,-1.0000000000e+00,1.4969529010e-01,0.0000000000e+00,-1.0000000000e+00,0.0000000000e+00,3.0368000278e-03
-4.0103352377e-02,3.2165756466e-01,-1.5000000596e-01,0.0000000000e+00,0.0000000000e+00,-1.0000000000e+00,2.9224000268e-03
-5.9062237469e-01,7.6671059462e-01,1.5000000596e-01,0.0000000000e+00,-0.0000000000e+00,1.0000000000e+00,4.1080000377e-03
-6.2656385228e-01,-1.9243372797e-01,1.5000000596e-01,0.0000000000e+00,0.0000000000e+00,1.0000000000e+00,3.6816000338e-03
-1.0000000000e+00,3.1032649233e-01,4.8414777434e-02,-1.0000000000e+00,0.0000000000e+00,0.0000000000e+00,2.7144000249e-03
4.6284170133e-01,1.6977510197e-01,-1.5000000596e-01,0.0000000000e+00,0.0000000000e+00,-1.0000000000e+00,2.3608000216e-03
1.4790702891e-01,-5.5692628343e-01,1.5000000596e-01,0.0000000000e+00,0.0000000000e+00,1.0000000000e+00,3.0472000279e-03
1.8394378458e-01,-8.7625956515e-01,1.5000000596e-01,0.0000000000e+00,0.0000000000e+00,1.0000000000e+00,3.3384000306e-03
-4.9945914175e-01,1.5092165410e-01,-1.5000000596e-01,0.0000000000e+00,0.0000000000e+00,-1.0000000000e+00,3.2552000299e-03
-2.3758595217e-01,1.0000000000e+00,-6.7721619911e-02,0.0000000000e+00,1.0000000000e+00,-0.0000000000e+00,3.0472000279e-03
1.6418987600e-01,-6.8817304869e-01,-1.5000000596e-01,0.0000000000e+00,0.0000000000e+00,-1.0000000000e+00,4.1392000380e-03
7.5213898367e-01,-4.9254818192e-01,-1.5000000596e-01,0.0000000000e+00,0.0000000000e+00,-1.0000000000e+00,3.5984000330e-03
-1.2973804924e-01,-1.0000000000e+00,1.3230690503e-01,0.0000000000e+00,-1.0000000000e+00,0.0000000000e+00,3.1512000289e-03
3.6722471201e-01,-8.7416785662e-01,1.5000000596e-01,0.0000000000e+00,0.0000000000e+00,1.0000000000e+00,3.1200000286e-03
3.3001015652e-01,-2.7038561524e-01,1.5000000596e-01,0.0000000000e+00,-0.0000000000e+00,1.0000000000e+00,3.6608000336e-03
8.7225453818e-01,4.9464538479e-01,1.5000000596e-01,0.0000000000e+00,-0.0000000000e+00,1.0000000000e+00,2.9640000272e-03
9.8132823717e-01,1.4708951417e-01,1.5000000596e-01,0.0000000000e+00,-0.0000000000e+00,1.0000000000e+00,4.9712000456e-03
-2.6752752953e-01,4.0298729756e-02,1.5000000596e-01,0.0000000000e+00,0.0000000000e+00,1.0000000000e+00,3.4424000316e-03
-2.4792361133e-01,-8.6795297274e-02,1.5000000596e-01,0.0000000000e+00,0.0000000000e+00,1.0000000000e+00,3.3904000311e-03
1.7634331755e-01,5.2179025815e-01,-1.5000000596e-01,0.0000000000e+00,0.0000000000e+00,-1.0000000000e+00,3.6296000333e-03
6.6964712800e-01,6.3518363025e-01,-1.5000000596e-01,0.0000000000e+00,0.0000000000e+00,-1.0000000000e+00,3.9312000360e-03
6.4652987446e-01,-9.2473897129e-01,1.5000000596e-01,0.0000000000e+00,0.0000000000e+00,1.0000000000e+00,4.5032000413e-03
3.2445609082e-01,-5.3212345545e-01,-1.5000000596e-01,0.0000000000e+00,0.0000000000e+00,-1.0000000000e+00,4.2536000390e-03
-5.4963788265e-01,-7.1608635340e-01,-1.5000000596e-01,0.0000000000e+00,0.0000000000e+00,-1.0000000000e+00,4.1808000383e-03
-9.6450198533e-01,1.0000000000e+00,1.0373777883e-01,0.0000000000e+00,1.0000000000e+00,-0.0000000000e+00,3.4944000320e-03
-1.0000000000e+00,-1.3525384780e-01,-5.9459430126e-03,-1.0000000000e+00,-0.0000000000e+00,-0.0000000000e+00,2.9848000274e-03
1.2730455830e-01,1.0000000000e+00,-9.4635503489e-03,0.0000000000e+00,1.0000000000e+00,-0.0000000000e+00,3.4216000314e-03
-8.4605256404e-01,-7.8525981995e-01,-1.5000000596e-01,0.0000000000e+00,0.0000000000e+00,-1.0000000000e+00,4.0560000372e-03
4.6029158706e-01,-1.8441558875e-01,-1.5000000596e-01,0.0000000000e+00,0.0000000000e+00,-1.0000000000e+00,3.1408000288e-03
-8.1858206075e-02,-6.4760694719e-01,1.5000000596e-01,0.0000000000e+00,0.0000000000e+00,1.0000000000e+00,2.9952000275e-03
-6.1445920717e-01,-5.3606255779e-01,-1.5000000596e-01,0.0000000000e+00,0.0000000000e+00,-1.0000000000e+00,2.8184000258e-03
-8.7191381794e-04,-3.4763580963e-01,1.5000000596e-01,0.0000000000e+00,0.0000000000e+00,1.0000000000e+00,3.5880000329e-03
8.2003070564e-01,-2.8652473612e-01,1.5000000596e-01,0.0000000000e+00,-0.0000000000e+00,1.0000000000e+00,3.2552000299e-03
-4.1987190888e-01,-4.0938930367e-01,-1.5000000596e-01,0.0000000000e+00,0.0000000000e+00,-1.0000000000e+00,3.1408000288e-03
7.5619466064e-01,-1.0000000000e+00,-1.3812002426e-01,0.0000000000e+00,-1.0000000000e+00,0.0000000000e+00,4.2328000388e-03
-8.7763895646e-01,8.6540152874e-02,1.5000000596e-01,0.0000000000e+00,0.0000000000e+00,1.0000000000e+00,3.2344000297e-03
4.9692335922e-01,-1.7109281308e-01,1.5000000596e-01,0.0000000000e+00,-0.0000000000e+00,1.0000000000e+00,3.3280000305e-03
3.1665180994e-01,9.8945723795e-01,-1.5000000596e-01,0.0000000000e+00,0.0000000000e+00,-1.0000000000e+00,4.7424000435e-03
-1.0000000000e+00,8.1873557595e-01,-9.3185017788e-02,-1.0000000000e+00,0.0000000000e+00,0.0000000000e+00,4.5136000414e-03
1.6370923803e-01,-4.5705994429e-01,-1.5000000596e-01,0.0000000000e+00,0.0000000000e+00,-1.0000000000e+00,3.8272000351e-03
3.7800143965e-01,6.3204095648e-01,1.5000000596e-01,0.0000000000e+00,-0.0000000000e+00,1.0000000000e+00,2.9536000271e-03
3.5710443783e-02,-7.8434226108e-01,1.5000000596e-01,0.0000000000e+00,0.0000000000e+00,1.0000000000e+00,4.3472000399e-03
5.3141611594e-01,-8.1794480964e-01,-1.5000000596e-01,0.0000000000e+00,0.0000000000e+00,-1.0000000000e+00,3.5360000324e-03
4.0937160949e-01,-3.8141738075e-01,1.5000000596e-01,0.0000000000e+00,-0.0000000000e+00,1.0000000000e+00,4.4096000404e-03
-8.5727273504e-01,3.9561113694e-01,1.5000000596e-01,0.0000000000e+00,0.0000000000e+00,1.0000000000e+00,4.2016000385e-03
1.0000000000e+00,-6.1243464745e-01,6.9285116976e-02,1.0000000000e+00,0.0000000000e+00,-0.0000000000e+00,4.1496000381e-03
-6.9136575962e-01,-9.0673593090e-02,1.5000000596e-01,0.0000000000e+00,0.0000000000e+00,1.0000000000e+00,3.3280000305e-03
-5.9596347243e-01,1.0000000000e+00,8.0449869051e-02,0.0000000000e+00,1.0000000000e+00,-0.0000000000e+00,3.9104000359e-03
9.2807864690e-01,2.1532763553e-01,1.5000000596e-01,0.0000000000e+00,-0.0000000000e+00,1.0000000000e+00,3.4736000319e-03
-1.8081870425e-01,-2.0220766162e-01,1.5000000596e-01,0.0000000000e+00,0.0000000000e+00,1.0000000000e+00,3.8688000355e-03
-3.6386582793e-01,-5.5057596501e-01,1.5000000596e-01,0.0000000000e+00,0.0000000000e+00,1.0000000000e+00,4.1808000383e-03
-9.1880990137e-01,9.1683891712e-01,-1.5000000596e-01,0.0000000000e+00,0.0000000000e+00,-1.0000000000e+00,3.5880000329e-03
1.9211246856e-01,7.3718437783e-01,1.5000000596e-01,0.0000000000e+00,-0.0000000000e+00,1.0000000000e+00,3.0680000281e-03
-4.1985119765e-01,-9.7895250579e-01,1.5000000596e-01,0.0000000000e+00,0.0000000000e+00,1.0000000000e+00,3.7752000346e-03
2.6066155335e-01,1.8857266169e-01,-1.5000000596e-01,0.0000000000e+00,0.0000000000e+00,-1.0000000000e+00,3.4736000319e-03
-3.1099191574e-01,-5.1486714134e-01,1.5000000596e-01,0.0000000000e+00,0.0000000000e+00,1.0000000000e+00,4.4408000407e-03
-8.0507467295e-01,1.4418431519e-01,-1.5000000596e-01,0.0000000000e+00,0.0000000000e+00,-1.0000000000e+00,3.8064000349e-03
-6.8859975975e-01,2.7333768459e-01,1.5000000596e-01,0.0000000000e+00,0.0000000000e+00,1.0000000000e+00,4.3888000402e-03
-9.3790002714e-01,-1.2610226740e-01,-1.5000000596e-01,0.0000000000e+00,0.0000000000e+00,-1.0000000000e+00,3.4424000316e-03
2.4177168688e-01,-1.9153229175e-01,-1.5000000596e-01,0.0000000000e+00,0.0000000000e+00,-1.0000000000e+00,3.5360000324e-03
-2.1645446781e-01,2.7963219040e-01,-1.5000000596e-01,0.0000000000e+00,0.0000000000e+00,-1.0000000000e+00,3.1304000287e-03
6.6749238140e-01,4.8278972965e-03,-1.5000000596e-01,0.0000000000e+00,0.0000000000e+00,-1.0000000000e+00,2.7456000252e-03
-9.1807410087e-02,-9.1348613782e-01,-1.5000000596e-01,0.0000000000e+00,0.0000000000e+00,-1.0000000000e+00,2.8704000263e-03
3.8842744806e-01,8.5927417550e-01,-1.5000000596e-01,0.0000000000e+00,0.0000000000e+00,-1.0000000000e+00,3.1512000289e-03
-5.4615611388e-01,9.4690726074e-01,1.5000000596e-01,0.0000000000e+00,-0.0000000000e+00,1.0000000000e+00,3.5568000326e-03
7.0136125652e-01,-8.1523528394e-01,1.5000000596e-01,0.0000000000e+00,0.0000000000e+00,1.0000000000e+00,3.3280000305e-03
5.4031811076e-01,1.0000000000e+00,8.0166913996e-02,0.0000000000e+00,1.0000000000e+00,-0.0000000000e+00,3.3072000303e-03
7.3379165468e-01,-7.5437575206e-01,1.5000000596e-01,0.0000000000e+00,0.0000000000e+00,1.0000000000e+00,2.9120000267e-03
8.4665058424e-01,-4.0896630448e-01,-1.5000000596e-01,0.0000000000e+00,0.0000000000e+00,-1.0000000000e+00,4.1704000382e-03
-9.3696228450e-01,-6.3618750445e-01,1.5000000596e-01,0.0000000000e+00,0.0000000000e+00,1.0000000000e+00,3.4216000314e-03
5.0953114617e-01,1.0000000000e+00,1.1592778118e-01,0.0000000000e+00,1.0000000000e+00,-0.0000000000e+00,3.8584000354e-03
4.7243457096e-01,2.9416483412e-01,1.5000000596e-01,0.0000000000e+00,-0.0000000000e+00,1.0000000000e+00,3.0992000284e-03
1.0000000000e+00,-2.4073438455e-01,5.8976392353e-03,1.0000000000e+00,0.0000000000e+00,-0.0000000000e+00,3.7752000346e-03
5.6049793087e-01,2.9427922601e-02,-1.5000000596e-01,0.0000000000e+00,0.0000000000e+00,-1.0000000000e+00,5.0440000463e-03
-2.5335415136e-01,-2.9841572817e-02,-1.5000000596e-01,0.0000000000e+00,0.0000000000e+00,-1.0000000000e+00,3.3176000304e-03
6.4249455847e-01,-2.7346694102e-01,-1.5000000596e-01,0.0000000000e+00,0.0000000000e+00,-1.0000000000e+00,3.8792000356e-03
-8.3581183027e-01,3.1637730035e-01,-1.5000000596e-01,0.0000000000e+00,0.0000000000e+00,-1.0000000000e+00,3.9728000364e-03
2.9723236588e-01,-2.4043385544e-01,-1.5000000596e-01,0.0000000000e+00,0.0000000000e+00,-1.0000000000e+00,3.4112000313e-03
2.5396141815e-01,-7.4137403006e-01,-1.5000000596e-01,0.0000000000e+00,0.0000000000e+00,-1.0000000000e+00,3.5256000323e-03
-4.8816780800e-01,-8.7890556512e-01,1.5000000596e-01,0.0000000000e+00,0.0000000000e+00,1.0000000000e+00,3.1824000292e-03
7.0649964541e-01,1.8056493058e-01,1.5000000596e-01,0.0000000000e+00,-0.0000000000e+00,1.0000000000e+00,4.4720000410e-03
7.7279545659e-02,1.7453046458e-01,-1.5000000596e-01,0.0000000000e+00,0.0000000000e+00,-1.0000000000e+00,2.8288000259e-03
7.9112187525e-01,-7.4906428765e-01,-1.5000000596e-01,0.0000000000e+00,0.0000000000e+00,-1.0000000000e+00,3.8272000351e-03
-7.7958800168e-01,6.0521489413e-01,-1.5000000596e-01,0.0000000000e+00,0.0000000000e+00,-1.0000000000e+00,2.8496000261e-03
-3.7157064104e-01,9.7095068716e-01,-1.5000000596e-01,0.0000000000e+00,0.0000000000e+00,-1.0000000000e+00,3.8480000353e-03
4.2599646923e-02,-1.8253701871e-01,1.5000000596e-01,0.0000000000e+00,0.0000000000e+00,1.0000000000e+00,3.0264000278e-03
3.5974213602e-02,3.1757467087e-01,1.5000000596e-01,0.0000000000e+00,-0.0000000000e+00,1.0000000000e+00,3.5048000321e-03
-7.2300595013e-02,7.5561320878e-01,-1.5000000596e-01,0.0000000000e+00,0.0000000000e+00,-1.0000000000e+00,3.0472000279e-03
1.1473870845e-01,-6.3433778397e-01,1.5000000596e-01,0.0000000000e+00,0.0000000000e+00,1.0000000000e+00,3.2448000298e-03
-1.0000000000e+00,8.9267331286e-01,-9.1212009196e-02,-1.0000000000e+00,0.0000000000e+00,0.0000000000e+00,4.0040000367e-03
5.6401753500e-01,6.1108624572e-01,-1.5000000596e-01,0.0000000000e+00,0.0000000000e+00,-1.0000000000e+00,3.2032000294e-03
4.6871885440e-01,6.6857156090e-01,-1.5000000596e-01,0.0000000000e+00,0.0000000000e+00,-1.0000000000e+00,3.5568000326e-03
-1.0000000000e+00,-1.0109196729e-01,1.1224709531e-01,-1.0000000000e+00,0.0000000000e+00,0.0000000000e+00,4.0872000375e-03
-5.8012033009e-03,-1.7785084499e-01,-1.5000000596e-01,0.0000000000e+00,0.0000000000e+00,-1.0000000000e+00,3.3696000309e-03
7.9518600878e-01,5.8014647209e-01,-1.5000000596e-01,0.0000000000e+00,0.0000000000e+00,-1.0000000000e+00,2.8392000260e-03
-7.2213276935e-01,-6.6510194446e-01,1.5000000596e-01,0.0000000000e+00,0.0000000000e+00,1.0000000000e+00,3.7128000340e-03
-1.5717114583e-01,7.0390213988e-01,1.5000000596e-01,0.0000000000e+00,-0.0000000000e+00,1.0000000000e+00,3.5256000323e-03
8.5750806528e-01,-1.0000000000e+00,9.7554808583e-02,0.0000000000e+00,-1.0000000000e+00,0.0000000000e+00,2.8392000260e-03
4.4169269440e-01,6.7775315766e-01,1.5000000596e-01,0.0000000000e+00,-0.0000000000e+00,1.0000000000e+00,4.0976000376e-03
5.9686464330e-01,-6.1630349815e-01,-1.5000000596e-01,0.0000000000e+00,0.0000000000e+00,-1.0000000000e+00,4.8256000443e-03
3.4398976891e-01,-9.0498078304e-01,-1.5000000596e-01,0.0000000000e+00,0.0000000000e+00,-1.0000000000e+00,4.7112000432e-03
-3.8688011087e-01,-2.8366392400e-01,1.5000000596e-01,0.0000000000e+00,0.0000000000e+00,1.0000000000e+00,5.7928000531e-03
3.6939652444e-01,-8.1757681636e-01,-1.5000000596e-01,0.0000000000e+00,0.0000000000e+00,-1.0000000000e+00,3.5984000330e-03
4.0035955129e-02,1.0000000000e+00,-1.0271241723e-01,0.0000000000e+00,1.0000000000e+00,-0.0000000000e+00,3.3800000310e-03
8.8175137167e-01,1.0000000000e+00,1.2753458149e-01,0.0000000000e+00,1.0000000000e+00,-0.0000000000e+00,4.0248000369e-03
-1.0000000000e+00,-1.3692118115e-01,-1.4761649717e-01,-1.0000000000e+00,-0.0000000000e+00,-0.0000000000e+00,3.5776000328e-03
1.0000000000e+00,4.2855861068e-01,-3.9459130080e-02,1.0000000000e+00,0.0000000000e+00,0.0000000000e+00,3.6712000337e-03
-4.8144648011e-01,-1.4045079758e-01,-1.5000000596e-01,0.0000000000e+00,0.0000000000e+00,-1.0000000000e+00,3.4944000320e-03
5.3253751694e-01,-1.0000000000e+00,-4.7581239441e-02,0.0000000000e+00,-1.0000000000e+00,0.0000000000e+00,4.3784000401e-03
-5.6485101067e-01,-1.7647947956e-01,1.5000000596e-01,0.0000000000e+00,0.0000000000e+00,1.0000000000e+00,3.5152000322e-03
8.3871739045e-01,3.4300078942e-01,1.5000000596e-01,0.0000000000e+00,-0.0000000000e+00,1.0000000000e+00,4.0560000372e-03
-7.5190956247e-01,-7.0548933087e-01,1.5000000596e-01,0.0000000000e+00,0.0000000000e+00,1.0000000000e+00,2.4128000221e-03
-1.0453710804e-02,9.0983985972e-01,-1.5000000596e-01,0.0000000000e+00,0.0000000000e+00,-1.0000000000e+00,3.7440000343e-03
5.4467353397e-01,7.2000749737e-01,-1.5000000596e-01,0.0000000000e+00,0.0000000000e+00,-1.0000000000e+00,2.6624000244e-03
1.9011400181e-01,1.8599427874e-01,-1.5000000596e-01,0.0000000000e+00,0.0000000000e+00,-1.0000000000e+00,3.3384000306e-03
-7.2034666297e-01,8.6008109305e-01,1.5000000596e-01,0.0000000000e+00,-0.0000000000e+00,1.0000000000e+00,3.9208000360e-03
1.5607980403e-01,-4.3167321721e-02,-1.5000000596e-01,0.0000000000e+00,0.0000000000e+00,-1.0000000000e+00,3.0056000276e-03
6.7555660617e-01,-4.3693593609e-01,-1.5000000596e-01,0.0000000000e+00,0.0000000000e+00,-1.0000000000e+00,3.9624000363e-03
-7.4617941030e-01,1.0000000000e+00,-1.8953236340e-02,0.0000000000e+00,1.0000000000e+00,-0.0000000000e+00,3.2032000294e-03
6.5669066827e-04,6.2438850292e-01,-1.5000000596e-01,0.0000000000e+00,0.0000000000e+00,-1.0000000000e+00,3.2760000300e-03
-1.2236939551e-01,2.9107488237e-01,1.5000000596e-01,0.0000000000e+00,-0.0000000000e+00,1.0000000000e+00,3.1928000293e-03
-3.8267737734e-01,4.5464934263e-01,1.5000000596e-01,0.0000000000e+00,-0.0000000000e+00,1.0000000000e+00,3.3904000311e-03
-6.5018138800e-01,6.0778315494e-01,1.5000000596e-01,0.0000000000e+00,0.0000000000e+00,1.0000000000e+00,3.7960000348e-03
-9.6074685504e-01,1.9629829541e-01,1.5000000596e-01,0.0000000000e+00,0.0000000000e+00,1.0000000000e+00,3.6088000331e-03
2.1457724847e-01,-1.0000000000e+00,1.4369084170e-01,0.0000000000e+00,-1.0000000000e+00,0.0000000000e+00,5.1480000472e-03
-2.2781078249e-01,6.6182816703e-01,1.5000000596e-01,0.0000000000e+00,-0.0000000000e+00,1.0000000000e+00,4.1808000383e-03
-6.6228429877e-01,-6.2474088177e-01,1.5000000596e-01,0.0000000000e+00,0.0000000000e+00,1.0000000000e+00,2.9848000274e-03
1.7125312084e-01,1.0047465404e-01,1.5000000596e-01,0.0000000000e+00,-0.0000000000e+00,1.0000000000e+00,4.3576000400e-03
-1.0000000000e+00,3.9002299866e-01,1.3014440680e-01,-1.0000000000e+00,0.0000000000e+00,0.0000000000e+00,4.9816000457e-03
3.5106342431e-01,-6.3272883267e-01,1.5000000596e-01,0.0000000000e+00,0.0000000000e+00,1.0000000000e+00,3.9624000363e-03
-1.0000000000e+00,-2.9890657281e-01,1.3967912231e-01,-1.0000000000e+00,0.0000000000e+00,0.0000000000e+00,4.1808000383e-03
6.9891319488e-02,8.6812772054e-01,1.5000000596e-01,0.0000000000e+00,-0.0000000000e+00,1.0000000000e+00,4.4408000407e-03
-8.0970679212e-01,-6.4821726968e-01,-1.5000000596e-01,0.0000000000e+00,0.0000000000e+00,-1.0000000000e+00,3.4008000312e-03
-7.6901490441e-01,-5.5458005179e-01,1.5000000596e-01,0.0000000000e+00,0.0000000000e+00,1.0000000000e+00,3.3592000308e-03
-2.5596131013e-01,-4.8024747795e-01,1.5000000596e-01,0.0000000000e+00,0.0000000000e+00,1.0000000000e+00,4.5656000419e-03
-8.7901752159e-01,8.7428709933e-01,-1.5000000596e-01,0.0000000000e+00,0.0000000000e+00,-1.0000000000e+00,2.7664000254e-03
-1.5239116557e-01,5.7513459135e-01,1.5000000596e-01,0.0000000000e+00,-0.0000000000e+00,1.0000000000e+00,3.6400000334e-03
4.2742806979e-02,-3.4079439503e-01,-1.5000000596e-01,0.0000000000e+00,0.0000000000e+00,-1.0000000000e+00,4.0040000367e-03
-8.9219604653e-01,-4.9317521214e-02,1.5000000596e-01,0.0000000000e+00,0.0000000000e+00,1.0000000000e+00,2.6624000244e-03
-4.1525215534e-01,9.4432034551e-01,1.5000000596e-01,0.0000000000e+00,-0.0000000000e+00,1.0000000000e+00,2.5896000237e-03
8.6013331776e-01,-4.2753255398e-01,1.5000000596e-01,0.0000000000e+00,-0.0000000000e+00,1.0000000000e+00,4.1912000384e-03
5.7433718765e-01,-6.9693673989e-01,1.5000000596e-01,0.0000000000e+00,0.0000000000e+00,1.0000000000e+00,3.1720000291e-03
4.1606157924e-01,9.0169152506e-01,-1.5000000596e-01,0.0000000000e+00,0.0000000000e+00,-1.0000000000e+00,3.3592000308e-03
8.7786016610e-01,-4.9225504265e-01,1.5000000596e-01,0.0000000000e+00,-0.0000000000e+00,1.0000000000e+00,3.9104000359e-03
2.3086301102e-01,-2.0392385932e-01,1.5000000596e-01,0.0000000000e+00,-0.0000000000e+00,1.0000000000e+00,3.3072000303e-03
6.6698930144e-01,1.0000000000e+00,-5.2898667725e-02,0.0000000000e+00,1.0000000000e+00,-0.0000000000e+00,3.5880000329e-03
-7.3183127146e-01,-6.7655367501e-01,-1.5000000596e-01,0.0000000000e+00,0.0000000000e+00,-1.0000000000e+00,3.4944000320e-03
-6.2435989710e-01,-2.9930914439e-01,-1.5000000596e-01,0.0000000000e+00,0.0000000000e+00,-1.0000000000e+00,3.6088000331e-03
9.0012016626e-01,-9.0644712781e-01,-1.5000000596e-01,0.0000000000e+00,0.0000000000e+00,-1.0000000000e+00,3.1616000290e-03
4.3334709710e-01,-4.3532614038e-01,1.5000000596e-01,0.0000000000e+00,0.0000000000e+00,1.0000000000e+00,2.8600000262e-03
1.5174130058e-01,1.0000000000e+00,1.2124042410e-01,0.0000000000e+00,1.0000000000e+00,-0.0000000000e+00,3.0472000279e-03
-1.7418222741e-01,5.1322912627e-01,-1.5000000596e-01,0.0000000000e+00,0.0000000000e+00,-1.0000000000e+00,3.6504000335e-03
-5.5714987088e-01,-1.0000000000e+00,-7.4905720121e-02,0.0000000000e+00,-1.0000000000e+00,0.0000000000e+00,2.5480000234e-03
9.2463690668e-02,-2.4100934920e-01,-1.5000000596e-01,0.0000000000e+00,0.0000000000e+00,-1.0000000000e+00,3.7232000341e-03
3.0382388390e-01,4.1157329467e-01,1.5000000596e-01,0.0000000000e+00,-0.0000000000e+00,1.0000000000e+00,4.3368000398e-03
-1.1332122535e-01,-1.0000000000e+00,7.5732557432e-02,0.0000000000e+00,-1.0000000000e+00,0.0000000000e+00,3.8584000354e-03
1.0000000000e+00,4.9627601626e-01,1.4554634117e-01,1.0000000000e+00,0.0000000000e+00,-0.0000000000e+00,3.1408000288e-03
3.0095033832e-01,1.0000000000e+00,1.3774106222e-01,0.0000000000e+00,1.0000000000e+00,-0.0000000000e+00,3.7128000340e-03
-3.7409015870e-01,7.0670017849e-02,-1.5000000596e-01,0.0000000000e+00,0.0000000000e+00,-1.0000000000e+00,3.0368000278e-03
7.6958987450e-01,-5.6016858819e-01,1.5000000596e-01,0.0000000000e+00,-0.0000000000e+00,1.0000000000e+00,3.5776000328e-03
-1.0000000000e+00,-6.2371168879e-01,-7.3717706462e-02,-1.0000000000e+00,-0.0000000000e+00,-0.0000000000e+00,3.5672000327e-03
3.1521661303e-01,-7.8382269692e-01,1.5000000596e-01,0.0000000000e+00,0.0000000000e+00,1.0000000000e+00,3.9416000361e-03
4.6694870020e-01,5.3043727271e-01,-1.5000000596e-01,0.0000000000e+00,0.0000000000e+00,-1.0000000000e+00,4.2536000390e-03
1.7251337724e-01,6.4261332191e-01,-1.5000000596e-01,0.0000000000e+00,0.0000000000e+00,-1.0000000000e+00,4.1288000379e-03
7.9562520209e-01,5.2561290633e-02,-1.5000000596e-01,0.0000000000e+00,0.0000000000e+00,-1.0000000000e+00,3.3384000306e-03
-3.6658918968e-01,-9.3300880566e-01,-1.5000000596e-01,0.0000000000e+00,0.0000000000e+00,-1.0000000000e+00,3.2864000301e-03
7.8442248428e-01,4.8855872153e-01,1.5000000596e-01,0.0000000000e+00,-0.0000000000e+00,1.0000000000e+00,4.2224000387e-03
-1.0399224207e-01,-3.0119312025e-01,1.5000000596e-01,0.0000000000e+00,0.0000000000e+00,1.0000000000e+00,2.6208000240e-03
9.5573276165e-01,9.0225281724e-01,-1.5000000596e-01,0.0000000000e+00,0.0000000000e+00,-1.0000000000e+00,3.0264000278e-03
5.0412765551e-01,-9.4742652233e-02,1.5000000596e-01,0.0000000000e+00,-0.0000000000e+00,1.0000000000e+00,3.5464000325e-03
8.3651052204e-01,2.7491790864e-01,-1.5000000596e-01,0.0000000000e+00,0.0000000000e+00,-1.0000000000e+00,3.6296000333e-03
2.3008461012e-01,4.5040216524e-01,1.5000000596e-01,0.0000000000e+00,-0.0000000000e+00,1.0000000000e+00,3.5464000325e-03
-1.0000000000e+00,9.1127590425e-01,-3.7509355936e-02,-1.0000000000e+00,0.0000000000e+00,0.0000000000e+00,3.3696000309e-03
2.1173230689e-01,-9.8232950665e-01,-1.5000000596e-01,0.0000000000e+00,0.0000000000e+00,-1.0000000000e+00,3.8792000356e-03
-8.7803807733e-02,2.5469414650e-01,1.5000000596e-01,0.0000000000e+00,-0.0000000000e+00,1.0000000000e+00,2.8288000259e-03
7.7493369318e-01,-3.7284884892e-01,-1.5000000596e-01,0.0000000000e+00,0.0000000000e+00,-1.0000000000e+00,4.5032000413e-03
8.0783061808e-01,1.0102683845e-01,-1.5000000596e-01,0.0000000000e+00,0.0000000000e+00,-1.0000000000e+00,3.8688000355e-03
7.0388683057e-01,-5.2002652183e-01,1.5000000596e-01,0.0000000000e+00,-0.0000000000e+00,1.0000000000e+00,2.9120000267e-03
-2.1236088162e-02,-2.3319192575e-01,-1.5000000596e-01,0.0000000000e+00,0.0000000000e+00,-1.0000000000e+00,2.7560000253e-03
2.3039473931e-01,1.6004182607e-01,1.5000000596e-01,0.0000000000e+00,-0.0000000000e+00,1.0000000000e+00,3.2552000299e-03
-9.2665106296e-01,1.0000000000e+00,1.4357224259e-01,0.0000000000e+00,1.0000000000e+00,-0.0000000000e+00,3.6920000339e-03
-7.2692504109e-02,8.6249747107e-01,-1.5000000596e-01,0.0000000000e+00,0.0000000000e+00,-1.0000000000e+00,3.7336000342e-03
-2.9094347273e-02,9.8778870020e-01,-1.5000000596e-01,0.0000000000e+00,0.0000000000e+00,-1.0000000000e+00,3.9312000360e-03
2.0800956324e-01,-2.7209849255e-01,1.5000000596e-01,0.0000000000e+00,0.0000000000e+00,1.0000000000e+00,3.8896000357e-03
-7.5302279676e-03,8.4428720670e-01,-1.5000000596e-01,0.0000000000e+00,0.0000000000e+00,-1.0000000000e+00,3.2136000295e-03
-8.5372069130e-02,9.3151631339e-01,1.5000000596e-01,0.0000000000e+00,-0.0000000000e+00,1.0000000000e+00,3.9936000366e-03
-1.0000000000e+00,3.0874061921e-01,-4.9435490920e-02,-1.0000000000e+00,-0.0000000000e+00,-0.0000000000e+00,3.0056000276e-03
-6.0102591647e-01,-5.5910967300e-01,1.5000000596e-01,0.0000000000e+00,0.0000000000e+00,1.0000000000e+00,2.8704000263e-03
-1.6361095133e-01,-8.7466982398e-01,-1.5000000596e-01,0.0000000000e+00,0.0000000000e+00,-1.0000000000e+00,3.9832000365e-03
-7.8868494421e-01,8.9802685839e-01,1.5000000596e-01,0.0000000000e+00,-0.0000000000e+00,1.0000000000e+00,3.7544000344e-03
9.5170366989e-01,-2.6589070267e-01,-1.5000000596e-01,0.0000000000e+00,0.0000000000e+00,-1.0000000000e+00,3.0056000276e-03
-6.9908398851e-02,-7.9577282451e-01,-1.5000000596e-01,0.0000000000e+00,0.0000000000e+00,-1.0000000000e+00,2.8496000261e-03
-9.1564758329e-01,-3.0343569143e-01,1.5000000596e-01,0.0000000000e+00,0.0000000000e+00,1.0000000000e+00,4.3056000395e-03
2.6005939868e-01,6.0772671445e-01,1.5000000596e-01,0.0000000000e+00,-0.0000000000e+00,1.0000000000e+00,2.9016000266e-03
-4.8107413482e-01,7.4752384470e-01,1.5000000596e-01,0.0000000000e+00,-0.0000000000e+00,1.0000000000e+00,4.0352000370e-03
-8.1031150111e-01,9.2046457185e-01,-1.5000000596e-01,0.0000000000e+00,0.0000000000e+00,-1.0000000000e+00,3.4320000315e-03
9.3075736249e-01,9.0613963210e-01,1.5000000596e-01,0.0000000000e+00,-0.0000000000e+00,1.0000000000e+00,4.3472000399e-03
-1.7462544154e-01,-6.3429555947e-01,-1.5000000596e-01,0.0000000000e+00,0.0000000000e+00,-1.0000000000e+00,3.7024000340e-03
9.0229534880e-01,-1.0000000000e+00,-1.4089604269e-02,0.0000000000e+00,-1.0000000000e+00,0.0000000000e+00,3.8376000352e-03
6.8133556989e-01,-4.5915375392e-02,-1.5000000596e-01,0.0000000000e+00,0.0000000000e+00,-1.0000000000e+00,3.8376000352e-03
-6.1914883802e-01,1.0000000000e+00,-4.5211914370e-02,0.0000000000e+00,1.0000000000e+00,-0.0000000000e+00,4.4512000408e-03
3.2764827879e-01,-4.0218588755e-01,-1.5000000596e-01,0.0000000000e+00,0.0000000000e+00,-1.0000000000e+00,2.7976000257e-03
-6.8875363878e-02,1.7493599864e-01,1.5000000596e-01,0.0000000000e+00,-0.0000000000e+00,1.0000000000e+00,3.7544000344e-03
5.7265183264e-01,-8.7349166221e-01,1.5000000596e-01,0.0000000000e+00,0.0000000000e+00,1.0000000000e+00,4.3576000400e-03
1.0000000000e+00,-3.9783115331e-01,-5.6377222675e-02,1.0000000000e+00,0.0000000000e+00,-0.0000000000e+00,3.5360000324e-03
3.4709707491e-02,4.3415390753e-01,1.5000000596e-01,0.0000000000e+00,-0.0000000000e+00,1.0000000000e+00,2.7352000251e-03
-7.8798294492e-01,-4.5168648188e-01,-1.5000000596e-01,0.0000000000e+00,0.0000000000e+00,-1.0000000000e+00,3.3384000306e-03
-3.4441627772e-01,1.0000000000e+00,-9.2554660040e-02,0.0000000000e+00,1.0000000000e+00,-0.0000000000e+00,3.1928000293e-03
8.7114532243e-01,6.2511636245e-01,-1.5000000596e-01,0.0000000000e+00,0.0000000000e+00,-1.0000000000e+00,4.1600000381e-03
1.8070030502e-01,-8.7622515381e-01,-1.5000000596e-01,0.0000000000e+00,0.0000000000e+00,-1.0000000000e+00,3.4216000314e-03
-8.3287234340e-02,1.0000000000e+00,9.6120398730e-02,0.0000000000e+00,1.0000000000e+00,-0.0000000000e+00,3.2968000302e-03
8.4555161781e-01,-3.6543983960e-01,1.5000000596e-01,0.0000000000e+00,-0.0000000000e+00,1.0000000000e+00,3.1616000290e-03
7.8012875883e-03,-2.9623105428e-01,1.5000000596e-01,0.0000000000e+00,0.0000000000e+00,1.0000000000e+00,2.8080000257e-03
-2.8745406154e-01,-3.7943658426e-01,-1.5000000596e-01,0.0000000000e+00,0.0000000000e+00,-1.0000000000e+00,4.5344000416e-03
3.0014925711e-01,1.0128563149e-01,1.5000000596e-01,0.0000000000e+00,-0.0000000000e+00,1.0000000000e+00,3.6608000336e-03
-2.9666048221e-01,1.0000000000e+00,-8.9871431495e-02,0.0000000000e+00,1.0000000000e+00,-0.0000000000e+00,3.4528000317e-03
-1.0000000000e+00,4.7454933761e-02,1.0204127333e-01,-1.0000000000e+00,0.0000000000e+00,0.0000000000e+00,2.9328000269e-03
1.1181892516e-02,-1.0000000000e+00,1.3153006525e-01,0.0000000000e+00,-1.0000000000e+00,0.0000000000e+00,3.9624000363e-03
5.8090576002e-01,1.0000000000e+00,-1.0202512877e-01,0.0000000000e+00,1.0000000000e+00,-0.0000000000e+00,4.0560000372e-03
-1.7887159992e-01,-4.9768781233e-01,1.5000000596e-01,0.0000000000e+00,0.0000000000e+00,1.0000000000e+00,2.9016000266e-03
2.2242315765e-01,-5.8220475440e-01,1.5000000596e-01,0.0000000000e+00,0.0000000000e+00,1.0000000000e+00,2.9640000272e-03
3.8800396976e-01,9.3788565153e-01,-1.5000000596e-01,0.0000000000e+00,0.0000000000e+00,-1.0000000000e+00,3.6088000331e-03
8.0767450491e-01,8.1163045670e-01,-1.5000000596e-01,0.0000000000e+00,0.0000000000e+00,-1.0000000000e+00,3.1928000293e-03
4.2065991822e-01,-1.0000000000e+00,8.3914885777e-02,0.0000000000e+00,-1.0000000000e+00,0.0000000000e+00,3.9936000366e-03
1.0000000000e+00,-7.2390963455e-01,1.4922047839e-01,1.0000000000e+00,0.0000000000e+00,-0.0000000000e+00,4.3472000399e-03
6.6787372520e-01,-1.5723635361e-01,-1.5000000596e-01,0.0000000000e+00,0.0000000000e+00,-1.0000000000e+00,3.6088000331e-03
-8.4262701025e-01,1.0000000000e+00,2.1102979080e-02,0.0000000000e+00,1.0000000000e+00,-0.0000000000e+00,3.1408000288e-03
6.1751916273e-03,6.6341495487e-01,1.5000000596e-01,0.0000000000e+00,-0.0000000000e+00,1.0000000000e+00,2.7352000251e-03
1.9451187425e-01,4.6280165019e-02,1.5000000596e-01,0.0000000000e+00,-0.0000000000e+00,1.0000000000e+00,3.9520000362e-03
-7.1155143877e-01,4.5397730198e-01,-1.5000000596e-01,0.0000000000e+00,0.0000000000e+00,-1.0000000000e+00,2.6624000244e-03
-4.7781097089e-01,9.3951740419e-01,1.5000000596e-01,0.0000000000e+00,-0.0000000000e+00,1.0000000000e+00,2.9640000272e-03
4.6753023333e-01,2.0616449253e-01,1.5000000596e-01,0.0000000000e+00,-0.0000000000e+00,1.0000000000e+00,3.8688000355e-03
1.0000000000e+00,-4.9673342514e-01,-1.1103951970e-01,1.0000000000e+00,0.0000000000e+00,0.0000000000e+00,2.6312000241e-03
1.0000000000e+00,-9.5640762153e-01,-9.5374328700e-02,1.0000000000e+00,0.0000000000e+00,-0.0000000000e+00,2.5688000236e-03
-5.3554498900e-01,3.3943121228e-01,-1.5000000596e-01,0.0000000000e+00,0.0000000000e+00,-1.0000000000e+00,3.4840000319e-03
5.9511896203e-01,-4.3479525216e-01,-1.5000000596e-01,0.0000000000e+00,0.0000000000e+00,-1.0000000000e+00,4.2120000386e-03
-4.7053201090e-01,-9.3243942866e-01,1.5000000596e-01,0.0000000000e+00,0.0000000000e+00,1.0000000000e+00,3.3592000308e-03
7.5669460001e-01,-4.6813159798e-02,-1.5000000596e-01,0.0000000000e+00,0.0000000000e+00,-1.0000000000e+00,3.4840000319e-03
6.9599394895e-01,6.7870225748e-01,1.5000000596e-01,0.0000000000e+00,-0.0000000000e+00,1.0000000000e+00,3.6296000333e-03
1.1670182516e-01,-8.7688344124e-01,-1.5000000596e-01,0.0000000000e+00,0.0000000000e+00,-1.0000000000e+00,3.0888000283e-03
-6.6445770408e-01,-5.7444074742e-01,-1.5000000596e-01,0.0000000000e+00,0.0000000000e+00,-1.0000000000e+00,4.0248000369e-03
8.4729138187e-02,1.0000000000e+00,1.3224928492e-02,0.0000000000e+00,1.0000000000e+00,-0.0000000000e+00,2.1112000194e-03
1.0455731369e-01,1.0000000000e+00,1.1329191405e-01,0.0000000000e+00,1.0000000000e+00,-0.0000000000e+00,2.9744000273e-03
5.6932602487e-01,9.9737073592e-01,1.5000000596e-01,0.0000000000e+00,-0.0000000000e+00,1.0000000000e+00,5.5120000505e-03
-1.0000000000e+00,-2.7577471331e-01,2.5086860421e-02,-1.0000000000e+00,-0.0000000000e+00,-0.0000000000e+00,2.4128000221e-03
-1.4885959288e-01,1.0000000000e+00,1.0689556121e-01,0.0000000000e+00,1.0000000000e+00,-0.0000000000e+00,3.9208000360e-03
2.4907508009e-01,-8.6521321435e-01,1.5000000596e-01,0.0000000000e+00,0.0000000000e+00,1.0000000000e+00,2.7144000249e-03
9.4740574189e-01,-6.3572735840e-01,1.5000000596e-01,0.0000000000e+00,-0.0000000000e+00,1.0000000000e+00,4.1184000378e-03
-9.6394994146e-01,3.5638907294e-01,1.5000000596e-01,0.0000000000e+00,0.0000000000e+00,1.0000000000e+00,2.4960000229e-03
2.0950193472e-01,-1.0000000000e+00,-9.6384703422e-02,0.0000000000e+00,-1.0000000000e+00,0.0000000000e+00,2.9016000266e-03
-1.0000000000e+00,5.4765666113e-01,1.3256981346e-01,-1.0000000000e+00,0.0000000000e+00,0.0000000000e+00,3.6296000333e-03
5.2343246945e-01,4.6281540751e-01,-1.5000000596e-01,0.0000000000e+00,0.0000000000e+00,-1.0000000000e+00,4.1288000379e-03
-4.1469070078e-01,-2.1153126626e-01,1.5000000596e-01,0.0000000000e+00,0.0000000000e+00,1.0000000000e+00,3.4216000314e-03
-1.0000000000e+00,6.9123760983e-01,-2.8537246368e-02,-1.0000000000e+00,0.0000000000e+00,0.0000000000e+00,3.0888000283e-03
-9.2416962089e-01,7.9582652919e-02,1.5000000596e-01,0.0000000000e+00,0.0000000000e+00,1.0000000000e+00,3.9416000361e-03
-1.0000000000e+00,2.5607747374e-02,-1.2698892073e-01,-1.0000000000e+00,-0.0000000000e+00,-0.0000000000e+00,2.6416000242e-03
-9.6742653930e-02,6.8275829525e-01,1.5000000596e-01,0.0000000000e+00,-0.0000000000e+00,1.0000000000e+00,3.5880000329e-03
9.3986684401e-01,4.5068369571e-02,-1.5000000596e-01,0.0000000000e+00,0.0000000000e+00,-1.0000000000e+00,2.6000000238e-03
-5.1638174776e-01,1.0864973507e-01,-1.5000000596e-01,0.0000000000e+00,0.0000000000e+00,-1.0000000000e+00,2.7352000251e-03
-5.4177616012e-01,9.8016564053e-01,-1.5000000596e-01,0.0000000000e+00,0.0000000000e+00,-1.0000000000e+00,4.5136000414e-03
-8.3702241778e-01,4.2529357828e-01,-1.5000000596e-01,0.0000000000e+00,0.0000000000e+00,-1.0000000000e+00,4.2640000391e-03
3.0473591390e-01,2.2860657662e-01,-1.5000000596e-01,0.0000000000e+00,0.0000000000e+00,-1.0000000000e+00,2.9640000272e-03
9.7837193507e-01,-2.1140081432e-01,-1.5000000596e-01,0.0000000000e+00,0.0000000000e+00,-1.0000000000e+00,3.0160000277e-03
-7.9521366932e-01,-1.5245557487e-01,1.5000000596e-01,0.0000000000e+00,0.0000000000e+00,1.0000000000e+00,3.0888000283e-03
-2.0514791756e-01,5.4133617662e-01,1.5000000596e-01,0.0000000000e+00,-0.0000000000e+00,1.0000000000e+00,3.9624000363e-03
-6.6625648781e-01,-7.4720934508e-01,-1.5000000596e-01,0.0000000000e+00,0.0000000000e+00,-1.0000000000e+00,3.0264000278e-03
-9.3660813290e-01,-7.7452230944e-02,1.5000000596e-01,0.0000000000e+00,0.0000000000e+00,1.0000000000e+00,3.4528000317e-03
-1.0000000000e+00,6.0045198575e-01,-1.3432050521e-01,-1.0000000000e+00,-0.0000000000e+00,-0.0000000000e+00,3.7544000344e-03
-4.1298578041e-01,-6.4870602584e-01,1.5000000596e-01,0.0000000000e+00,0.0000000000e+00,1.0000000000e+00,3.2448000298e-03
-1.0000000000e+00,1.7371740407e-01,5.0634744185e-02,-1.0000000000e+00,0.0000000000e+00,0.0000000000e+00,3.3072000303e-03
-2.0752348080e-02,-5.4053251784e-01,-1.5000000596e-01,0.0000000000e+00,0.0000000000e+00,-1.0000000000e+00,2.7040000248e-03
4.0759551635e-01,1.0000000000e+00,6.1654368067e-02,0.0000000000e+00,1.0000000000e+00,-0.0000000000e+00,3.6608000336e-03
-8.6303403443e-01,6.9460652341e-01,-1.5000000596e-01,0.0000000000e+00,0.0000000000e+00,-1.0000000000e+00,4.3472000399e-03
-3.6609648595e-01,1.4163156154e-01,-1.5000000596e-01,0.0000000000e+00,0.0000000000e+00,-1.0000000000e+00,2.9640000272e-03
6.6360506774e-01,-9.6526283473e-02,1.5000000596e-01,0.0000000000e+00,-0.0000000000e+00,1.0000000000e+00,3.4840000319e-03
-2.7719338745e-01,7.3525738295e-01,1.5000000596e-01,0.0000000000e+00,-0.0000000000e+00,1.0000000000e+00,3.8376000352e-03
-7.0619879351e-01,1.0000000000e+00,-6.7062548297e-02,0.0000000000e+00,1.0000000000e+00,-0.0000000000e+00,3.0264000278e-03
2.6704399227e-01,5.7248991381e-01,-1.5000000596e-01,0.0000000000e+00,0.0000000000e+00,-1.0000000000e+00,3.6608000336e-03
-3.5869287859e-01,-8.8867781400e-01,1.5000000596e-01,0.0000000000e+00,0.0000000000e+00,1.0000000000e+00,4.2120000386e-03
5.2584759366e-01,-4.2319755120e-01,1.5000000596e-01,0.0000000000e+00,-0.0000000000e+00,1.0000000000e+00,3.0056000276e-03
4.3321361715e-01,6.2354559138e-01,-1.5000000596e-01,0.0000000000e+00,0.0000000000e+00,-1.0000000000e+00,2.7768000255e-03
6.6603843797e-01,7.9001922988e-01,-1.5000000596e-01,0.0000000000e+00,0.0000000000e+00,-1.0000000000e+00,3.4840000319e-03
-5.6690388097e-01,-4.5732950033e-01,1.5000000596e-01,0.0000000000e+00,0.0000000000e+00,1.0000000000e+00,3.5152000322e-03
4.5602016328e-01,-1.9365591225e-01,1.5000000596e-01,0.0000000000e+00,-0.0000000000e+00,1.0000000000e+00,3.2864000301e-03
1.0000000000e+00,-8.3393090598e-01,5.5265975371e-02,1.0000000000e+00,0.0000000000e+00,-0.0000000000e+00,3.8480000353e-03
-6.1089395896e-01,-8.9106837871e-01,-1.5000000596e-01,0.0000000000e+00,0.0000000000e+00,-1.0000000000e+00,3.3176000304e-03
5.9438440928e-01,1.0269438295e-01,-1.5000000596e-01,0.0000000000e+00,0.0000000000e+00,-1.0000000000e+00,3.3488000307e-03
4.5686595349e-01,8.4158965036e-01,-1.5000000596e-01,0.0000000000e+00,0.0000000000e+00,-1.0000000000e+00,3.7752000346e-03
-7.1060238412e-01,-7.9618911574e-01,1.5000000596e-01,0.0000000000e+00,0.0000000000e+00,1.0000000000e+00,2.9952000275e-03
1.0252646762e-01,7.5730642148e-01,1.5000000596e-01,0.0000000000e+00,-0.0000000000e+00,1.0000000000e+00,3.8376000352e-03
1.0000000000e+00,-4.3601198137e-01,-3.1781888398e-02,1.0000000000e+00,0.0000000000e+00,-0.0000000000e+00,3.5776000328e-03
-4.1499350863e-01,-9.4245735187e-01,-1.5000000596e-01,0.0000000000e+00,0.0000000000e+00,-1.0000000000e+00,3.4216000314e-03
5.7655551290e-02,1.3639469312e-01,1.5000000596e-01,0.0000000000e+00,-0.0000000000e+00,1.0000000000e+00,3.3488000307e-03
1.0000000000e+00,8.9111645827e-01,-1.6993208051e-02,1.0000000000e+00,0.0000000000e+00,0.0000000000e+00,4.8984000449e-03
-6.5228223260e-01,5.0202410930e-01,1.5000000596e-01,0.0000000000e+00,0.0000000000e+00,1.0000000000e+00,3.0056000276e-03
1.0000000000e+00,1.6394577025e-03,6.2984069797e-02,1.0000000000e+00,0.0000000000e+00,-0.0000000000e+00,2.8288000259e-03
-5.8413858427e-01,1.0000000000e+00,-1.2455736690e-01,0.0000000000e+00,1.0000000000e+00,-0.0000000000e+00,5.3560000491e-03
-9.1617433050e-01,9.2929945620e-01,1.5000000596e-01,0.0000000000e+00,-0.0000000000e+00,1.0000000000e+00,3.6816000338e-03
9.3256286353e-01,4.9597322704e-01,1.5000000596e-01,0.0000000000e+00,-0.0000000000e+00,1.0000000000e+00,3.0992000284e-03
-6.1182816444e-01,3.2886223107e-01,-1.5000000596e-01,0.0000000000e+00,0.0000000000e+00,-1.0000000000e+00,3.0992000284e-03
6.2606685382e-02,2.7228113196e-01,-1.5000000596e-01,0.0000000000e+00,0.0000000000e+00,-1.0000000000e+00,3.8376000352e-03
6.5023666670e-01,6.2479297653e-01,1.5000000596e-01,0.0000000000e+00,-0.0000000000e+00,1.0000000000e+00,3.1720000291e-03
3.7577808261e-01,-4.4259166073e-01,1.5000000596e-01,0.0000000000e+00,0.0000000000e+00,1.0000000000e+00,2.8496000261e-03
4.2282795071e-01,-9.2263093451e-01,-1.5000000596e-01,0.0000000000e+00,0.0000000000e+00,-1.0000000000e+00,2.8496000261e-03
4.1712690648e-01,3.9072093757e-01,-1.5000000596e-01,0.0000000000e+00,0.0000000000e+00,-1.0000000000e+00,4.3680000401e-03
2.8770275435e-01,2.1712821734e-01,1.5000000596e-01,0.0000000000e+00,-0.0000000000e+00,1.0000000000e+00,2.3608000216e-03
-6.4104138833e-01,1.5414449371e-01,-1.5000000596e-01,0.0000000000e+00,0.0000000000e+00,-1.0000000000e+00,3.4008000312e-03
3.6364579142e-01,3.5688159581e-01,-1.5000000596e-01,0.0000000000e+00,0.0000000000e+00,-1.0000000000e+00,2.7352000251e-03
8.9544012207e-01,1.0000000000e+00,-1.3348622233e-02,0.0000000000e+00,1.0000000000e+00,-0.0000000000e+00,3.9624000363e-03
-6.7852031056e-01,3.7225212083e-01,-1.5000000596e-01,0.0000000000e+00,0.0000000000e+00,-1.0000000000e+00,3.6608000336e-03
9.6081921816e-01,8.4904869031e-01,-1.5000000596e-01,0.0000000000e+00,0.0000000000e+00,-1.0000000000e+00,3.2448000298e-03
9.7977561919e-01,4.9914818069e-01,-1.5000000596e-01,0.0000000000e+00,0.0000000000e+00,-1.0000000000e+00,3.3488000307e-03
3.1412286349e-01,5.8848240639e-01,-1.5000000596e-01,0.0000000000e+00,0.0000000000e+00,-1.0000000000e+00,3.8896000357e-03
-2.9150007868e-01,-3.1358196014e-01,1.5000000596e-01,0.0000000000e+00,0.0000000000e+00,1.0000000000e+00,3.5256000323e-03
-2.5429723139e-01,-2.8509951457e-01,1.5000000596e-01,0.0000000000e+00,0.0000000000e+00,1.0000000000e+00,3.4528000317e-03
1.0000000000e+00,9.4719985819e-01,6.6753502727e-02,1.0000000000e+00,0.0000000000e+00,0.0000000000e+00,3.1928000293e-03
-8.0160015833e-01,1.0000000000e+00,-8.8428362703e-02,0.0000000000e+00,1.0000000000e+00,-0.0000000000e+00,2.9848000274e-03
5.7062502876e-01,7.6513627396e-01,-1.5000000596e-01,0.0000000000e+00,0.0000000000e+00,-1.0000000000e+00,3.1096000285e-03
-5.5061108234e-01,5.9940660805e-01,-1.5000000596e-01,0.0000000000e+00,0.0000000000e+00,-1.0000000000e+00,4.0872000375e-03
-4.9768080752e-01,-5.6423343277e-01,1.5000000596e-01,0.0000000000e+00,0.0000000000e+00,1.0000000000e+00,3.7232000341e-03
-1.0000000000e+00,-8.9192063700e-01,-2.1193362155e-02,-1.0000000000e+00,-0.0000000000e+00,-0.0000000000e+00,3.5360000324e-03
1.0000000000e+00,-1.2284622847e-01,1.3603834970e-02,1.0000000000e+00,0.0000000000e+00,-0.0000000000e+00,3.1928000293e-03
-4.8287194527e-01,-9.7749785662e-01,1.5000000596e-01,0.0000000000e+00,0.0000000000e+00,1.0000000000e+00,4.2536000390e-03
-9.7891882262e-01,-6.7690458540e-01,1.5000000596e-01,0.0000000000e+00,0.0000000000e+00,1.0000000000e+00,3.1200000286e-03
-3.1956905464e-01,7.8992284323e-01,1.5000000596e-01,0.0000000000e+00,-0.0000000000e+00,1.0000000000e+00,2.6832000246e-03
4.2081375264e-01,1.0000000000e+00,-3.3680970014e-03,0.0000000000e+00,1.0000000000e+00,-0.0000000000e+00,2.6208000240e-03
-1.5540908352e-01,3.8824716456e-01,-1.5000000596e-01,0.0000000000e+00,0.0000000000e+00,-1.0000000000e+00,3.9728000364e-03
8.6901390443e-02,-3.7516372934e-01,1.5000000596e-01,0.0000000000e+00,0.0000000000e+00,1.0000000000e+00,3.6712000337e-03
-8.6803632632e-01,-1.0000000000e+00,-9.0601599279e-02,0.0000000000e+00,-1.0000000000e+00,0.0000000000e+00,2.7976000257e-03
1.0000000000e+00,1.3733795042e-01,8.4131165190e-02,1.0000000000e+00,0.0000000000e+00,-0.0000000000e+00,3.7544000344e-03
-3.9797861183e-01,-8.2674456222e-01,1.5000000596e-01,0.0000000000e+00,0.0000000000e+00,1.0000000000e+00,3.1304000287e-03
3.0911881961e-01,8.3277468041e-01,1.5000000596e-01,0.0000000000e+00,-0.0000000000e+00,1.0000000000e+00,3.0784000282e-03
-7.0411287055e-02,-3.0756646784e-01,-1.5000000596e-01,0.0000000000e+00,0.0000000000e+00,-1.0000000000e+00,2.8080000257e-03
-5.8165977205e-01,-1.0000000000e+00,-1.6349945381e-02,0.0000000000e+00,-1.0000000000e+00,0.0000000000e+00,3.2344000297e-03
-5.7544347478e-01,-2.9912854234e-01,1.5000000596e-01,0.0000000000e+00,0.0000000000e+00,1.0000000000e+00,2.9328000269e-03
1.2489293662e-01,4.8351713667e-01,-1.5000000596e-01,0.0000000000e+00,0.0000000000e+00,-1.0000000000e+00,3.7544000344e-03
9.9659773434e-01,-4.2620445346e-01,1.5000000596e-01,0.0000000000e+00,-0.0000000000e+00,1.0000000000e+00,5.0752000465e-03
3.8185157199e-01,-5.7119881199e-01,1.5000000596e-01,0.0000000000e+00,0.0000000000e+00,1.0000000000e+00,4.8672000446e-03
9.5993742547e-01,-1.0000000000e+00,-8.7581365241e-02,0.0000000000e+00,-1.0000000000e+00,0.0000000000e+00,2.1632000198e-03
-8.5138123695e-01,-3.1808420725e-01,-1.5000000596e-01,0.0000000000e+00,0.0000000000e+00,-1.0000000000e+00,3.1096000285e-03
-6.7777788239e-01,1.9855419453e-01,1.5000000596e-01,0.0000000000e+00,0.0000000000e+00,1.0000000000e+00,3.5048000321e-03
4.8383091268e-01,-2.2754215776e-01,-1.5000000596e-01,0.0000000000e+00,0.0000000000e+00,-1.0000000000e+00,2.7352000251e-03
6.0717297514e-01,-9.9951718877e-01,1.5000000596e-01,0.0000000000e+00,0.0000000000e+00,1.0000000000e+00,3.7440000343e-03
-7.9655582287e-01,1.0000000000e+00,9.5492283316e-02,0.0000000000e+00,1.0000000000e+00,-0.0000000000e+00,3.3592000308e-03
-6.2143175756e-01,5.5289800332e-01,1.5000000596e-01,0.0000000000e+00,0.0000000000e+00,1.0000000000e+00,3.2968000302e-03
-3.6898940552e-01,-1.0000000000e+00,8.6914161452e-02,0.0000000000e+00,-1.0000000000e+00,0.0000000000e+00,3.7544000344e-03
-2.9303384013e-01,3.8154679355e-01,-1.5000000596e-01,0.0000000000e+00,0.0000000000e+00,-1.0000000000e+00,4.6488000426e-03
-9.5234836747e-01,5.5803980625e-01,1.5000000596e-01,0.0000000000e+00,0.0000000000e+00,1.0000000000e+00,2.8704000263e-03
-1.0000000000e+00,6.7001493997e-02,-8.3821458783e-02,-1.0000000000e+00,-0.0000000000e+00,-0.0000000000e+00,2.8600000262e-03
2.5184271268e-01,9.3340999802e-01,-1.5000000596e-01,0.0000000000e+00,0.0000000000e+00,-1.0000000000e+00,3.6920000339e-03
6.3002519772e-01,-7.5485885853e-01,-1.5000000596e-01,0.0000000000e+00,0.0000000000e+00,-1.0000000000e+00,3.9520000362e-03
4.9542095552e-01,9.5659902304e-01,1.5000000596e-01,0.0000000000e+00,-0.0000000000e+00,1.0000000000e+00,3.2032000294e-03
-5.9193479077e-01,3.7174005597e-01,-1.5000000596e-01,0.0000000000e+00,0.0000000000e+00,-1.0000000000e+00,3.2656000299e-03
-5.6479635607e-02,1.0000000000e+00,6.2839757767e-03,0.0000000000e+00,1.0000000000e+00,-0.0000000000e+00,3.6920000339e-03
-1.0000000000e+00,6.3888707119e-01,-5.8668061726e-02,-1.0000000000e+00,0.0000000000e+00,0.0000000000e+00,2.9640000272e-03
-1.0000000000e+00,-3.3725153547e-01,6.3122265364e-03,-1.0000000000e+00,-0.0000000000e+00,-0.0000000000e+00,2.5688000236e-03
2.4441438988e-01,3.2444437422e-01,-1.5000000596e-01,0.0000000000e+00,0.0000000000e+00,-1.0000000000e+00,3.7752000346e-03
2.3292615125e-01,-8.0564759901e-02,1.5000000596e-01,0.0000000000e+00,-0.0000000000e+00,1.0000000000e+00,3.1928000293e-03
3.4465497440e-01,9.1967681476e-02,1.5000000596e-01,0.0000000000e+00,-0.0000000000e+00,1.0000000000e+00,2.6936000247e-03
-8.6114749786e-01,2.1575602326e-01,-1.5000000596e-01,0.0000000000e+00,0.0000000000e+00,-1.0000000000e+00,2.9744000273e-03
8.9800724870e-01,-2.6525696880e-01,1.5000000596e-01,0.0000000000e+00,-0.0000000000e+00,1.0000000000e+00,3.0784000282e-03
9.0189395920e-01,4.2679751507e-01,-1.5000000596e-01,0.0000000000e+00,0.0000000000e+00,-1.0000000000e+00,3.0160000277e-03
2.9013974543e-01,1.0000000000e+00,-6.6009406641e-02,0.0000000000e+00,1.0000000000e+00,-0.0000000000e+00,4.5760000420e-03
3.5877522664e-01,-3.0728322352e-01,1.5000000596e-01,0.0000000000e+00,-0.0000000000e+00,1.0000000000e+00,2.8288000259e-03
6.7120732681e-01,3.7332713377e-01,-1.5000000596e-01,0.0000000000e+00,0.0000000000e+00,-1.0000000000e+00,3.0264000278e-03
1.4644948901e-01,-8.3731502656e-01,1.5000000596e-01,0.0000000000e+00,0.0000000000e+00,1.0000000000e+00,2.8392000260e-03
-7.7182901794e-01,-8.5062045949e-01,1.5000000596e-01,0.0000000000e+00,0.0000000000e+00,1.0000000000e+00,3.5360000324e-03
8.4277585905e-01,-9.2868970727e-01,1.5000000596e-01,0.0000000000e+00,0.0000000000e+00,1.0000000000e+00,4.0040000367e-03
-2.5622880061e-01,1.0000000000e+00,1.9480716526e-02,0.0000000000e+00,1.0000000000e+00,-0.0000000000e+00,4.0768000374e-03
-6.6864612544e-01,-6.5172354918e-01,-1.5000000596e-01,0.0000000000e+00,0.0000000000e+00,-1.0000000000e+00,3.7336000342e-03
-3.1330272814e-01,-9.2704150623e-01,-1.5000000596e-01,0.0000000000e+00,0.0000000000e+00,-1.0000000000e+00,3.7336000342e-03
1.0000000000e+00,-7.4224167376e-01,1.4221162328e-02,1.0000000000e+00,0.0000000000e+00,-0.0000000000e+00,2.9016000266e-03
7.5528040951e-01,-6.2363696638e-01,-1.5000000596e-01,0.0000000000e+00,0.0000000000e+00,-1.0000000000e+00,3.3384000306e-03
-3.8812049936e-01,-7.5000423976e-01,1.5000000596e-01,0.0000000000e+00,0.0000000000e+00,1.0000000000e+00,3.9208000360e-03
5.8661658816e-01,-1.0000000000e+00,7.7065625839e-02,0.0000000000e+00,-1.0000000000e+00,0.0000000000e+00,3.5568000326e-03
-9.4690586070e-01,1.7052212816e-01,-1.5000000596e-01,0.0000000000e+00,0.0000000000e+00,-1.0000000000e+00,2.9432000270e-03
5.6426865093e-01,-2.6584720265e-01,-1.5000000596e-01,0.0000000000e+00,0.0000000000e+00,-1.0000000000e+00,3.0784000282e-03
-8.7414758816e-01,-8.5297048332e-01,-1.5000000596e-01,0.0000000000e+00,0.0000000000e+00,-1.0000000000e+00,3.2240000296e-03
1.5130487106e-02,9.8221153393e-01,1.5000000596e-01,0.0000000000e+00,-0.0000000000e+00,1.0000000000e+00,3.5880000329e-03
6.3479341779e-01,-3.2798292841e-01,1.5000000596e-01,0.0000000000e+00,-0.0000000000e+00,1.0000000000e+00,2.7248000250e-03
-5.0910868851e-01,2.3632172390e-01,1.5000000596e-01,0.0000000000e+00,0.0000000000e+00,1.0000000000e+00,3.6088000331e-03
-6.7415923450e-01,-2.6570604794e-01,1.5000000596e-01,0.0000000000e+00,0.0000000000e+00,1.0000000000e+00,3.1408000288e-03
2.2185637364e-02,1.3760634040e-01,-1.5000000596e-01,0.0000000000e+00,0.0000000000e+00,-1.0000000000e+00,4.4408000407e-03
8.5676774702e-01,5.3988514564e-01,1.5000000596e-01,0.0000000000e+00,-0.0000000000e+00,1.0000000000e+00,2.9224000268e-03
-6.8895192423e-01,1.8427660027e-01,-1.5000000596e-01,0.0000000000e+00,0.0000000000e+00,-1.0000000000e+00,3.9832000365e-03
-1.0000000000e+00,1.6740818669e-01,-1.2966015238e-01,-1.0000000000e+00,-0.0000000000e+00,-0.0000000000e+00,3.2552000299e-03
3.4406738384e-01,5.2291758990e-01,1.5000000596e-01,0.0000000000e+00,-0.0000000000e+00,1.0000000000e+00,4.1912000384e-03
8.4443266835e-01,4.0739042562e-02,-1.5000000596e-01,0.0000000000e+00,0.0000000000e+00,-1.0000000000e+00,3.3384000306e-03
4.1235913043e-01,2.6375342721e-01,-1.5000000596e-01,0.0000000000e+00,0.0000000000e+00,-1.0000000000e+00,3.5672000327e-03
-5.3264655094e-01,3.4435946252e-01,1.5000000596e-01,0.0000000000e+00,0.0000000000e+00,1.0000000000e+00,2.8912000265e-03
-5.8526704297e-01,-1.0000000000e+00,3.2770396895e-02,0.0000000000e+00,-1.0000000000e+00,0.0000000000e+00,3.7856000347e-03
-9.1515595122e-01,1.0000000000e+00,-1.0529955833e-01,0.0000000000e+00,1.0000000000e+00,-0.0000000000e+00,3.7232000341e-03
1.2484984150e-02,6.5417908884e-02,1.5000000596e-01,0.0000000000e+00,-0.0000000000e+00,1.0000000000e+00,3.8792000356e-03
2.6533542687e-01,-1.0000000000e+00,-7.0519161841e-02,0.0000000000e+00,-1.0000000000e+00,0.0000000000e+00,3.8168000350e-03
9.4928827887e-01,7.6318536130e-02,1.5000000596e-01,0.0000000000e+00,-0.0000000000e+00,1.0000000000e+00,2.6416000242e-03
-7.2403444504e-01,1.0587285718e-01,1.5000000596e-01,0.0000000000e+00,0.0000000000e+00,1.0000000000e+00,3.5880000329e-03
-1.9499189883e-01,1.4884908552e-01,-1.5000000596e-01,0.0000000000e+00,0.0000000000e+00,-1.0000000000e+00,3.0264000278e-03
-8.4055097265e-01,-3.9089441984e-02,-1.5000000596e-01,0.0000000000e+00,0.0000000000e+00,-1.0000000000e+00,4.6280000424e-03
9.1722215340e-01,3.8440877540e-01,-1.5000000596e-01,0.0000000000e+00,0.0000000000e+00,-1.0000000000e+00,4.3784000401e-03
1.0000000000e+00,-2.1703982657e-01,-1.0359990145e-01,1.0000000000e+00,0.0000000000e+00,0.0000000000e+00,3.2864000301e-03
4.8111923211e-01,-8.3288348299e-01,-1.5000000596e-01,0.0000000000e+00,0.0000000000e+00,-1.0000000000e+00,3.4216000314e-03
-1.0000000000e+00,-6.7599961643e-01,-7.8608909509e-02,-1.0000000000e+00,-0.0000000000e+00,-0.0000000000e+00,3.3072000303e-03
2.8517146833e-01,6.8472425753e-01,1.5000000596e-01,0.0000000000e+00,-0.0000000000e+00,1.0000000000e+00,3.9312000360e-03
9.9935993874e-02,9.3985462646e-01,-1.5000000596e-01,0.0000000000e+00,0.0000000000e+00,-1.0000000000e+00,3.1200000286e-03
-6.9054423909e-01,8.6061885908e-02,-1.5000000596e-01,0.0000000000e+00,0.0000000000e+00,-1.0000000000e+00,3.9416000361e-03
3.8012910747e-01,6.6141964701e-01,-1.5000000596e-01,0.0000000000e+00,0.0000000000e+00,-1.0000000000e+00,3.6816000338e-03
1.0000000000e+00,-3.0232464251e-01,-1.4337797758e-01,1.0000000000e+00,0.0000000000e+00,0.0000000000e+00,3.4008000312e-03
-4.1231925374e-01,-1.0000000000e+00,-7.5615720920e-02,0.0000000000e+00,-1.0000000000e+00,0.0000000000e+00,2.6624000244e-03
5.8702290017e-01,2.5285073447e-01,1.5000000596e-01,0.0000000000e+00,-0.0000000000e+00,1.0000000000e+00,3.9728000364e-03
-7.2270728341e-01,-1.0770664112e-01,-1.5000000596e-01,0.0000000000e+00,0.0000000000e+00,-1.0000000000e+00,3.8480000353e-03
-6.4985718543e-01,7.3408792189e-01,1.5000000596e-01,0.0000000000e+00,-0.0000000000e+00,1.0000000000e+00,3.9624000363e-03
6.0763053350e-01,-7.8723684360e-01,1.5000000596e-01,0.0000000000e+00,0.0000000000e+00,1.0000000000e+00,3.7960000348e-03
-8.3767679103e-01,6.8143187662e-01,1.5000000596e-01,0.0000000000e+00,0.0000000000e+00,1.0000000000e+00,2.8600000262e-03
-7.2999311826e-01,4.5960459199e-02,-1.5000000596e-01,0.0000000000e+00,0.0000000000e+00,-1.0000000000e+00,4.1808000383e-03
-3.7470490643e-01,-8.0891769460e-01,-1.5000000596e-01,0.0000000000e+00,0.0000000000e+00,-1.0000000000e+00,3.6816000338e-03
-7.2770590125e-01,-5.2654352834e-01,1.5000000596e-01,0.0000000000e+00,0.0000000000e+00,1.0000000000e+00,3.4320000315e-03
-2.5613424106e-01,-7.2117345068e-01,-1.5000000596e-01,0.0000000000e+00,0.0000000000e+00,-1.0000000000e+00,2.8600000262e-03
1.0000000000e+00,5.0204513183e-01,9.4956894415e-02,1.0000000000e+00,0.0000000000e+00,-0.0000000000e+00,3.1720000291e-03
-1.4410820642e-01,-1.9016910362e-02,1.5000000596e-01,0.0000000000e+00,0.0000000000e+00,1.0000000000e+00,3.5984000330e-03
-5.2394876324e-01,6.3565111383e-01,1.5000000596e-01,0.0000000000e+00,-0.0000000000e+00,1.0000000000e+00,3.4632000318e-03
-7.1813200378e-01,6.5356819109e-01,1.5000000596e-01,0.0000000000e+00,0.0000000000e+00,1.0000000000e+00,3.7232000341e-03
-1.0000000000e+00,-4.2477551522e-01,-1.4843025614e-01,-1.0000000000e+00,-0.0000000000e+00,-0.0000000000e+00,3.6192000332e-03
4.2225255716e-01,8.4562897712e-01,1.5000000596e-01,0.0000000000e+00,-0.0000000000e+00,1.0000000000e+00,3.3592000308e-03
-5.6989468370e-01,-8.4297380473e-01,-1.5000000596e-01,0.0000000000e+00,0.0000000000e+00,-1.0000000000e+00,3.4944000320e-03
5.5710698782e-01,-2.5775886888e-01,1.5000000596e-01,0.0000000000e+00,-0.0000000000e+00,1.0000000000e+00,3.8272000351e-03
-1.0000000000e+00,-1.9228698619e-01,-6.0367831477e-02,-1.0000000000e+00,-0.0000000000e+00,-0.0000000000e+00,4.1080000377e-03
-8.7984931349e-01,8.0169469715e-01,1.5000000596e-01,0.0000000000e+00,0.0000000000e+00,1.0000000000e+00,3.5048000321e-03
-6.5928582960e-01,9.7721987429e-01,1.5000000596e-01,0.0000000000e+00,-0.0000000000e+00,1.0000000000e+00,3.2864000301e-03
1.8144892476e-01,-3.5890472312e-01,-1.5000000596e-01,0.0000000000e+00,0.0000000000e+00,-1.0000000000e+00,3.1616000290e-03
5.5835242044e-02,2.4418087540e-01,1.5000000596e-01,0.0000000000e+00,-0.0000000000e+00,1.0000000000e+00,2.7040000248e-03
-1.0000000000e+00,7.7928288313e-01,4.4604493632e-02,-1.0000000000e+00,0.0000000000e+00,0.0000000000e+00,3.2136000295e-03
5.9713891178e-01,3.8188963594e-01,1.5000000596e-01,0.0000000000e+00,-0.0000000000e+00,1.0000000000e+00,3.5048000321e-03
-6.6162704814e-01,-7.2609286780e-01,1.5000000596e-01,0.0000000000e+00,0.0000000000e+00,1.0000000000e+00,3.3280000305e-03
7.9064102957e-02,2.9528864418e-01,1.5000000596e-01,0.0000000000e+00,-0.0000000000e+00,1.0000000000e+00,3.4320000315e-03
1.0000000000e+00,5.8115962196e-01,-3.0548611348e-02,1.0000000000e+00,0.0000000000e+00,0.0000000000e+00,2.9432000270e-03
-5.3566916999e-01,8.6943615154e-01,-1.5000000596e-01,0.0000000000e+00,0.0000000000e+00,-1.0000000000e+00,3.5672000327e-03
9.3390189685e-02,-3.0484859012e-01,-1.5000000596e-01,0.0000000000e+00,0.0000000000e+00,-1.0000000000e+00,3.7752000346e-03
5.6190589094e-01,1.8690169883e-01,1.5000000596e-01,0.0000000000e+00,-0.0000000000e+00,1.0000000000e+00,3.1096000285e-03
-4.8334999935e-01,8.0093736530e-01,1.5000000596e-01,0.0000000000e+00,-0.0000000000e+00,1.0000000000e+00,3.0576000280e-03
-4.3999808519e-01,-1.7125365408e-01,1.5000000596e-01,0.0000000000e+00,0.0000000000e+00,1.0000000000e+00,3.2552000299e-03
7.4933171168e-01,-6.9872388017e-01,-1.5000000596e-01,0.0000000000e+00,0.0000000000e+00,-1.0000000000e+00,3.5152000322e-03
-3.8556852983e-01,8.3199128037e-01,1.5000000596e-01,0.0000000000e+00,-0.0000000000e+00,1.0000000000e+00,3.1720000291e-03
1.0474673241e-01,4.1754130929e-01,-1.5000000596e-01,0.0000000000e+00,0.0000000000e+00,-1.0000000000e+00,4.0456000371e-03
8.0956507564e-01,-3.0898522703e-01,-1.5000000596e-01,0.0000000000e+00,0.0000000000e+00,-1.0000000000e+00,2.6832000246e-03
-8.2346301066e-01,-1.5616900386e-01,-1.5000000596e-01,0.0000000000e+00,0.0000000000e+00,-1.0000000000e+00,3.5048000321e-03
-4.7953743022e-01,-5.1154667263e-01,1.5000000596e-01,0.0000000000e+00,0.0000000000e+00,1.0000000000e+00,3.3904000311e-03
8.5654060663e-01,3.2091937552e-01,-1.5000000596e-01,0.0000000000e+00,0.0000000000e+00,-1.0000000000e+00,2.8912000265e-03
4.2600863299e-01,-1.5866403957e-01,1.5000000596e-01,0.0000000000e+00,-0.0000000000e+00,1.0000000000e+00,2.2776000209e-03
-1.0000000000e+00,-1.5499237469e-01,9.8226671723e-02,-1.0000000000e+00,0.0000000000e+00,0.0000000000e+00,4.3160000396e-03
6.9744910008e-01,1.0000000000e+00,-9.7959488562e-02,0.0000000000e+00,1.0000000000e+00,-0.0000000000e+00,3.3800000310e-03
6.3331036620e-01,5.3026211301e-02,-1.5000000596e-01,0.0000000000e+00,0.0000000000e+00,-1.0000000000e+00,4.3160000396e-03
8.5942170307e-02,1.0000000000e+00,6.9183744793e-02,0.0000000000e+00,1.0000000000e+00,-0.0000000000e+00,3.2344000297e-03
-1.0000000000e+00,1.4098186926e-01,9.0373073774e-02,-1.0000000000e+00,0.0000000000e+00,0.0000000000e+00,3.8896000357e-03
2.8255046994e-01,-6.7274096021e-01,1.5000000596e-01,0.0000000000e+00,0.0000000000e+00,1.0000000000e+00,4.5656000419e-03
7.8000960384e-03,2.3705057915e-01,1.5000000596e-01,0.0000000000e+00,-0.0000000000e+00,1.0000000000e+00,3.9936000366e-03
-1.0000000000e+00,-3.2770006603e-01,1.0039926846e-01,-1.0000000000e+00,0.0000000000e+00,0.0000000000e+00,3.2344000297e-03
-1.0000000000e+00,8.4910855279e-02,2.4709472419e-02,-1.0000000000e+00,0.0000000000e+00,0.0000000000e+00,2.8912000265e-03
3.7773643046e-01,-6.1864984634e-01,-1.5000000596e-01,0.0000000000e+00,0.0000000000e+00,-1.0000000000e+00,3.7544000344e-03
1.6648478542e-01,-2.1649194818e-02,1.5000000596e-01,0.0000000000e+00,-0.0000000000e+00,1.0000000000e+00,4.5032000413e-03
-8.0529484404e-02,-3.1864853115e-02,-1.5000000596e-01,0.0000000000e+00,0.0000000000e+00,-1.0000000000e+00,3.5256000323e-03
-7.5582079622e-01,4.9297563866e-01,1.5000000596e-01,0.0000000000e+00,0.0000000000e+00,1.0000000000e+00,2.8392000260e-03
3.7929893085e-01,-8.1874153556e-01,1.5000000596e-01,0.0000000000e+00,0.0000000000e+00,1.0000000000e+00,2.3816000218e-03
-8.2646681529e-01,-3.4269789156e-02,1.5000000596e-01,0.0000000000e+00,0.0000000000e+00,1.0000000000e+00,3.8584000354e-03
-7.7007588749e-01,-1.0000000000e+00,-1.1889647808e-02,0.0000000000e+00,-1.0000000000e+00,0.0000000000e+00,3.2344000297e-03
-7.5846697761e-01,4.4664721563e-01,-1.5000000596e-01,0.0000000000e+00,0.0000000000e+00,-1.0000000000e+00,3.0992000284e-03
9.4580273373e-01,-7.3581938175e-01,1.5000000596e-01,0.0000000000e+00,-0.0000000000e+00,1.0000000000e+00,3.5776000328e-03
-7.9648931997e-01,-7.1208088190e-01,-1.5000000596e-01,0.0000000000e+00,0.0000000000e+00,-1.0000000000e+00,3.5672000327e-03
1.0000000000e+00,4.4121418878e-01,8.1970477313e-02,1.0000000000e+00,0.0000000000e+00,-0.0000000000e+00,4.1808000383e-03
-1.0000000000e+00,2.7828515590e-01,1.0847221777e-01,-1.0000000000e+00,0.0000000000e+00,0.0000000000e+00,2.4752000227e-03
-3.6084610464e-01,8.0828983168e-01,-1.5000000596e-01,0.0000000000e+00,0.0000000000e+00,-1.0000000000e+00,2.9640000272e-03
-3.5148694551e-01,7.3205948405e-01,1.5000000596e-01,0.0000000000e+00,-0.0000000000e+00,1.0000000000e+00,3.6712000337e-03
-5.3803419893e-01,1.0000000000e+00,-6.4251631238e-02,0.0000000000e+00,1.0000000000e+00,-0.0000000000e+00,4.2536000390e-03
8.7902635264e-01,-5.7134158229e-01,-1.5000000596e-01,0.0000000000e+00,0.0000000000e+00,-1.0000000000e+00,3.9624000363e-03
-4.3425279906e-01,3.5991956103e-01,1.5000000596e-01,0.0000000000e+00,0.0000000000e+00,1.0000000000e+00,3.0784000282e-03
-2.0896773963e-01,7.0924442137e-01,1.5000000596e-01,0.0000000000e+00,-0.0000000000e+00,1.0000000000e+00,3.2448000298e-03
4.7031103727e-01,-1.0000000000e+00,6.6352615768e-02,0.0000000000e+00,-1.0000000000e+00,0.0000000000e+00,3.2968000302e-03
1.0000000000e+00,-9.4660757338e-01,-4.2428586472e-02,1.0000000000e+00,0.0000000000e+00,-0.0000000000e+00,2.9120000267e-03
4.1108570348e-01,3.4247785567e-01,-1.5000000596e-01,0.0000000000e+00,0.0000000000e+00,-1.0000000000e+00,2.7456000252e-03
-7.4118169114e-01,-9.5506505670e-01,-1.5000000596e-01,0.0000000000e+00,0.0000000000e+00,-1.0000000000e+00,3.0160000277e-03
-9.6270312767e-01,3.7078566537e-02,-1.5000000596e-01,0.0000000000e+00,0.0000000000e+00,-1.0000000000e+00,3.9728000364e-03
-8.4231465946e-01,5.9484223669e-01,1.5000000596e-01,0.0000000000e+00,0.0000000000e+00,1.0000000000e+00,3.3176000304e-03
5.4550945784e-01,-1.1870665160e-01,1.5000000596e-01,0.0000000000e+00,-0.0000000000e+00,1.0000000000e+00,3.0992000284e-03
-7.4258612400e-01,-3.9598256682e-01,1.5000000596e-01,0.0000000000e+00,0.0000000000e+00,1.0000000000e+00,2.5792000237e-03
9.2953038171e-01,1.0000000000e+00,3.4972648472e-02,0.0000000000e+00,1.0000000000e+00,-0.0000000000e+00,3.5256000323e-03
-9.9234545999e-01,-7.5154757267e-02,1.5000000596e-01,0.0000000000e+00,0.0000000000e+00,1.0000000000e+00,3.4216000314e-03
9.9054220062e-01,-1.5191475763e-01,1.5000000596e-01,0.0000000000e+00,-0.0000000000e+00,1.0000000000e+00,3.5464000325e-03
4.3337523549e-01,-3.7622615235e-01,-1.5000000596e-01,0.0000000000e+00,0.0000000000e+00,-1.0000000000e+00,3.5568000326e-03
1.0000000000e+00,-3.8859473048e-01,4.3966710919e-02,1.0000000000e+00,0.0000000000e+00,-0.0000000000e+00,3.7024000340e-03
-8.5550765649e-01,7.6413190852e-01,-1.5000000596e-01,0.0000000000e+00,0.0000000000e+00,-1.0000000000e+00,2.9224000268e-03
-3.7990838351e-01,5.9849071442e-02,1.5000000596e-01,0.0000000000e+00,0.0000000000e+00,1.0000000000e+00,2.7144000249e-03
-3.6694160961e-01,9.2418028230e-01,1.5000000596e-01,0.0000000000e+00,-0.0000000000e+00,1.0000000000e+00,2.1320000196e-03
-7.8579871752e-01,-5.0242239601e-01,1.5000000596e-01,0.0000000000e+00,0.0000000000e+00,1.0000000000e+00,3.1928000293e-03
5.7440459422e-01,-5.7375264332e-01,-1.5000000596e-01,0.0000000000e+00,0.0000000000e+00,-1.0000000000e+00,3.5672000327e-03
-1.0000000000e+00,-5.7187937778e-01,-8.5726467038e-02,-1.0000000000e+00,-0.0000000000e+00,-0.0000000000e+00,2.8184000258e-03
-4.6909427893e-01,-9.5946124445e-01,-1.5000000596e-01,0.0000000000e+00,0.0000000000e+00,-1.0000000000e+00,3.9312000360e-03
8.9008714243e-01,1.0000000000e+00,-1.3571818114e-01,0.0000000000e+00,1.0000000000e+00,-0.0000000000e+00,3.8896000357e-03
-6.0125735141e-01,3.2824510865e-01,1.5000000596e-01,0.0000000000e+00,0.0000000000e+00,1.0000000000e+00,3.2136000295e-03
-8.5985455995e-01,1.0208694620e-01,-1.5000000596e-01,0.0000000000e+00,0.0000000000e+00,-1.0000000000e+00,3.3592000308e-03
2.3857114747e-01,1.0070124683e-01,1.5000000596e-01,0.0000000000e+00,-0.0000000000e+00,1.0000000000e+00,3.4528000317e-03
2.4791197132e-01,-4.2575000462e-01,1.5000000596e-01,0.0000000000e+00,0.0000000000e+00,1.0000000000e+00,2.7144000249e-03
-4.0400196440e-01,2.4109255333e-01,1.5000000596e-01,0.0000000000e+00,0.0000000000e+00,1.0000000000e+00,3.4632000318e-03
-6.4053589630e-01,-8.4848228479e-01,1.5000000596e-01,0.0000000000e+00,0.0000000000e+00,1.0000000000e+00,2.3400000215e-03
-9.2929811440e-01,-3.1662947417e-01,-1.5000000596e-01,0.0000000000e+00,0.0000000000e+00,-1.0000000000e+00,4.1080000377e-03
-7.5351320313e-01,1.0000000000e+00,5.4794120201e-02,0.0000000000e+00,1.0000000000e+00,-0.0000000000e+00,3.2240000296e-03
-9.4958348369e-01,8.6686960358e-01,1.5000000596e-01,0.0000000000e+00,0.0000000000e+00,1.0000000000e+00,2.5480000234e-03
5.0851700980e-01,7.7696848621e-01,-1.5000000596e-01,0.0000000000e+00,0.0000000000e+00,-1.0000000000e+00,3.7024000340e-03
2.7173797744e-01,2.6174383498e-01,-1.5000000596e-01,0.0000000000e+00,0.0000000000e+00,-1.0000000000e+00,3.0680000281e-03
4.9471483975e-01,7.0672905416e-01,-1.5000000596e-01,0.0000000000e+00,0.0000000000e+00,-1.0000000000e+00,2.8184000258e-03
5.0855746773e-01,1.0000000000e+00,-9.9767380729e-02,0.0000000000e+00,1.0000000000e+00,-0.0000000000e+00,4.4616000409e-03
9.0572059420e-02,3.1247827112e-01,-1.5000000596e-01,0.0000000000e+00,0.0000000000e+00,-1.0000000000e+00,3.3176000304e-03
6.3525286545e-01,-3.8993910967e-01,-1.5000000596e-01,0.0000000000e+00,0.0000000000e+00,-1.0000000000e+00,4.0872000375e-03
-2.6932731030e-01,-1.1251833324e-01,-1.5000000596e-01,0.0000000000e+00,0.0000000000e+00,-1.0000000000e+00,2.8600000262e-03
2.7092692877e-01,-5.8138062157e-01,1.5000000596e-01,0.0000000000e+00,0.0000000000e+00,1.0000000000e+00,3.0576000280e-03
-1.0000000000e+00,-6.3108687368e-01,1.4048205209e-01,-1.0000000000e+00,0.0000000000e+00,0.0000000000e+00,3.1824000292e-03
-2.2365012061e-01,9.1576624211e-01,1.5000000596e-01,0.0000000000e+00,-0.0000000000e+00,1.0000000000e+00,4.1392000380e-03
3.0967283466e-01,-3.1769804224e-01,1.5000000596e-01,0.0000000000e+00,0.0000000000e+00,1.0000000000e+00,2.6208000240e-03
9.9772981104e-01,6.1652465228e-01,1.5000000596e-01,0.0000000000e+00,-0.0000000000e+00,1.0000000000e+00,3.6088000331e-03
-9.7461923818e-01,-9.2099047553e-01,1.5000000596e-01,0.0000000000e+00,0.0000000000e+00,1.0000000000e+00,4.2952000394e-03
8.0469947287e-01,-9.4106750345e-01,-1.5000000596e-01,0.0000000000e+00,0.0000000000e+00,-1.0000000000e+00,3.7960000348e-03
5.2646320766e-02,6.6112911544e-01,1.5000000596e-01,0.0000000000e+00,-0.0000000000e+00,1.0000000000e+00,2.4544000225e-03
-3.8569018308e-01,-1.3804996293e-01,1.5000000596e-01,0.0000000000e+00,0.0000000000e+00,1.0000000000e+00,3.1928000293e-03
-6.9086289643e-01,9.9949640603e-01,-1.5000000596e-01,0.0000000000e+00,0.0000000000e+00,-1.0000000000e+00,3.2344000297e-03
5.6240011891e-01,5.6913060684e-02,1.5000000596e-01,0.0000000000e+00,-0.0000000000e+00,1.0000000000e+00,3.0680000281e-03
-1.4874709354e-01,-5.7224388095e-02,-1.5000000596e-01,0.0000000000e+00,0.0000000000e+00,-1.0000000000e+00,3.2448000298e-03
-2.2857760426e-01,9.3483090090e-01,-1.5000000596e-01,0.0000000000e+00,0.0000000000e+00,-1.0000000000e+00,3.1720000291e-03
3.0421176395e-01,2.9375123846e-01,-1.5000000596e-01,0.0000000000e+00,0.0000000000e+00,-1.0000000000e+00,2.8912000265e-03
1.0000000000e+00,-8.5131914869e-02,-3.3157686149e-02,1.0000000000e+00,0.0000000000e+00,0.0000000000e+00,3.4944000320e-03
-1.6985762640e-01,-9.8784165113e-02,-1.5000000596e-01,0.0000000000e+00,0.0000000000e+00,-1.0000000000e+00,2.9744000273e-03
-4.6390730582e-01,6.8496537171e-01,-1.5000000596e-01,0.0000000000e+00,0.0000000000e+00,-1.0000000000e+00,3.9624000363e-03
-1.8160280908e-01,7.8735256618e-01,1.5000000596e-01,0.0000000000e+00,-0.0000000000e+00,1.0000000000e+00,2.6104000239e-03
1.2116714802e-01,6.1747027474e-01,-1.5000000596e-01,0.0000000000e+00,0.0000000000e+00,-1.0000000000e+00,3.2240000296e-03
2.2070010495e-01,8.9440723048e-01,1.5000000596e-01,0.0000000000e+00,-0.0000000000e+00,1.0000000000e+00,3.3696000309e-03
4.9697400348e-01,-6.6404494464e-01,1.5000000596e-01,0.0000000000e+00,0.0000000000e+00,1.0000000000e+00,4.0664000373e-03
9.3482708737e-01,-1.3289864296e-02,1.5000000596e-01,0.0000000000e+00,-0.0000000000e+00,1.0000000000e+00,3.1512000289e-03
-7.9054985551e-01,-8.0711276449e-01,-1.5000000596e-01,0.0000000000e+00,0.0000000000e+00,-1.0000000000e+00,3.4632000318e-03
-1.0000000000e+00,6.4577302387e-01,1.0503491243e-02,-1.0000000000e+00,0.0000000000e+00,0.0000000000e+00,3.3384000306e-03
2.3337156589e-01,-6.8766706626e-01,-1.5000000596e-01,0.0000000000e+00,0.0000000000e+00,-1.0000000000e+00,3.7856000347e-03
4.6359460310e-01,-5.4189867024e-01,1.5000000596e-01,0.0000000000e+00,0.0000000000e+00,1.0000000000e+00,4.2016000385e-03
2.5031221645e-01,1.0000000000e+00,1.4004339849e-01,0.0000000000e+00,1.0000000000e+00,-0.0000000000e+00,3.4944000320e-03
7.8520079308e-02,4.8042047395e-01,1.5000000596e-01,0.0000000000e+00,-0.0000000000e+00,1.0000000000e+00,3.7440000343e-03
2.6560546170e-01,8.5869283191e-01,1.5000000596e-01,0.0000000000e+00,-0.0000000000e+00,1.0000000000e+00,3.2760000300e-03
-2.7056250644e-01,-2.7802568987e-01,-1.5000000596e-01,0.0000000000e+00,0.0000000000e+00,-1.0000000000e+00,3.3072000303e-03
-3.5426021751e-01,5.0231768645e-01,1.5000000596e-01,0.0000000000e+00,-0.0000000000e+00,1.0000000000e+00,2.3504000216e-03
-3.7777386073e-02,6.6728068761e-01,-1.5000000596e-01,0.0000000000e+00,0.0000000000e+00,-1.0000000000e+00,3.1720000291e-03
3.3636543252e-01,1.0000000000e+00,6.0802275812e-02,0.0000000000e+00,1.0000000000e+00,-0.0000000000e+00,3.6296000333e-03
4.2546687870e-01,1.9538790932e-01,-1.5000000596e-01,0.0000000000e+00,0.0000000000e+00,-1.0000000000e+00,3.1304000287e-03
1.0000000000e+00,7.3089591282e-01,1.0514049798e-01,1.0000000000e+00,0.0000000000e+00,0.0000000000e+00,2.9328000269e-03
-1.0000000000e+00,-7.6626185852e-01,8.3582418536e-02,-1.0000000000e+00,-0.0000000000e+00,-0.0000000000e+00,4.0040000367e-03
-9.3559991780e-01,-2.6192234815e-01,-1.5000000596e-01,0.0000000000e+00,0.0000000000e+00,-1.0000000000e+00,2.7144000249e-03
-1.0000000000e+00,6.1284294734e-01,1.2759937248e-01,-1.0000000000e+00,0.0000000000e+00,0.0000000000e+00,5.0856000466e-03
9.3750316494e-01,5.9794656365e-01,-1.5000000596e-01,0.0000000000e+00,0.0000000000e+00,-1.0000000000e+00,3.5048000321e-03
1.0000000000e+00,-8.6804442042e-01,-6.5190548771e-02,1.0000000000e+00,0.0000000000e+00,-0.0000000000e+00,3.1928000293e-03
-5.3498974655e-01,-8.4941576691e-01,1.5000000596e-01,0.0000000000e+00,0.0000000000e+00,1.0000000000e+00,2.9640000272e-03
-4.9943713819e-01,-4.4486771529e-01,1.5000000596e-01,0.0000000000e+00,0.0000000000e+00,1.0000000000e+00,2.8184000258e-03
-3.5476060301e-01,-2.5512864169e-01,-1.5000000596e-01,0.0000000000e+00,0.0000000000e+00,-1.0000000000e+00,3.3280000305e-03
-9.0752633557e-01,-4.7991004270e-01,-1.5000000596e-01,0.0000000000e+00,0.0000000000e+00,-1.0000000000e+00,3.3072000303e-03
-6.3363463398e-02,-1.0000000000e+00,7.2030882375e-02,0.0000000000e+00,-1.0000000000e+00,0.0000000000e+00,2.9952000275e-03
7.1286401197e-01,-6.4182094210e-01,-1.5000000596e-01,0.0000000000e+00,0.0000000000e+00,-1.0000000000e+00,2.9328000269e-03
3.5744852339e-01,-2.1803482364e-01,-1.5000000596e-01,0.0000000000e+00,0.0000000000e+00,-1.0000000000e+00,3.2344000297e-03
-8.0249189567e-01,2.6679650971e-01,1.5000000596e-01,0.0000000000e+00,0.0000000000e+00,1.0000000000e+00,3.7232000341e-03
6.8455102127e-01,7.8139947956e-02,1.5000000596e-01,0.0000000000e+00,-0.0000000000e+00,1.0000000000e+00,3.5672000327e-03
8.9357044787e-01,5.6603564877e-01,-1.5000000596e-01,0.0000000000e+00,0.0000000000e+00,-1.0000000000e+00,2.9224000268e-03
-3.7560417987e-01,1.0000000000e+00,1.3169069953e-03,0.0000000000e+00,1.0000000000e+00,-0.0000000000e+00,2.8912000265e-03
1.0000000000e+00,-2.2509591337e-01,5.4903571625e-02,1.0000000000e+00,0.0000000000e+00,-0.0000000000e+00,3.3384000306e-03
8.4458212726e-01,-3.4277389552e-01,-1.5000000596e-01,0.0000000000e+00,0.0000000000e+00,-1.0000000000e+00,3.2344000297e-03
-1.8488571674e-02,4.6202016847e-01,-1.5000000596e-01,0.0000000000e+00,0.0000000000e+00,-1.0000000000e+00,3.7024000340e-03
3.7843621097e-01,1.3150437334e-01,1.5000000596e-01,0.0000000000e+00,-0.0000000000e+00,1.0000000000e+00,3.6296000333e-03
6.6287504981e-01,1.9199459517e-01,-1.5000000596e-01,0.0000000000e+00,0.0000000000e+00,-1.0000000000e+00,5.6784000521e-03
-4.1118565389e-01,7.7730966448e-01,1.5000000596e-01,0.0000000000e+00,-0.0000000000e+00,1.0000000000e+00,3.5152000322e-03
-4.6680216043e-01,3.6454173021e-01,-1.5000000596e-01,0.0000000000e+00,0.0000000000e+00,-1.0000000000e+00,2.8808000264e-03
-6.4700835461e-01,-4.4325966934e-01,-1.5000000596e-01,0.0000000000e+00,0.0000000000e+00,-1.0000000000e+00,3.1720000291e-03
4.1237368624e-01,5.1868053207e-01,-1.5000000596e-01,0.0000000000e+00,0.0000000000e+00,-1.0000000000e+00,3.1200000286e-03
3.9165502354e-01,-2.5931358110e-01,-1.5000000596e-01,0.0000000000e+00,0.0000000000e+00,-1.0000000000e+00,3.0576000280e-03
-9.4110776242e-01,-7.4316490589e-01,1.5000000596e-01,0.0000000000e+00,0.0000000000e+00,1.0000000000e+00,3.3488000307e-03
-2.1519816890e-01,2.4453757884e-01,1.5000000596e-01,0.0000000000e+00,-0.0000000000e+00,1.0000000000e+00,3.0056000276e-03
-8.9728493851e-01,5.5602392803e-01,-1.5000000596e-01,0.0000000000e+00,0.0000000000e+00,-1.0000000000e+00,4.0456000371e-03
8.0156441243e-01,-7.7779652105e-01,1.5000000596e-01,0.0000000000e+00,-0.0000000000e+00,1.0000000000e+00,3.0264000278e-03
9.1796673300e-01,7.7927131570e-01,-1.5000000596e-01,0.0000000000e+00,0.0000000000e+00,-1.0000000000e+00,3.7128000340e-03
-6.7987692130e-01,1.0000000000e+00,3.7944726642e-02,0.0000000000e+00,1.0000000000e+00,-0.0000000000e+00,3.0368000278e-03
8.7375840370e-01,-8.6141105599e-01,1.5000000596e-01,0.0000000000e+00,-0.0000000000e+00,1.0000000000e+00,3.5568000326e-03
-4.4360840774e-01,4.8420508870e-02,-1.5000000596e-01,0.0000000000e+00,0.0000000000e+00,-1.0000000000e+00,3.8064000349e-03
9.6172773840e-01,-6.3668131895e-01,-1.5000000596e-01,0.0000000000e+00,0.0000000000e+00,-1.0000000000e+00,4.3576000400e-03
-1.0642353930e-01,-1.7632229428e-01,-1.5000000596e-01,0.0000000000e+00,0.0000000000e+00,-1.0000000000e+00,3.0160000277e-03
-8.4880383026e-01,3.5546895038e-02,1.5000000596e-01,0.0000000000e+00,0.0000000000e+00,1.0000000000e+00,3.0680000281e-03
-6.6438131124e-01,-7.8977198664e-01,1.5000000596e-01,0.0000000000e+00,0.0000000000e+00,1.0000000000e+00,2.9328000269e-03
4.3992027291e-02,6.0792743644e-01,-1.5000000596e-01,0.0000000000e+00,0.0000000000e+00,-1.0000000000e+00,3.2760000300e-03
1.0000000000e+00,-5.9658195010e-01,-6.7620791868e-02,1.0000000000e+00,0.0000000000e+00,-0.0000000000e+00,4.4200000405e-03
-5.7908825005e-01,-7.2272903935e-01,1.5000000596e-01,0.0000000000e+00,0.0000000000e+00,1.0000000000e+00,4.1600000381e-03
5.3389750394e-02,-3.8598433775e-01,-1.5000000596e-01,0.0000000000e+00,0.0000000000e+00,-1.0000000000e+00,3.3280000305e-03
-1.0000000000e+00,-5.0286777435e-02,5.5498502914e-02,-1.0000000000e+00,0.0000000000e+00,0.0000000000e+00,3.1824000292e-03
8.6133538883e-01,6.8585545023e-01,1.5000000596e-01,0.0000000000e+00,-0.0000000000e+00,1.0000000000e+00,3.8168000350e-03
8.0303254610e-02,-7.6657806550e-01,1.5000000596e-01,0.0000000000e+00,0.0000000000e+00,1.0000000000e+00,3.6400000334e-03
-2.2922776277e-01,8.1038485983e-01,1.5000000596e-01,0.0000000000e+00,-0.0000000000e+00,1.0000000000e+00,2.7144000249e-03
-8.6714631808e-01,4.6251138258e-01,1.5000000596e-01,0.0000000000e+00,0.0000000000e+00,1.0000000000e+00,3.2344000297e-03
-5.6544042619e-01,-5.3180634935e-01,-1.5000000596e-01,0.0000000000e+00,0.0000000000e+00,-1.0000000000e+00,3.0680000281e-03
-6.5646984246e-01,-8.9110866246e-01,1.5000000596e-01,0.0000000000e+00,0.0000000000e+00,1.0000000000e+00,2.9432000270e-03
9.7070080701e-01,8.4657932621e-01,1.5000000596e-01,0.0000000000e+00,-0.0000000000e+00,1.0000000000e+00,4.4304000406e-03
-9.5776113127e-01,-9.8380417557e-01,1.5000000596e-01,0.0000000000e+00,0.0000000000e+00,1.0000000000e+00,5.0128000460e-03
-2.4801910983e-01,-6.6288976621e-01,-1.5000000596e-01,0.0000000000e+00,0.0000000000e+00,-1.0000000000e+00,4.3056000395e-03
-2.4914703549e-01,-5.0330248811e-01,-1.5000000596e-01,0.0000000000e+00,0.0000000000e+00,-1.0000000000e+00,3.1720000291e-03
-4.6943712072e-01,-6.4986274497e-01,-1.5000000596e-01,0.0000000000e+00,0.0000000000e+00,-1.0000000000e+00,2.9952000275e-03
1.0000000000e+00,-9.4337194554e-01,9.0721567680e-02,1.0000000000e+00,0.0000000000e+00,-0.0000000000e+00,2.9744000273e-03
-1.0000000000e+00,-8.6669535238e-01,8.0704366612e-02,-1.0000000000e+00,-0.0000000000e+00,-0.0000000000e+00,3.7856000347e-03
-7.4562616870e-01,1.7427626958e-01,1.5000000596e-01,0.0000000000e+00,0.0000000000e+00,1.0000000000e+00,3.7128000340e-03
6.9837465966e-01,5.4111741721e-01,-1.5000000596e-01,0.0000000000e+00,0.0000000000e+00,-1.0000000000e+00,3.2864000301e-03
6.3426009790e-01,-4.8721975996e-01,-1.5000000596e-01,0.0000000000e+00,0.0000000000e+00,-1.0000000000e+00,3.5672000327e-03
-5.3299012242e-01,-6.3284755976e-01,-1.5000000596e-01,0.0000000000e+00,0.0000000000e+00,-1.0000000000e+00,3.1824000292e-03
-3.0340641572e-01,1.0000000000e+00,-3.2313641509e-02,0.0000000000e+00,1.0000000000e+00,-0.0000000000e+00,3.0056000276e-03
-6.0834310605e-01,-2.6074372064e-01,1.5000000596e-01,0.0000000000e+00,0.0000000000e+00,1.0000000000e+00,3.4216000314e-03
2.7486057302e-01,-5.7380708696e-01,-1.5000000596e-01,0.0000000000e+00,0.0000000000e+00,-1.0000000000e+00,4.0352000370e-03
-6.3126480119e-01,4.8826342324e-01,-1.5000000596e-01,0.0000000000e+00,0.0000000000e+00,-1.0000000000e+00,3.7336000342e-03
8.0761454022e-01,5.5764006697e-01,1.5000000596e-01,0.0000000000e+00,-0.0000000000e+00,1.0000000000e+00,3.9832000365e-03
2.0760689825e-01,9.0491442346e-01,-1.5000000596e-01,0.0000000000e+00,0.0000000000e+00,-1.0000000000e+00,3.4216000314e-03
3.1413384312e-01,-2.6778239335e-02,-1.5000000596e-01,0.0000000000e+00,0.0000000000e+00,-1.0000000000e+00,2.9328000269e-03
-9.9773226837e-01,7.0396821481e-01,-1.5000000596e-01,0.0000000000e+00,0.0000000000e+00,-1.0000000000e+00,3.0264000278e-03
6.2015101431e-01,-5.3680812409e-01,-1.5000000596e-01,0.0000000000e+00,0.0000000000e+00,-1.0000000000e+00,3.8896000357e-03
-4.9455734826e-01,6.6240209727e-02,-1.5000000596e-01,0.0000000000e+00,0.0000000000e+00,-1.0000000000e+00,3.5880000329e-03
3.3520064120e-01,-1.0000000000e+00,-7.5613361712e-02,0.0000000000e+00,-1.0000000000e+00,0.0000000000e+00,2.7248000250e-03
2.5735695252e-01,-4.7476836375e-01,1.5000000596e-01,0.0000000000e+00,0.0000000000e+00,1.0000000000e+00,3.4008000312e-03
7.2680250167e-01,1.4580075719e-01,-1.5000000596e-01,0.0000000000e+00,0.0000000000e+00,-1.0000000000e+00,3.4424000316e-03
8.4502155598e-01,4.1756981053e-01,-1.5000000596e-01,0.0000000000e+00,0.0000000000e+00,-1.0000000000e+00,3.0784000282e-03
2.9660768530e-01,-1.0447672689e-01,1.5000000596e-01,0.0000000000e+00,-0.0000000000e+00,1.0000000000e+00,2.9536000271e-03
1.0000000000e+00,5.8075591304e-01,-1.1571959643e-01,1.0000000000e+00,0.0000000000e+00,0.0000000000e+00,2.7456000252e-03
7.3536905288e-01,1.1450529430e-01,1.5000000596e-01,0.0000000000e+00,-0.0000000000e+00,1.0000000000e+00,3.9416000361e-03
-8.0581469797e-01,-2.3531705600e-01,-1.5000000596e-01,0.0000000000e+00,0.0000000000e+00,-1.0000000000e+00,3.1720000291e-03
-3.4960758163e-01,7.3873420271e-01,-1.5000000596e-01,0.0000000000e+00,0.0000000000e+00,-1.0000000000e+00,2.7664000254e-03
-8.9512169746e-01,-6.7244014605e-01,1.5000000596e-01,0.0000000000e+00,0.0000000000e+00,1.0000000000e+00,4.1392000380e-03
1.0000000000e+00,-3.3242183801e-01,8.0823836308e-02,1.0000000000e+00,0.0000000000e+00,-0.0000000000e+00,3.4216000314e-03
1.0000000000e+00,-6.3119024824e-01,-1.3536241551e-02,1.0000000000e+00,0.0000000000e+00,-0.0000000000e+00,3.7440000343e-03
5.4304916484e-01,-4.8666972937e-01,1.5000000596e-01,0.0000000000e+00,-0.0000000000e+00,1.0000000000e+00,4.4304000406e-03
2.9535720936e-01,-3.2135549633e-01,-1.5000000596e-01,0.0000000000e+00,0.0000000000e+00,-1.0000000000e+00,3.0368000278e-03
-2.7929321684e-01,-1.0000000000e+00,-2.5578180716e-02,0.0000000000e+00,-1.0000000000e+00,0.0000000000e+00,3.6816000338e-03
-6.2592025652e-01,2.0920599440e-03,-1.5000000596e-01,0.0000000000e+00,0.0000000000e+00,-1.0000000000e+00,3.0784000282e-03
7.8339162785e-01,-8.4277447243e-01,1.5000000596e-01,0.0000000000e+00,0.0000000000e+00,1.0000000000e+00,3.4736000319e-03
6.3197418580e-02,-1.0000000000e+00,1.3824411421e-01,0.0000000000e+00,-1.0000000000e+00,0.0000000000e+00,3.0576000280e-03
5.9889062680e-01,-6.1047824055e-01,1.5000000596e-01,0.0000000000e+00,0.0000000000e+00,1.0000000000e+00,3.7648000345e-03
-1.6749230019e-01,2.9634712957e-01,1.5000000596e-01,0.0000000000e+00,-0.0000000000e+00,1.0000000000e+00,2.7664000254e-03
-2.6732626107e-01,3.7829817991e-01,1.5000000596e-01,0.0000000000e+00,-0.0000000000e+00,1.0000000000e+00,3.3488000307e-03
-2.7153518107e-01,2.4785020172e-01,1.5000000596e-01,0.0000000000e+00,0.0000000000e+00,1.0000000000e+00,3.1096000285e-03
2.4401042604e-01,8.5237754757e-01,-1.5000000596e-01,0.0000000000e+00,0.0000000000e+00,-1.0000000000e+00,4.2432000389e-03
-3.2701693087e-01,1.0000000000e+00,1.3815684327e-01,0.0000000000e+00,1.0000000000e+00,-0.0000000000e+00,4.6488000426e-03
-2.0566893630e-01,-7.3207041652e-01,-1.5000000596e-01,0.0000000000e+00,0.0000000000e+00,-1.0000000000e+00,3.0992000284e-03
8.1376264266e-01,-1.4777461512e-01,1.5000000596e-01,0.0000000000e+00,-0.0000000000e+00,1.0000000000e+00,3.3176000304e-03
-1.1640706181e-01,-6.0619053922e-01,-1.5000000596e-01,0.0000000000e+00,0.0000000000e+00,-1.0000000000e+00,3.5672000327e-03
7.5149184211e-01,1.0000000000e+00,6.1122217102e-02,0.0000000000e+00,1.0000000000e+00,-0.0000000000e+00,3.2240000296e-03
-3.3757279735e-01,-9.4065720452e-01,1.5000000596e-01,0.0000000000e+00,0.0000000000e+00,1.0000000000e+00,3.2968000302e-03
-6.4945265019e-01,-3.8208898870e-01,-1.5000000596e-01,0.0000000000e+00,0.0000000000e+00,-1.0000000000e+00,3.2552000299e-03
-4.5690283367e-01,1.5314628601e-01,1.5000000596e-01,0.0000000000e+00,0.0000000000e+00,1.0000000000e+00,2.5168000231e-03
4.4978091662e-02,-6.2314600297e-01,-1.5000000596e-01,0.0000000000e+00,0.0000000000e+00,-1.0000000000e+00,3.5048000321e-03
7.2618689797e-01,-1.6744422225e-01,1.5000000596e-01,0.0000000000e+00,-0.0000000000e+00,1.0000000000e+00,3.3904000311e-03
4.7092967281e-01,6.2924356101e-01,1.5000000596e-01,0.0000000000e+00,-0.0000000000e+00,1.0000000000e+00,3.7336000342e-03
-1.0000000000e+00,2.5250952648e-01,2.2343328309e-02,-1.0000000000e+00,0.0000000000e+00,0.0000000000e+00,2.7560000253e-03
1.0000000000e+00,5.3294158198e-01,4.3324057739e-02,1.0000000000e+00,0.0000000000e+00,0.0000000000e+00,3.7856000347e-03
7.4212509501e-01,8.1991780237e-01,-1.5000000596e-01,0.0000000000e+00,0.0000000000e+00,-1.0000000000e+00,3.7440000343e-03
-1.0000000000e+00,-2.9896137572e-01,-9.2713280150e-02,-1.0000000000e+00,-0.0000000000e+00,-0.0000000000e+00,3.6400000334e-03
-5.5501490914e-02,-1.7555949117e-01,1.5000000596e-01,0.0000000000e+00,0.0000000000e+00,1.0000000000e+00,2.8808000264e-03
9.4048829852e-01,-4.1325244842e-01,1.5000000596e-01,0.0000000000e+00,-0.0000000000e+00,1.0000000000e+00,2.7144000249e-03
-3.8578405386e-01,-3.7273889650e-01,-1.5000000596e-01,0.0000000000e+00,0.0000000000e+00,-1.0000000000e+00,3.4320000315e-03
2.0187699742e-01,4.0019036377e-01,-1.5000000596e-01,0.0000000000e+00,0.0000000000e+00,-1.0000000000e+00,3.9000000358e-03
4.9146091491e-01,-8.4479819951e-01,1.5000000596e-01,0.0000000000e+00,0.0000000000e+00,1.0000000000e+00,3.6504000335e-03
-9.4824390776e-01,3.5662252860e-01,-1.5000000596e-01,0.0000000000e+00,0.0000000000e+00,-1.0000000000e+00,2.5480000234e-03
2.6339767067e-01,1.0000000000e+00,-2.4790774977e-02,0.0000000000e+00,1.0000000000e+00,-0.0000000000e+00,3.5048000321e-03
1.3158427582e-01,5.8577862797e-02,-1.5000000596e-01,0.0000000000e+00,0.0000000000e+00,-1.0000000000e+00,3.1408000288e-03
3.1100823089e-01,3.4076536406e-01,-1.5000000596e-01,0.0000000000e+00,0.0000000000e+00,-1.0000000000e+00,3.0680000281e-03
-1.8787064086e-01,9.9385609765e-01,1.5000000596e-01,0.0000000000e+00,-0.0000000000e+00,1.0000000000e+00,4.0768000374e-03
1.6421736001e-01,-1.0000000000e+00,1.7693908411e-02,0.0000000000e+00,-1.0000000000e+00,0.0000000000e+00,3.0680000281e-03
-7.3866082304e-01,-8.5020079727e-01,-1.5000000596e-01,0.0000000000e+00,0.0000000000e+00,-1.0000000000e+00,4.2848000393e-03
-8.3791641519e-01,-1.0000000000e+00,1.0889397742e-01,0.0000000000e+00,-1.0000000000e+00,0.0000000000e+00,3.5360000324e-03
-4.0189919203e-01,-4.1342824552e-01,1.5000000596e-01,0.0000000000e+00,0.0000000000e+00,1.0000000000e+00,3.7960000348e-03
-8.8604090816e-01,-3.6952457871e-01,-1.5000000596e-01,0.0000000000e+00,0.0000000000e+00,-1.0000000000e+00,3.0160000277e-03
8.8240065473e-01,-8.5486667811e-01,-1.5000000596e-01,0.0000000000e+00,0.0000000000e+00,-1.0000000000e+00,3.6816000338e-03
4.4923054320e-01,-2.7614142015e-01,1.5000000596e-01,0.0000000000e+00,-0.0000000000e+00,1.0000000000e+00,3.7336000342e-03
-7.1268879083e-01,-4.4618812230e-01,-1.5000000596e-01,0.0000000000e+00,0.0000000000e+00,-1.0000000000e+00,4.0040000367e-03
-7.4957717303e-01,7.9159793454e-01,1.5000000596e-01,0.0000000000e+00,-0.0000000000e+00,1.0000000000e+00,4.0560000372e-03
6.8195216111e-01,7.4532156471e-01,1.5000000596e-01,0.0000000000e+00,-0.0000000000e+00,1.0000000000e+00,3.8688000355e-03
-3.6763409859e-01,-1.0000000000e+00,-6.7730130685e-02,0.0000000000e+00,-1.0000000000e+00,0.0000000000e+00,2.8184000258e-03
6.0463460654e-01,7.2482022739e-01,-1.5000000596e-01,0.0000000000e+00,0.0000000000e+00,-1.0000000000e+00,3.3280000305e-03
1.0000000000e+00,-6.7891328604e-01,3.0757846886e-02,1.0000000000e+00,0.0000000000e+00,-0.0000000000e+00,3.8064000349e-03
1.0000000000e+00,-5.0327727816e-01,1.3357396636e-02,1.0000000000e+00,0.0000000000e+00,-0.0000000000e+00,3.9520000362e-03
-9.4727420800e-01,5.0046016609e-01,-1.5000000596e-01,0.0000000000e+00,0.0000000000e+00,-1.0000000000e+00,2.4960000229e-03
1.0000000000e+00,4.3802733959e-02,-8.0161877628e-02,1.0000000000e+00,0.0000000000e+00,0.0000000000e+00,2.8600000262e-03
1.4203535465e-01,-8.0717360650e-01,-1.5000000596e-01,0.0000000000e+00,0.0000000000e+00,-1.0000000000e+00,2.9328000269e-03
-1.9052983155e-01,-6.8526251696e-01,-1.5000000596e-01,0.0000000000e+00,0.0000000000e+00,-1.0000000000e+00,3.1408000288e-03
9.9423936747e-01,-9.7308794862e-01,1.5000000596e-01,0.0000000000e+00,-0.0000000000e+00,1.0000000000e+00,2.9952000275e-03
-7.4079365571e-02,-3.4153056751e-01,1.5000000596e-01,0.0000000000e+00,0.0000000000e+00,1.0000000000e+00,3.5672000327e-03
6.1598136395e-01,-4.5591222267e-01,1.5000000596e-01,0.0000000000e+00,-0.0000000000e+00,1.0000000000e+00,4.2848000393e-03
-3.5017950429e-01,-8.3128174025e-01,1.5000000596e-01,0.0000000000e+00,0.0000000000e+00,1.0000000000e+00,3.1512000289e-03
6.3118712657e-01,-8.8343761168e-01,-1.5000000596e-01,0.0000000000e+00,0.0000000000e+00,-1.0000000000e+00,2.8496000261e-03
7.3641261978e-01,1.0000000000e+00,-1.2385244414e-01,0.0000000000e+00,1.0000000000e+00,-0.0000000000e+00,3.3904000311e-03
1.0000000000e+00,3.3808735319e-01,1.0408391363e-01,1.0000000000e+00,0.0000000000e+00,-0.0000000000e+00,3.1824000292e-03
4.8481949680e-01,9.1957649631e-01,-1.5000000596e-01,0.0000000000e+00,0.0000000000e+00,-1.0000000000e+00,4.0040000367e-03
-1.0000000000e+00,2.6057210226e-01,-8.1858608989e-02,-1.0000000000e+00,-0.0000000000e+00,-0.0000000000e+00,3.3696000309e-03
-2.8159633118e-01,6.0767348798e-01,-1.5000000596e-01,0.0000000000e+00,0.0000000000e+00,-1.0000000000e+00,2.6520000243e-03
8.7478338682e-02,-1.0000000000e+00,-9.5875877684e-02,0.0000000000e+00,-1.0000000000e+00,0.0000000000e+00,3.3280000305e-03
2.3742862967e-01,-7.9747241513e-03,1.5000000596e-01,0.0000000000e+00,-0.0000000000e+00,1.0000000000e+00,3.7648000345e-03
-3.4600783531e-01,3.8148250625e-01,1.5000000596e-01,0.0000000000e+00,-0.0000000000e+00,1.0000000000e+00,4.8880000448e-03
-1.6244845256e-01,-9.9718174682e-01,-1.5000000596e-01,0.0000000000e+00,0.0000000000e+00,-1.0000000000e+00,3.1512000289e-03
-1.0000000000e+00,7.9622463675e-01,-1.4752271028e-01,-1.0000000000e+00,-0.0000000000e+00,-0.0000000000e+00,2.5376000233e-03
2.2208396492e-01,-7.0060723916e-01,1.5000000596e-01,0.0000000000e+00,0.0000000000e+00,1.0000000000e+00,4.0456000371e-03
9.6707079194e-01,-6.8963040933e-01,1.5000000596e-01,0.0000000000e+00,-0.0000000000e+00,1.0000000000e+00,3.1616000290e-03
2.3532265061e-01,1.0900042068e-02,-1.5000000596e-01,0.0000000000e+00,0.0000000000e+00,-1.0000000000e+00,3.7960000348e-03
-1.8328949405e-01,7.4916544141e-01,-1.5000000596e-01,0.0000000000e+00,0.0000000000e+00,-1.0000000000e+00,2.7248000250e-03
-4.1716608690e-01,-5.3731086642e-01,-1.5000000596e-01,0.0000000000e+00,0.0000000000e+00,-1.0000000000e+00,3.8168000350e-03
3.5649554605e-02,-7.0378967126e-01,1.5000000596e-01,0.0000000000e+00,0.0000000000e+00,1.0000000000e+00,3.6192000332e-03
-1.0000000000e+00,2.1413264411e-01,1.0414087885e-01,-1.0000000000e+00,0.0000000000e+00,0.0000000000e+00,3.3904000311e-03
1.7344013203e-01,-3.4053302973e-01,1.5000000596e-01,0.0000000000e+00,0.0000000000e+00,1.0000000000e+00,4.9504000454e-03
3.7945817460e-01,3.6086032166e-01,1.5000000596e-01,0.0000000000e+00,-0.0000000000e+00,1.0000000000e+00,4.3472000399e-03
-7.6042853960e-01,5.9880024113e-01,1.5000000596e-01,0.0000000000e+00,0.0000000000e+00,1.0000000000e+00,4.8256000443e-03
-4.1602717629e-02,7.4257002603e-01,1.5000000596e-01,0.0000000000e+00,-0.0000000000e+00,1.0000000000e+00,3.4632000318e-03
2.2050394303e-01,3.3134472141e-01,1.5000000596e-01,0.0000000000e+00,-0.0000000000e+00,1.0000000000e+00,4.0456000371e-03
-1.0000000000e+00,4.4887860841e-01,1.3693910257e-01,-1.0000000000e+00,0.0000000000e+00,0.0000000000e+00,4.1392000380e-03
-1.0000000000e+00,-5.6563716995e-01,-2.3663192797e-02,-1.0000000000e+00,-0.0000000000e+00,-0.0000000000e+00,2.9328000269e-03
-9.2975539355e-01,3.1671181750e-01,1.5000000596e-01,0.0000000000e+00,0.0000000000e+00,1.0000000000e+00,3.3072000303e-03
-4.9582999593e-01,4.8484174955e-01,1.5000000596e-01,0.0000000000e+00,0.0000000000e+00,1.0000000000e+00,2.8808000264e-03
-4.4059791149e-01,-3.1771774859e-01,-1.5000000596e-01,0.0000000000e+00,0.0000000000e+00,-1.0000000000e+00,4.2952000394e-03
3.8757945629e-01,1.9613118972e-01,1.5000000596e-01,0.0000000000e+00,-0.0000000000e+00,1.0000000000e+00,3.8896000357e-03
9.3243033071e-02,6.8995912176e-01,1.5000000596e-01,0.0000000000e+00,-0.0000000000e+00,1.0000000000e+00,2.7456000252e-03
-3.6951915332e-01,6.4234100495e-01,-1.5000000596e-01,0.0000000000e+00,0.0000000000e+00,-1.0000000000e+00,3.2448000298e-03
-8.0570354908e-01,2.5748297342e-01,-1.5000000596e-01,0.0000000000e+00,0.0000000000e+00,-1.0000000000e+00,3.8792000356e-03
8.7572747294e-02,-1.0000000000e+00,1.7777225994e-02,0.0000000000e+00,-1.0000000000e+00,0.0000000000e+00,3.4216000314e-03
-8.9139070594e-01,-1.7000059527e-01,1.5000000596e-01,0.0000000000e+00,0.0000000000e+00,1.0000000000e+00,3.7440000343e-03
-7.1339905247e-01,3.4336545517e-01,1.5000000596e-01,0.0000000000e+00,0.0000000000e+00,1.0000000000e+00,3.2032000294e-03
-3.1620615664e-01,2.8589749573e-01,1.5000000596e-01,0.0000000000e+00,0.0000000000e+00,1.0000000000e+00,3.5152000322e-03
-6.2635011079e-01,2.6990360377e-01,1.5000000596e-01,0.0000000000e+00,0.0000000000e+00,1.0000000000e+00,3.0680000281e-03
8.6675407020e-01,1.4577317587e-01,-1.5000000596e-01,0.0000000000e+00,0.0000000000e+00,-1.0000000000e+00,3.8064000349e-03
-2.6070847186e-01,-9.1954567354e-01,-1.5000000596e-01,0.0000000000e+00,0.0000000000e+00,-1.0000000000e+00,2.6520000243e-03
-1.1514075798e-01,-4.7888307326e-01,-1.5000000596e-01,0.0000000000e+00,0.0000000000e+00,-1.0000000000e+00,2.5376000233e-03
8.2115652828e-01,-6.0288026374e-02,-1.5000000596e-01,0.0000000000e+00,0.0000000000e+00,-1.0000000000e+00,3.2760000300e-03
-5.9858568271e-01,1.4887213399e-01,1.5000000596e-01,0.0000000000e+00,0.0000000000e+00,1.0000000000e+00,2.3504000216e-03
6.4234454782e-01,-2.7705963370e-01,1.5000000596e-01,0.0000000000e+00,-0.0000000000e+00,1.0000000000e+00,3.1304000287e-03
6.2514362957e-01,5.1634459125e-01,1.5000000596e-01,0.0000000000e+00,-0.0000000000e+00,1.0000000000e+00,2.9848000274e-03
8.8941452563e-02,-1.8250179664e-01,1.5000000596e-01,0.0000000000e+00,0.0000000000e+00,1.0000000000e+00,2.5480000234e-03
-9.4107751754e-01,-1.8726144473e-01,-1.5000000596e-01,0.0000000000e+00,0.0000000000e+00,-1.0000000000e+00,2.8808000264e-03
4.3744152197e-02,-1.5667941397e-01,-1.5000000596e-01,0.0000000000e+00,0.0000000000e+00,-1.0000000000e+00,3.9624000363e-03
7.5795320649e-01,9.5908665413e-01,-1.5000000596e-01,0.0000000000e+00,0.0000000000e+00,-1.0000000000e+00,2.8600000262e-03
3.5419510242e-01,-9.9399629629e-01,-1.5000000596e-01,0.0000000000e+00,0.0000000000e+00,-1.0000000000e+00,3.7544000344e-03
7.7839105964e-01,-9.0382617919e-01,-1.5000000596e-01,0.0000000000e+00,0.0000000000e+00,-1.0000000000e+00,2.9432000270e-03
1.0000000000e+00,-3.3372723772e-01,-6.4477849420e-02,1.0000000000e+00,0.0000000000e+00,0.0000000000e+00,3.0368000278e-03
5.5737029490e-02,1.0000000000e+00,-2.1395106986e-02,0.0000000000e+00,1.0000000000e+00,-0.0000000000e+00,2.9744000273e-03
-2.7215315872e-01,-3.5757695449e-01,1.5000000596e-01,0.0000000000e+00,0.0000000000e+00,1.0000000000e+00,2.8080000257e-03
-1.0000000000e+00,-2.3837406862e-01,-1.5906852017e-02,-1.0000000000e+00,-0.0000000000e+00,-0.0000000000e+00,3.0368000278e-03
2.0333826757e-01,2.8787745868e-01,-1.5000000596e-01,0.0000000000e+00,0.0000000000e+00,-1.0000000000e+00,2.4128000221e-03
6.4466822017e-01,5.0769393214e-01,-1.5000000596e-01,0.0000000000e+00,0.0000000000e+00,-1.0000000000e+00,3.2760000300e-03
4.1891506084e-01,9.3679418067e-01,1.5000000596e-01,0.0000000000e+00,-0.0000000000e+00,1.0000000000e+00,3.9936000366e-03
8.2025315911e-01,7.5463337632e-01,1.5000000596e-01,0.0000000000e+00,-0.0000000000e+00,1.0000000000e+00,3.8896000357e-03
-8.2554931176e-02,4.4071281879e-01,-1.5000000596e-01,0.0000000000e+00,0.0000000000e+00,-1.0000000000e+00,3.3176000304e-03
9.4496979739e-01,3.2363601254e-01,-1.5000000596e-01,0.0000000000e+00,0.0000000000e+00,-1.0000000000e+00,3.1720000291e-03
-2.3294816752e-02,-7.8808423499e-01,-1.5000000596e-01,0.0000000000e+00,0.0000000000e+00,-1.0000000000e+00,3.0056000276e-03
-9.6587125407e-01,1.0000000000e+00,-2.1975015872e-02,0.0000000000e+00,1.0000000000e+00,-0.0000000000e+00,3.0368000278e-03
-4.7589335187e-01,-3.2372907940e-02,1.5000000596e-01,0.0000000000e+00,0.0000000000e+00,1.0000000000e+00,2.8808000264e-03
-1.9473839425e-01,-8.2850758704e-01,1.5000000596e-01,0.0000000000e+00,0.0000000000e+00,1.0000000000e+00,3.5360000324e-03
4.4490814083e-01,-1.0000000000e+00,1.8596699309e-02,0.0000000000e+00,-1.0000000000e+00,0.0000000000e+00,3.1200000286e-03
1.1928357800e-01,-5.1577583447e-01,1.5000000596e-01,0.0000000000e+00,0.0000000000e+00,1.0000000000e+00,3.4736000319e-03
7.6120737902e-01,4.8365069394e-01,-1.5000000596e-01,0.0000000000e+00,0.0000000000e+00,-1.0000000000e+00,2.8912000265e-03
-5.0583473841e-01,-1.0000000000e+00,-7.2724719759e-02,0.0000000000e+00,-1.0000000000e+00,0.0000000000e+00,2.7976000257e-03
-6.4742894025e-01,-6.6923110797e-01,1.5000000596e-01,0.0000000000e+00,0.0000000000e+00,1.0000000000e+00,3.2344000297e-03
-8.0873461516e-01,-1.1166873383e-01,-1.5000000596e-01,0.0000000000e+00,0.0000000000e+00,-1.0000000000e+00,2.8808000264e-03
-9.8177732236e-01,-5.3451623790e-01,1.5000000596e-01,0.0000000000e+00,0.0000000000e+00,1.0000000000e+00,3.7856000347e-03
5.2264091699e-01,1.6084003652e-01,1.5000000596e-01,0.0000000000e+00,-0.0000000000e+00,1.0000000000e+00,3.6816000338e-03
-2.7637886323e-01,5.7635124400e-01,1.5000000596e-01,0.0000000000e+00,-0.0000000000e+00,1.0000000000e+00,3.7752000346e-03
-3.9103303818e-01,-9.3022899732e-01,1.5000000596e-01,0.0000000000e+00,0.0000000000e+00,1.0000000000e+00,2.6312000241e-03
-7.5384178374e-01,-4.0754030638e-02,1.5000000596e-01,0.0000000000e+00,0.0000000000e+00,1.0000000000e+00,2.7040000248e-03
-1.0000000000e+00,5.9556602049e-01,-1.5429876539e-02,-1.0000000000e+00,0.0000000000e+00,0.0000000000e+00,3.2240000296e-03
8.1074942130e-01,1.0000000000e+00,3.3459813709e-02,0.0000000000e+00,1.0000000000e+00,-0.0000000000e+00,4.2016000385e-03
-1.0000000000e+00,-8.8033573542e-01,-1.2654803166e-01,-1.0000000000e+00,-0.0000000000e+00,-0.0000000000e+00,3.4528000317e-03
-6.7539112803e-01,5.4094451596e-01,-1.5000000596e-01,0.0000000000e+00,0.0000000000e+00,-1.0000000000e+00,3.3696000309e-03
9.2585335968e-01,-1.0000000000e+00,-5.6475772620e-02,0.0000000000e+00,-1.0000000000e+00,0.0000000000e+00,3.0472000279e-03
8.2236102198e-01,-1.0000000000e+00,6.1631643921e-02,0.0000000000e+00,-1.0000000000e+00,0.0000000000e+00,3.5568000326e-03
-9.5109319744e-01,9.9458302317e-01,-1.5000000596e-01,0.0000000000e+00,0.0000000000e+00,-1.0000000000e+00,3.1200000286e-03
-6.8583888618e-01,-2.1346425942e-01,1.5000000596e-01,0.0000000000e+00,0.0000000000e+00,1.0000000000e+00,3.9312000360e-03
-2.7773544066e-01,-6.7410831521e-01,1.5000000596e-01,0.0000000000e+00,0.0000000000e+00,1.0000000000e+00,3.2552000299e-03
-1.1153932373e-01,-6.8523483546e-01,1.5000000596e-01,0.0000000000e+00,0.0000000000e+00,1.0000000000e+00,2.5584000235e-03
4.6418655032e-02,-2.2949552994e-01,1.5000000596e-01,0.0000000000e+00,0.0000000000e+00,1.0000000000e+00,3.1408000288e-03
-6.4344071246e-01,-2.3189048066e-01,-1.5000000596e-01,0.0000000000e+00,0.0000000000e+00,-1.0000000000e+00,3.1200000286e-03
-2.3181568255e-01,-4.3810510063e-01,-1.5000000596e-01,0.0000000000e+00,0.0000000000e+00,-1.0000000000e+00,4.1080000377e-03
-8.6947478642e-01,-9.9499940407e-01,-1.5000000596e-01,0.0000000000e+00,0.0000000000e+00,-1.0000000000e+00,3.4840000319e-03
-3.1937013572e-01,-4.3084736379e-01,1.5000000596e-01,0.0000000000e+00,0.0000000000e+00,1.0000000000e+00,3.6920000339e-03
-8.4456187481e-01,-2.6389137412e-01,1.5000000596e-01,0.0000000000e+00,0.0000000000e+00,1.0000000000e+00,3.9208000360e-03
-2.2392627447e-01,4.9641754645e-01,-1.5000000596e-01,0.0000000000e+00,0.0000000000e+00,-1.0000000000e+00,3.0680000281e-03
-2.1019735865e-01,1.0000000000e+00,-2.2535153110e-02,0.0000000000e+00,1.0000000000e+00,-0.0000000000e+00,3.0784000282e-03
6.2665225199e-01,6.5758824071e-02,1.5000000596e-01,0.0000000000e+00,-0.0000000000e+00,1.0000000000e+00,3.6088000331e-03
-1.0000000000e+00,-5.3460572918e-01,6.3247930555e-02,-1.0000000000e+00,-0.0000000000e+00,-0.0000000000e+00,2.8392000260e-03
-9.0882201401e-01,-2.5325424483e-01,1.5000000596e-01,0.0000000000e+00,0.0000000000e+00,1.0000000000e+00,3.0264000278e-03
9.6713378408e-01,-7.9439727312e-01,1.5000000596e-01,0.0000000000e+00,-0.0000000000e+00,1.0000000000e+00,4.9088000450e-03
-5.0592857627e-01,8.8997589890e-01,1.5000000596e-01,0.0000000000e+00,-0.0000000000e+00,1.0000000000e+00,2.9328000269e-03
9.7818765617e-01,1.0000000000e+00,1.4005829913e-01,0.0000000000e+00,1.0000000000e+00,-0.0000000000e+00,5.0440000463e-03
5.0884533669e-01,3.5599613598e-02,1.5000000596e-01,0.0000000000e+00,-0.0000000000e+00,1.0000000000e+00,3.9520000362e-03
1.0000000000e+00,4.6364152996e-01,-1.2778437289e-01,1.0000000000e+00,0.0000000000e+00,0.0000000000e+00,2.7768000255e-03
4.3413333800e-01,8.0209294631e-01,1.5000000596e-01,0.0000000000e+00,-0.0000000000e+00,1.0000000000e+00,3.1512000289e-03
6.6546897498e-01,-1.0000000000e+00,-4.9991423943e-02,0.0000000000e+00,-1.0000000000e+00,0.0000000000e+00,3.3696000309e-03
8.6081988327e-01,1.5402250787e-01,1.5000000596e-01,0.0000000000e+00,-0.0000000000e+00,1.0000000000e+00,3.9624000363e-03
-6.2890969568e-01,4.1110373477e-01,-1.5000000596e-01,0.0000000000e+00,0.0000000000e+00,-1.0000000000e+00,3.9936000366e-03
-8.8633515793e-01,1.0000000000e+00,1.0889319444e-01,0.0000000000e+00,1.0000000000e+00,-0.0000000000e+00,2.4544000225e-03
-8.2839697646e-01,-8.0030286081e-01,1.5000000596e-01,0.0000000000e+00,0.0000000000e+00,1.0000000000e+00,3.3592000308e-03
-6.5667699270e-01,-1.0350228244e-01,-1.5000000596e-01,0.0000000000e+00,0.0000000000e+00,-1.0000000000e+00,3.4112000313e-03
4.9044921906e-01,-6.3435248488e-01,-1.5000000596e-01,0.0000000000e+00,0.0000000000e+00,-1.0000000000e+00,3.1512000289e-03
4.6284320333e-01,-2.9062999089e-01,-1.5000000596e-01,0.0000000000e+00,0.0000000000e+00,-1.0000000000e+00,3.4840000319e-03
-8.4824743763e-01,4.8807231255e-01,-1.5000000596e-01,0.0000000000e+00,0.0000000000e+00,-1.0000000000e+00,3.1616000290e-03
2.4411980279e-01,-2.8644974385e-01,-1.5000000596e-01,0.0000000000e+00,0.0000000000e+00,-1.0000000000e+00,2.9848000274e-03
8.0545009768e-01,5.0410853974e-01,-1.5000000596e-01,0.0000000000e+00,0.0000000000e+00,-1.0000000000e+00,2.7560000253e-03
3.6721259517e-01,2.0072233695e-01,-1.5000000596e-01,0.0000000000e+00,0.0000000000e+00,-1.0000000000e+00,2.9120000267e-03
1.1075661419e-01,3.4856703784e-01,1.5000000596e-01,0.0000000000e+00,-0.0000000000e+00,1.0000000000e+00,4.2744000392e-03
9.1557818361e-01,8.4014838242e-01,-1.5000000596e-01,0.0000000000e+00,0.0000000000e+00,-1.0000000000e+00,3.0472000279e-03
1.0000000000e+00,-2.3304348104e-01,-4.7657803269e-02,1.0000000000e+00,0.0000000000e+00,0.0000000000e+00,2.7248000250e-03
6.7337549976e-01,-5.9828523868e-01,1.5000000596e-01,0.0000000000e+00,-0.0000000000e+00,1.0000000000e+00,3.5776000328e-03
-6.9820490079e-01,-9.3796182078e-01,-1.5000000596e-01,0.0000000000e+00,0.0000000000e+00,-1.0000000000e+00,2.9848000274e-03
7.5904165820e-01,-1.0000000000e+00,-2.3212624354e-02,0.0000000000e+00,-1.0000000000e+00,0.0000000000e+00,3.3488000307e-03
-4.5943782118e-01,-1.8713597862e-01,-1.5000000596e-01,0.0000000000e+00,0.0000000000e+00,-1.0000000000e+00,2.6936000247e-03
-3.9517160452e-01,6.1007438103e-01,1.5000000596e-01,0.0000000000e+00,-0.0000000000e+00,1.0000000000e+00,3.9832000365e-03
5.9326891740e-01,3.2127067499e-01,-1.5000000596e-01,0.0000000000e+00,0.0000000000e+00,-1.0000000000e+00,2.8600000262e-03
-1.4148973411e-01,7.9481382926e-01,-1.5000000596e-01,0.0000000000e+00,0.0000000000e+00,-1.0000000000e+00,3.2136000295e-03
-1.0000000000e+00,-2.3104725675e-01,5.3761235213e-02,-1.0000000000e+00,0.0000000000e+00,0.0000000000e+00,3.4944000320e-03
9.6733745339e-01,2.8163546699e-01,-1.5000000596e-01,0.0000000000e+00,0.0000000000e+00,-1.0000000000e+00,3.6608000336e-03
9.5410648983e-01,-1.0000000000e+00,1.4799792139e-01,0.0000000000e+00,-1.0000000000e+00,0.0000000000e+00,3.5776000328e-03
-1.2356063482e-01,2.6616703864e-01,-1.5000000596e-01,0.0000000000e+00,0.0000000000e+00,-1.0000000000e+00,3.0680000281e-03
-3.2558507882e-02,-3.3215701417e-01,-1.5000000596e-01,0.0000000000e+00,0.0000000000e+00,-1.0000000000e+00,2.6000000238e-03
6.3350011834e-01,6.8889449621e-01,-1.5000000596e-01,0.0000000000e+00,0.0000000000e+00,-1.0000000000e+00,2.9328000269e-03
1.0390181389e-02,8.2001884346e-01,1.5000000596e-01,0.0000000000e+00,-0.0000000000e+00,1.0000000000e+00,3.0784000282e-03
3.4770400848e-01,4.4009149978e-01,1.5000000596e-01,0.0000000000e+00,-0.0000000000e+00,1.0000000000e+00,3.4632000318e-03
4.4190536285e-01,1.0000000000e+00,-9.3955168699e-02,0.0000000000e+00,1.0000000000e+00,-0.0000000000e+00,3.3696000309e-03
-1.0000000000e+00,-8.7929012692e-02,1.1729864910e-02,-1.0000000000e+00,-0.0000000000e+00,-0.0000000000e+00,2.7248000250e-03
-8.2452286874e-02,3.8574910058e-01,1.5000000596e-01,0.0000000000e+00,-0.0000000000e+00,1.0000000000e+00,3.0888000283e-03
-7.3251260739e-01,9.4107870382e-01,-1.5000000596e-01,0.0000000000e+00,0.0000000000e+00,-1.0000000000e+00,2.8080000257e-03
5.9393650997e-01,8.3395061252e-01,1.5000000596e-01,0.0000000000e+00,-0.0000000000e+00,1.0000000000e+00,3.2552000299e-03
6.7815775389e-01,-1.9600476393e-01,1.5000000596e-01,0.0000000000e+00,-0.0000000000e+00,1.0000000000e+00,4.0456000371e-03
-2.7779998926e-02,-9.5435778408e-01,1.5000000596e-01,0.0000000000e+00,0.0000000000e+00,1.0000000000e+00,3.9936000366e-03
-8.4001739710e-01,-4.0154495311e-01,1.5000000596e-01,0.0000000000e+00,0.0000000000e+00,1.0000000000e+00,2.9640000272e-03
-5.0488577930e-01,1.0000000000e+00,-9.8088710849e-02,0.0000000000e+00,1.0000000000e+00,-0.0000000000e+00,3.4840000319e-03
7.7655412333e-01,-7.3263485861e-01,1.5000000596e-01,0.0000000000e+00,-0.0000000000e+00,1.0000000000e+00,3.3072000303e-03
-4.2236998384e-01,9.7971413880e-01,-1.5000000596e-01,0.0000000000e+00,0.0000000000e+00,-1.0000000000e+00,4.9608000455e-03
4.6358413988e-01,4.5904433746e-01,1.5000000596e-01,0.0000000000e+00,-0.0000000000e+00,1.0000000000e+00,3.0784000282e-03
-2.9776178809e-01,-6.1278623899e-02,1.5000000596e-01,0.0000000000e+00,0.0000000000e+00,1.0000000000e+00,3.0576000280e-03
-4.5921391407e-01,-9.0704797736e-01,-1.5000000596e-01,0.0000000000e+00,0.0000000000e+00,-1.0000000000e+00,3.0888000283e-03
-1.8895910205e-01,3.4013160129e-01,1.5000000596e-01,0.0000000000e+00,-0.0000000000e+00,1.0000000000e+00,2.9120000267e-03
-5.2649758736e-01,-6.5072932321e-02,1.5000000596e-01,0.0000000000e+00,0.0000000000e+00,1.0000000000e+00,2.9328000269e-03
-2.0194048984e-01,-3.4498720438e-01,-1.5000000596e-01,0.0000000000e+00,0.0000000000e+00,-1.0000000000e+00,3.0992000284e-03
4.9804832223e-01,-9.7381736914e-01,1.5000000596e-01,0.0000000000e+00,0.0000000000e+00,1.0000000000e+00,4.6696000428e-03
-1.6968122477e-01,1.0000000000e+00,-9.6718631613e-02,0.0000000000e+00,1.0000000000e+00,-0.0000000000e+00,5.0024000459e-03
3.0224242505e-01,-1.0000000000e+00,8.1560735950e-02,0.0000000000e+00,-1.0000000000e+00,0.0000000000e+00,3.4528000317e-03
1.0000000000e+00,2.5882559421e-01,-1.0998097700e-01,1.0000000000e+00,0.0000000000e+00,0.0000000000e+00,2.8912000265e-03
-3.1958234067e-01,-1.0000000000e+00,1.3607440256e-01,0.0000000000e+00,-1.0000000000e+00,0.0000000000e+00,4.4512000408e-03
-4.2111913502e-02,-1.0000000000e+00,-1.3245500398e-01,0.0000000000e+00,-1.0000000000e+00,0.0000000000e+00,3.4008000312e-03
-2.3184793707e-01,1.8544756015e-01,1.5000000596e-01,0.0000000000e+00,0.0000000000e+00,1.0000000000e+00,3.2136000295e-03
-1.0000000000e+00,6.5777399912e-01,-1.4807337187e-01,-1.0000000000e+00,-0.0000000000e+00,-0.0000000000e+00,3.1720000291e-03
-4.1574512720e-01,-8.9022316672e-01,1.5000000596e-01,0.0000000000e+00,0.0000000000e+00,1.0000000000e+00,3.5568000326e-03
-6.3331701223e-01,-1.0000000000e+00,-1.1403467797e-01,0.0000000000e+00,-1.0000000000e+00,0.0000000000e+00,3.0784000282e-03
1.0000000000e+00,-1.1647853982e-02,-8.3814577677e-02,1.0000000000e+00,0.0000000000e+00,0.0000000000e+00,3.5256000323e-03
3.4870553332e-01,7.6670494860e-01,-1.5000000596e-01,0.0000000000e+00,0.0000000000e+00,-1.0000000000e+00,2.6728000245e-03
1.0000000000e+00,9.2253909215e-01,-1.4923187308e-01,1.0000000000e+00,0.0000000000e+00,0.0000000000e+00,2.7560000253e-03
-7.0827728896e-01,-1.0000000000e+00,-7.2545897420e-02,0.0000000000e+00,-1.0000000000e+00,0.0000000000e+00,3.2448000298e-03
-3.7398212670e-01,6.7026047971e-01,1.5000000596e-01,0.0000000000e+00,-0.0000000000e+00,1.0000000000e+00,4.2224000387e-03
-3.6680587648e-01,-1.6187194865e-03,1.5000000596e-01,0.0000000000e+00,0.0000000000e+00,1.0000000000e+00,2.5480000234e-03
4.2294351710e-01,-8.3341098371e-01,1.5000000596e-01,0.0000000000e+00,0.0000000000e+00,1.0000000000e+00,3.4216000314e-03
1.4604498075e-01,-6.9167106987e-01,1.5000000596e-01,0.0000000000e+00,0.0000000000e+00,1.0000000000e+00,4.2328000388e-03
1.2807239925e-02,-1.0000000000e+00,-1.0064913685e-01,0.0000000000e+00,-1.0000000000e+00,0.0000000000e+00,2.8600000262e-03
1.1757876876e-01,5.1168855243e-01,1.5000000596e-01,0.0000000000e+00,-0.0000000000e+00,1.0000000000e+00,3.7856000347e-03
-5.1379821799e-02,-4.9967495384e-01,1.5000000596e-01,0.0000000000e+00,0.0000000000e+00,1.0000000000e+00,3.1304000287e-03
-8.2417828372e-01,3.6712065967e-01,-1.5000000596e-01,0.0000000000e+00,0.0000000000e+00,-1.0000000000e+00,3.9936000366e-03
1.0000000000e+00,7.3098874973e-01,2.5637385950e-02,1.0000000000e+00,0.0000000000e+00,0.0000000000e+00,3.0368000278e-03
2.2840999870e-01,-8.8087113319e-01,-1.5000000596e-01,0.0000000000e+00,0.0000000000e+00,-1.0000000000e+00,3.0784000282e-03
-5.9311412326e-01,-6.6623878629e-01,-1.5000000596e-01,0.0000000000e+00,0.0000000000e+00,-1.0000000000e+00,3.2136000295e-03
-1.3006195455e-01,-2.1484565666e-01,1.5000000596e-01,0.0000000000e+00,0.0000000000e+00,1.0000000000e+00,3.3072000303e-03
1.0000000000e+00,8.2508568406e-01,-3.8816172615e-04,1.0000000000e+00,0.0000000000e+00,0.0000000000e+00,3.7336000342e-03
3.2144285327e-02,-2.3216704925e-01,-1.5000000596e-01,0.0000000000e+00,0.0000000000e+00,-1.0000000000e+00,3.5776000328e-03
-4.2018646345e-01,1.0000000000e+00,1.3841209504e-02,0.0000000000e+00,1.0000000000e+00,-0.0000000000e+00,3.2656000299e-03
8.3214953111e-01,1.0000000000e+00,-3.7322678226e-02,0.0000000000e+00,1.0000000000e+00,-0.0000000000e+00,3.4944000320e-03
-2.8139358340e-01,6.5673275927e-01,-1.5000000596e-01,0.0000000000e+00,0.0000000000e+00,-1.0000000000e+00,2.4336000223e-03
-6.2108461280e-01,-5.1315076569e-01,1.5000000596e-01,0.0000000000e+00,0.0000000000e+00,1.0000000000e+00,2.7144000249e-03
-9.1975083602e-01,-9.0079042829e-03,1.5000000596e-01,0.0000000000e+00,0.0000000000e+00,1.0000000000e+00,3.5256000323e-03
-3.1587025489e-01,-5.3783218106e-01,-1.5000000596e-01,0.0000000000e+00,0.0000000000e+00,-1.0000000000e+00,2.8600000262e-03
7.6474914811e-01,-3.0370806846e-01,-1.5000000596e-01,0.0000000000e+00,0.0000000000e+00,-1.0000000000e+00,2.6728000245e-03
4.6245691673e-01,3.9547916895e-01,1.5000000596e-01,0.0000000000e+00,-0.0000000000e+00,1.0000000000e+00,3.7440000343e-03
1.7395953462e-01,-1.5264409056e-01,-1.5000000596e-01,0.0000000000e+00,0.0000000000e+00,-1.0000000000e+00,3.5568000326e-03
2.1140392149e-01,-7.8377282891e-01,-1.5000000596e-01,0.0000000000e+00,0.0000000000e+00,-1.0000000000e+00,3.1408000288e-03
3.4801018843e-01,1.0000000000e+00,-7.3566759151e-02,0.0000000000e+00,1.0000000000e+00,-0.0000000000e+00,3.6504000335e-03
1.2466022380e-01,-4.6772518586e-02,1.5000000596e-01,0.0000000000e+00,-0.0000000000e+00,1.0000000000e+00,2.8600000262e-03
3.4678449379e-01,2.2104789491e-01,1.5000000596e-01,0.0000000000e+00,-0.0000000000e+00,1.0000000000e+00,2.6208000240e-03
3.9289609557e-01,8.6944870316e-02,1.5000000596e-01,0.0000000000e+00,-0.0000000000e+00,1.0000000000e+00,2.5168000231e-03
-7.0057377550e-01,5.0410799611e-01,1.5000000596e-01,0.0000000000e+00,0.0000000000e+00,1.0000000000e+00,2.6832000246e-03
1.0000000000e+00,3.1449371984e-01,-6.3916983703e-02,1.0000000000e+00,0.0000000000e+00,0.0000000000e+00,2.6416000242e-03
1.0000000000e+00,-2.7914657966e-01,-5.4003185763e-02,1.0000000000e+00,0.0000000000e+00,0.0000000000e+00,2.4232000222e-03
-6.5392427121e-01,6.8534156310e-01,-1.5000000596e-01,0.0000000000e+00,0.0000000000e+00,-1.0000000000e+00,3.0472000279e-03
2.5749156278e-01,8.1214989315e-01,1.5000000596e-01,0.0000000000e+00,-0.0000000000e+00,1.0000000000e+00,2.9224000268e-03
-8.3379202707e-01,-9.0864899779e-01,1.5000000596e-01,0.0000000000e+00,0.0000000000e+00,1.0000000000e+00,2.6832000246e-03
1.9552501341e-02,8.0310082709e-01,-1.5000000596e-01,0.0000000000e+00,0.0000000000e+00,-1.0000000000e+00,3.5048000321e-03
4.0453786276e-01,4.9784340988e-01,1.5000000596e-01,0.0000000000e+00,-0.0000000000e+00,1.0000000000e+00,4.5344000416e-03
-1.6054164939e-01,-7.0414198644e-01,1.5000000596e-01,0.0000000000e+00,0.0000000000e+00,1.0000000000e+00,2.6624000244e-03
2.6407416722e-01,4.9522432711e-01,-1.5000000596e-01,0.0000000000e+00,0.0000000000e+00,-1.0000000000e+00,2.7144000249e-03
-4.6002149659e-01,-8.0366518022e-02,1.5000000596e-01,0.0000000000e+00,0.0000000000e+00,1.0000000000e+00,3.3280000305e-03
-5.1303274624e-01,-3.6290982353e-01,1.5000000596e-01,0.0000000000e+00,0.0000000000e+00,1.0000000000e+00,2.7144000249e-03
5.7406834651e-01,-2.2032447464e-01,-1.5000000596e-01,0.0000000000e+00,0.0000000000e+00,-1.0000000000e+00,3.5152000322e-03
-8.3129864996e-01,7.9155647873e-01,1.5000000596e-01,0.0000000000e+00,0.0000000000e+00,1.0000000000e+00,2.7456000252e-03
-8.9530517701e-01,-1.0388669828e-01,1.5000000596e-01,0.0000000000e+00,0.0000000000e+00,1.0000000000e+00,3.0888000283e-03
-8.1553842127e-01,-9.5653529190e-01,1.5000000596e-01,0.0000000000e+00,0.0000000000e+00,1.0000000000e+00,2.9224000268e-03
6.2616665760e-01,-1.4961799403e-02,-1.5000000596e-01,0.0000000000e+00,0.0000000000e+00,-1.0000000000e+00,3.6816000338e-03
5.9284693986e-01,-1.2749025151e-01,1.5000000596e-01,0.0000000000e+00,-0.0000000000e+00,1.0000000000e+00,2.7352000251e-03
-7.1418352262e-01,1.0000000000e+00,8.2620932166e-02,0.0000000000e+00,1.0000000000e+00,-0.0000000000e+00,3.6920000339e-03
6.8182161037e-01,8.3797667788e-01,-1.5000000596e-01,0.0000000000e+00,0.0000000000e+00,-1.0000000000e+00,2.8912000265e-03
2.5595914818e-01,-2.7844933059e-01,1.5000000596e-01,0.0000000000e+00,0.0000000000e+00,1.0000000000e+00,2.7976000257e-03
-5.9006899727e-01,2.4551678426e-01,-1.5000000596e-01,0.0000000000e+00,0.0000000000e+00,-1.0000000000e+00,3.2968000302e-03
-7.5623242073e-01,2.3523490930e-01,-1.5000000596e-01,0.0000000000e+00,0.0000000000e+00,-1.0000000000e+00,4.0248000369e-03
4.1647267897e-02,9.2379501558e-01,1.5000000596e-01,0.0000000000e+00,-0.0000000000e+00,1.0000000000e+00,3.8272000351e-03
1.0000000000e+00,-1.0897251698e-01,-1.3637504530e-01,1.0000000000e+00,0.0000000000e+00,0.0000000000e+00,3.7024000340e-03
-7.2222471491e-01,-4.7520908256e-01,1.5000000596e-01,0.0000000000e+00,0.0000000000e+00,1.0000000000e+00,2.6624000244e-03
-2.5859524121e-01,3.2219584852e-01,-1.5000000596e-01,0.0000000000e+00,0.0000000000e+00,-1.0000000000e+00,3.5672000327e-03
-3.5424793443e-01,-8.7042732784e-01,-1.5000000596e-01,0.0000000000e+00,0.0000000000e+00,-1.0000000000e+00,4.0352000370e-03
3.4239047517e-01,9.7029169886e-01,1.5000000596e-01,0.0000000000e+00,-0.0000000000e+00,1.0000000000e+00,3.1616000290e-03
-4.5939033095e-01,-1.0000000000e+00,-8.4557644441e-02,0.0000000000e+00,-1.0000000000e+00,0.0000000000e+00,3.1616000290e-03
-1.0000000000e+00,-3.0205244839e-02,-1.4637202508e-01,-1.0000000000e+00,-0.0000000000e+00,-0.0000000000e+00,3.8272000351e-03
-1.0000000000e+00,4.5627643433e-01,2.8085059365e-04,-1.0000000000e+00,0.0000000000e+00,0.0000000000e+00,3.6192000332e-03
-1.3493950713e-01,-6.6913258684e-01,-1.5000000596e-01,0.0000000000e+00,0.0000000000e+00,-1.0000000000e+00,2.8808000264e-03
-4.9910085667e-01,-8.1996631230e-01,1.5000000596e-01,0.0000000000e+00,0.0000000000e+00,1.0000000000e+00,3.2032000294e-03
-1.0000000000e+00,-2.4677804901e-01,-6.2964836811e-02,-1.0000000000e+00,-0.0000000000e+00,-0.0000000000e+00,2.6832000246e-03
-7.1715211214e-01,-1.0000000000e+00,2.7630834708e-02,0.0000000000e+00,-1.0000000000e+00,0.0000000000e+00,2.5168000231e-03
-9.0328128815e-01,3.2388951257e-01,-1.5000000596e-01,0.0000000000e+00,0.0000000000e+00,-1.0000000000e+00,3.3280000305e-03
-6.0724127360e-01,-9.3860687163e-01,-1.5000000596e-01,0.0000000000e+00,0.0000000000e+00,-1.0000000000e+00,2.9016000266e-03
1.0000000000e+00,7.8545216152e-01,7.5144987526e-02,1.0000000000e+00,0.0000000000e+00,0.0000000000e+00,3.1304000287e-03
7.9659575570e-01,-5.0813266383e-01,-1.5000000596e-01,0.0000000000e+00,0.0000000000e+00,-1.0000000000e+00,3.6712000337e-03
-1.5981951280e-01,8.2866178982e-01,1.5000000596e-01,0.0000000000e+00,-0.0000000000e+00,1.0000000000e+00,2.8912000265e-03
5.4125099158e-02,-9.3541348878e-01,-1.5000000596e-01,0.0000000000e+00,0.0000000000e+00,-1.0000000000e+00,3.2344000297e-03
-5.9817145444e-01,-6.1810965254e-01,-1.5000000596e-01,0.0000000000e+00,0.0000000000e+00,-1.0000000000e+00,3.3384000306e-03
-6.8442740247e-01,-1.5296232829e-01,1.5000000596e-01,0.0000000000e+00,0.0000000000e+00,1.0000000000e+00,3.2552000299e-03
-5.7155900526e-01,-2.3107132979e-01,-1.5000000596e-01,0.0000000000e+00,0.0000000000e+00,-1.0000000000e+00,3.7648000345e-03
2.2098049148e-01,-2.4699683826e-01,-1.5000000596e-01,0.0000000000e+00,0.0000000000e+00,-1.0000000000e+00,3.1408000288e-03
-1.0000000000e+00,9.5370365845e-01,2.2714572691e-02,-1.0000000000e+00,0.0000000000e+00,0.0000000000e+00,3.4216000314e-03
-1.4999479700e-01,-8.4867536554e-01,1.5000000596e-01,0.0000000000e+00,0.0000000000e+00,1.0000000000e+00,3.5360000324e-03
1.5500943845e-01,7.6903066104e-01,1.5000000596e-01,0.0000000000e+00,-0.0000000000e+00,1.0000000000e+00,2.6208000240e-03
-8.5705432892e-01,-2.1157825885e-01,-1.5000000596e-01,0.0000000000e+00,0.0000000000e+00,-1.0000000000e+00,2.9952000275e-03
-9.7348238396e-01,-2.3504806269e-01,-1.5000000596e-01,0.0000000000e+00,0.0000000000e+00,-1.0000000000e+00,2.9120000267e-03
-8.5880901648e-01,-5.3891962362e-01,1.5000000596e-01,0.0000000000e+00,0.0000000000e+00,1.0000000000e+00,3.5256000323e-03
-1.5617170373e-01,6.6875774125e-01,-1.5000000596e-01,0.0000000000e+00,0.0000000000e+00,-1.0000000000e+00,3.0888000283e-03
4.7579879491e-01,5.9882447856e-01,-1.5000000596e-01,0.0000000000e+00,0.0000000000e+00,-1.0000000000e+00,3.2656000299e-03
7.4445989604e-01,9.3855246863e-01,1.5000000596e-01,0.0000000000e+00,-0.0000000000e+00,1.0000000000e+00,2.6936000247e-03
1.3807740398e-01,1.6384140612e-01,-1.5000000596e-01,0.0000000000e+00,0.0000000000e+00,-1.0000000000e+00,3.4320000315e-03
-1.4862384089e-01,-4.6010075237e-01,1.5000000596e-01,0.0000000000e+00,0.0000000000e+00,1.0000000000e+00,3.2656000299e-03
-4.2628094785e-01,-5.2416023151e-01,1.5000000596e-01,0.0000000000e+00,0.0000000000e+00,1.0000000000e+00,3.8064000349e-03
1.8234997514e-01,1.0000000000e+00,-2.6416908982e-02,0.0000000000e+00,1.0000000000e+00,-0.0000000000e+00,3.2656000299e-03
-6.6860813530e-02,2.7801683490e-01,-1.5000000596e-01,0.0000000000e+00,0.0000000000e+00,-1.0000000000e+00,3.1096000285e-03
-1.0000000000e+00,-4.3133241736e-01,2.7570186753e-02,-1.0000000000e+00,-0.0000000000e+00,-0.0000000000e+00,2.3712000217e-03
9.5932194308e-01,-4.0795127304e-01,-1.5000000596e-01,0.0000000000e+00,0.0000000000e+00,-1.0000000000e+00,3.7128000340e-03
-3.1908418067e-01,3.4053628645e-02,1.5000000596e-01,0.0000000000e+00,0.0000000000e+00,1.0000000000e+00,3.2344000297e-03
3.1013839637e-01,6.6227475260e-01,-1.5000000596e-01,0.0000000000e+00,0.0000000000e+00,-1.0000000000e+00,3.4944000320e-03
2.6391089951e-01,-1.4644574740e-01,-1.5000000596e-01,0.0000000000e+00,0.0000000000e+00,-1.0000000000e+00,3.6400000334e-03
-4.9023188721e-01,-3.8280301137e-01,-1.5000000596e-01,0.0000000000e+00,0.0000000000e+00,-1.0000000000e+00,2.8808000264e-03
1.0445856837e-02,-8.4554769467e-01,-1.5000000596e-01,0.0000000000e+00,0.0000000000e+00,-1.0000000000e+00,2.7352000251e-03
-4.1928325494e-01,3.5182145549e-02,1.5000000596e-01,0.0000000000e+00,0.0000000000e+00,1.0000000000e+00,2.4336000223e-03
-1.0000000000e+00,-7.2686204821e-01,-1.6364904670e-02,-1.0000000000e+00,-0.0000000000e+00,-0.0000000000e+00,3.4736000319e-03
-8.1266324208e-01,-3.4816322221e-01,-1.5000000596e-01,0.0000000000e+00,0.0000000000e+00,-1.0000000000e+00,2.9848000274e-03
6.4420577881e-02,5.7458047920e-02,-1.5000000596e-01,0.0000000000e+00,0.0000000000e+00,-1.0000000000e+00,3.3696000309e-03
1.0000000000e+00,-3.6936560288e-01,-8.6513745115e-03,1.0000000000e+00,0.0000000000e+00,-0.0000000000e+00,3.3800000310e-03
-5.5520057528e-01,5.3455117951e-01,-1.5000000596e-01,0.0000000000e+00,0.0000000000e+00,-1.0000000000e+00,4.0560000372e-03
-6.5856470075e-01,8.0913812481e-01,1.5000000596e-01,0.0000000000e+00,-0.0000000000e+00,1.0000000000e+00,4.1600000381e-03
7.9469909464e-01,-1.0495829774e-01,1.5000000596e-01,0.0000000000e+00,-0.0000000000e+00,1.0000000000e+00,3.1616000290e-03
-3.1266279144e-01,5.7165099789e-01,-1.5000000596e-01,0.0000000000e+00,0.0000000000e+00,-1.0000000000e+00,2.5896000237e-03
-1.1129294293e-01,5.7386473184e-01,-1.5000000596e-01,0.0000000000e+00,0.0000000000e+00,-1.0000000000e+00,3.8168000350e-03
8.6558126679e-01,5.2265504244e-01,-1.5000000596e-01,0.0000000000e+00,0.0000000000e+00,-1.0000000000e+00,3.3904000311e-03
5.1166386488e-01,-8.9097461019e-01,-1.5000000596e-01,0.0000000000e+00,0.0000000000e+00,-1.0000000000e+00,3.2448000298e-03
-8.9255791256e-01,4.3530333284e-01,-1.5000000596e-01,0.0000000000e+00,0.0000000000e+00,-1.0000000000e+00,3.0368000278e-03
9.1364922873e-02,-8.9753602513e-02,1.5000000596e-01,0.0000000000e+00,-0.0000000000e+00,1.0000000000e+00,3.8688000355e-03
-8.0582798100e-01,6.8181444707e-02,-1.5000000596e-01,0.0000000000e+00,0.0000000000e+00,-1.0000000000e+00,3.9208000360e-03
-1.5822612314e-01,-6.0185345639e-01,1.5000000596e-01,0.0000000000e+00,0.0000000000e+00,1.0000000000e+00,3.3904000311e-03
-1.0000000000e+00,8.6643202791e-01,9.0480010222e-02,-1.0000000000e+00,0.0000000000e+00,0.0000000000e+00,3.3800000310e-03
2.4895541697e-01,-8.1427216242e-01,-1.5000000596e-01,0.0000000000e+00,0.0000000000e+00,-1.0000000000e+00,2.7456000252e-03
2.7356856022e-01,1.1692595393e-01,-1.5000000596e-01,0.0000000000e+00,0.0000000000e+00,-1.0000000000e+00,4.1912000384e-03
-3.4601517658e-02,-3.4544127163e-02,-1.5000000596e-01,0.0000000000e+00,0.0000000000e+00,-1.0000000000e+00,3.0680000281e-03
3.2963993886e-01,-9.5969016873e-01,1.5000000596e-01,0.0000000000e+00,0.0000000000e+00,1.0000000000e+00,3.8272000351e-03
-4.7281360172e-02,-1.3021690336e-02,1.5000000596e-01,0.0000000000e+00,0.0000000000e+00,1.0000000000e+00,2.7664000254e-03
9.1100862317e-01,-6.9711284762e-01,1.5000000596e-01,0.0000000000e+00,-0.0000000000e+00,1.0000000000e+00,3.9936000366e-03
-4.9287258309e-01,8.4689699529e-01,1.5000000596e-01,0.0000000000e+00,-0.0000000000e+00,1.0000000000e+00,2.2672000208e-03
9.7499940202e-01,9.9490601440e-01,-1.5000000596e-01,0.0000000000e+00,0.0000000000e+00,-1.0000000000e+00,3.8168000350e-03
6.9568071393e-01,-3.3359861829e-02,1.5000000596e-01,0.0000000000e+00,-0.0000000000e+00,1.0000000000e+00,2.9848000274e-03
-9.9173914254e-01,2.3453224598e-01,1.5000000596e-01,0.0000000000e+00,0.0000000000e+00,1.0000000000e+00,3.2656000299e-03
1.3804204920e-01,-9.2971413179e-01,1.5000000596e-01,0.0000000000e+00,0.0000000000e+00,1.0000000000e+00,3.3800000310e-03
-9.9602325029e-01,4.8050740305e-01,-1.5000000596e-01,0.0000000000e+00,0.0000000000e+00,-1.0000000000e+00,2.8704000263e-03
3.1091212075e-01,3.9238633331e-01,-1.5000000596e-01,0.0000000000e+00,0.0000000000e+00,-1.0000000000e+00,2.7664000254e-03
4.3471245368e-01,7.9723400243e-01,-1.5000000596e-01,0.0000000000e+00,0.0000000000e+00,-1.0000000000e+00,2.9952000275e-03
-9.0008966630e-01,-1.0000000000e+00,1.2082771997e-01,0.0000000000e+00,-1.0000000000e+00,0.0000000000e+00,4.1288000379e-03
-9.5118562794e-01,-1.0000000000e+00,2.8634582786e-02,0.0000000000e+00,-1.0000000000e+00,0.0000000000e+00,3.0264000278e-03
4.2766367350e-01,1.0000000000e+00,1.0857869533e-01,0.0000000000e+00,1.0000000000e+00,-0.0000000000e+00,3.4944000320e-03
-5.1026967730e-01,7.8836523054e-01,-1.5000000596e-01,0.0000000000e+00,0.0000000000e+00,-1.0000000000e+00,3.3280000305e-03
-1.3431831293e-01,-8.3558975686e-02,1.5000000596e-01,0.0000000000e+00,0.0000000000e+00,1.0000000000e+00,3.0472000279e-03
-5.5243950710e-01,-2.3505790059e-01,1.5000000596e-01,0.0000000000e+00,0.0000000000e+00,1.0000000000e+00,3.5256000323e-03
-1.0000000000e+00,1.5612780656e-01,-7.1483306746e-02,-1.0000000000e+00,-0.0000000000e+00,-0.0000000000e+00,3.1200000286e-03
3.1190371717e-01,-6.4252628684e-01,-1.5000000596e-01,0.0000000000e+00,0.0000000000e+00,-1.0000000000e+00,3.8584000354e-03
6.6196361844e-01,2.4425852118e-01,1.5000000596e-01,0.0000000000e+00,-0.0000000000e+00,1.0000000000e+00,3.8064000349e-03
-7.8367798162e-01,2.0956336903e-01,1.5000000596e-01,0.0000000000e+00,0.0000000000e+00,1.0000000000e+00,3.3592000308e-03
2.6836119599e-02,5.6053759158e-01,1.5000000596e-01,0.0000000000e+00,-0.0000000000e+00,1.0000000000e+00,3.4944000320e-03
6.0332525096e-01,6.4179075350e-01,1.5000000596e-01,0.0000000000e+00,-0.0000000000e+00,1.0000000000e+00,3.5984000330e-03
-3.6457502390e-01,1.0260798437e-01,1.5000000596e-01,0.0000000000e+00,0.0000000000e+00,1.0000000000e+00,2.7872000256e-03
-2.7814094063e-01,8.0884004024e-01,1.5000000596e-01,0.0000000000e+00,-0.0000000000e+00,1.0000000000e+00,2.5896000237e-03
8.5045400819e-01,4.9021710236e-02,1.5000000596e-01,0.0000000000e+00,-0.0000000000e+00,1.0000000000e+00,3.3488000307e-03
8.7961942213e-02,-6.5457334412e-01,-1.5000000596e-01,0.0000000000e+00,0.0000000000e+00,-1.0000000000e+00,3.1720000291e-03
-6.5700909523e-01,3.0977745819e-01,-1.5000000596e-01,0.0000000000e+00,0.0000000000e+00,-1.0000000000e+00,3.0576000280e-03
6.1444977521e-01,-8.3723670018e-02,1.5000000596e-01,0.0000000000e+00,-0.0000000000e+00,1.0000000000e+00,2.4960000229e-03
-2.9560299088e-01,-1.6014539541e-01,-1.5000000596e-01,0.0000000000e+00,0.0000000000e+00,-1.0000000000e+00,3.3488000307e-03
-8.0079946547e-01,-6.8703199839e-01,1.5000000596e-01,0.0000000000e+00,0.0000000000e+00,1.0000000000e+00,3.6712000337e-03
-1.0000000000e+00,7.5218426550e-01,9.9120454177e-02,-1.0000000000e+00,0.0000000000e+00,0.0000000000e+00,4.3680000401e-03
-8.9775708084e-01,-4.8895068435e-01,1.5000000596e-01,0.0000000000e+00,0.0000000000e+00,1.0000000000e+00,2.6936000247e-03
1.0000000000e+00,8.7221462591e-01,-1.4840209747e-01,1.0000000000e+00,0.0000000000e+00,0.0000000000e+00,3.0992000284e-03
-9.5359953222e-01,4.5523064994e-01,1.5000000596e-01,0.0000000000e+00,0.0000000000e+00,1.0000000000e+00,3.3800000310e-03
-1.0000000000e+00,2.9883422732e-01,-3.2295783850e-03,-1.0000000000e+00,0.0000000000e+00,0.0000000000e+00,2.6104000239e-03
-1.0000000000e+00,-3.8103278548e-01,3.0084879411e-02,-1.0000000000e+00,-0.0000000000e+00,-0.0000000000e+00,2.7560000253e-03
1.0000000000e+00,-5.8942557955e-01,-1.4881438132e-01,1.0000000000e+00,0.0000000000e+00,0.0000000000e+00,3.6816000338e-03
-5.1597924517e-01,5.0962119311e-01,-1.5000000596e-01,0.0000000000e+00,0.0000000000e+00,-1.0000000000e+00,3.1200000286e-03
8.3446033102e-01,7.1208408730e-01,-1.5000000596e-01,0.0000000000e+00,0.0000000000e+00,-1.0000000000e+00,3.1824000292e-03
9.1694000163e-01,7.2298076862e-01,-1.5000000596e-01,0.0000000000e+00,0.0000000000e+00,-1.0000000000e+00,2.7872000256e-03
-9.1663318415e-01,6.9734153497e-02,-1.5000000596e-01,0.0000000000e+00,0.0000000000e+00,-1.0000000000e+00,3.0160000277e-03
9.1856988125e-01,-1.0000000000e+00,-1.0779251443e-01,0.0000000000e+00,-1.0000000000e+00,0.0000000000e+00,3.6296000333e-03
-9.6844416265e-01,-1.9384780976e-01,1.5000000596e-01,0.0000000000e+00,0.0000000000e+00,1.0000000000e+00,3.3904000311e-03
-2.7040531758e-01,2.3248999369e-01,-1.5000000596e-01,0.0000000000e+00,0.0000000000e+00,-1.0000000000e+00,3.1616000290e-03
6.6401955814e-01,2.9385699526e-01,1.5000000596e-01,0.0000000000e+00,-0.0000000000e+00,1.0000000000e+00,2.7560000253e-03
1.0000000000e+00,-7.6986835341e-01,-2.5689928390e-02,1.0000000000e+00,0.0000000000e+00,-0.0000000000e+00,3.4736000319e-03
2.7202042603e-01,-1.7721212639e-01,1.5000000596e-01,0.0000000000e+00,-0.0000000000e+00,1.0000000000e+00,2.9640000272e-03
3.7096798146e-01,4.7114856444e-01,-1.5000000596e-01,0.0000000000e+00,0.0000000000e+00,-1.0000000000e+00,4.4096000404e-03
-2.5981638767e-01,1.0000000000e+00,1.0934567144e-01,0.0000000000e+00,1.0000000000e+00,-0.0000000000e+00,3.5048000321e-03
4.3062657701e-01,1.2938939440e-01,-1.5000000596e-01,0.0000000000e+00,0.0000000000e+00,-1.0000000000e+00,3.3072000303e-03
-6.5422857744e-02,3.7117901058e-01,-1.5000000596e-01,0.0000000000e+00,0.0000000000e+00,-1.0000000000e+00,2.8080000257e-03
1.0310159210e-01,-8.3397288967e-01,-1.5000000596e-01,0.0000000000e+00,0.0000000000e+00,-1.0000000000e+00,2.5584000235e-03
-3.0252863136e-01,7.6329365123e-01,-1.5000000596e-01,0.0000000000e+00,0.0000000000e+00,-1.0000000000e+00,3.4840000319e-03
7.4959049848e-01,-1.7077517884e-01,-1.5000000596e-01,0.0000000000e+00,0.0000000000e+00,-1.0000000000e+00,3.7752000346e-03
3.3939442798e-01,-1.0000000000e+00,-2.6200722117e-02,0.0000000000e+00,-1.0000000000e+00,0.0000000000e+00,3.5360000324e-03
-4.3169691466e-01,-6.8817186583e-01,-1.5000000596e-01,0.0000000000e+00,0.0000000000e+00,-1.0000000000e+00,3.4736000319e-03
-5.4538908345e-03,-2.4930159458e-01,1.5000000596e-01,0.0000000000e+00,0.0000000000e+00,1.0000000000e+00,2.4232000222e-03
6.8611962690e-01,-1.0000000000e+00,4.7809683830e-02,0.0000000000e+00,-1.0000000000e+00,0.0000000000e+00,2.6624000244e-03
-6.3915495960e-01,-1.4813742277e-01,1.5000000596e-01,0.0000000000e+00,0.0000000000e+00,1.0000000000e+00,2.3088000212e-03
-4.1132143528e-01,-7.0380236940e-01,1.5000000596e-01,0.0000000000e+00,0.0000000000e+00,1.0000000000e+00,3.1096000285e-03
-2.6994846125e-01,-8.3037607188e-01,-1.5000000596e-01,0.0000000000e+00,0.0000000000e+00,-1.0000000000e+00,3.4736000319e-03
-4.7793287492e-02,1.0000000000e+00,1.2584403232e-01,0.0000000000e+00,1.0000000000e+00,-0.0000000000e+00,2.9640000272e-03
-9.9608926813e-01,-1.0000000000e+00,-9.8987807447e-02,0.0000000000e+00,-1.0000000000e+00,0.0000000000e+00,2.7040000248e-03
-4.6883358906e-01,2.0526667811e-01,-1.5000000596e-01,0.0000000000e+00,0.0000000000e+00,-1.0000000000e+00,3.2136000295e-03
2.2038277758e-01,6.3912331891e-01,1.5000000596e-01,0.0000000000e+00,-0.0000000000e+00,1.0000000000e+00,3.5880000329e-03
-2.7012034026e-01,7.0788433280e-01,-1.5000000596e-01,0.0000000000e+00,0.0000000000e+00,-1.0000000000e+00,2.5272000232e-03
-4.0839052724e-01,2.3658401171e-01,-1.5000000596e-01,0.0000000000e+00,0.0000000000e+00,-1.0000000000e+00,3.4112000313e-03
-8.2721433776e-01,-5.9033031261e-01,1.5000000596e-01,0.0000000000e+00,0.0000000000e+00,1.0000000000e+00,3.4112000313e-03
4.7295231661e-01,1.0000000000e+00,-6.5736785989e-03,0.0000000000e+00,1.0000000000e+00,-0.0000000000e+00,3.1928000293e-03
-5.7056999122e-01,7.2818475741e-01,-1.5000000596e-01,0.0000000000e+00,0.0000000000e+00,-1.0000000000e+00,3.5360000324e-03
-2.3723289982e-01,2.0646800168e-02,-1.5000000596e-01,0.0000000000e+00,0.0000000000e+00,-1.0000000000e+00,3.0576000280e-03
-3.7096149716e-01,2.1046490469e-01,1.5000000596e-01,0.0000000000e+00,0.0000000000e+00,1.0000000000e+00,3.2240000296e-03
-9.2986590792e-01,-6.8171872144e-01,-1.5000000596e-01,0.0000000000e+00,0.0000000000e+00,-1.0000000000e+00,3.2968000302e-03
-7.0398133342e-02,-7.4339073824e-01,-1.5000000596e-01,0.0000000000e+00,0.0000000000e+00,-1.0000000000e+00,3.0992000284e-03
-4.4835685213e-01,4.3845829410e-01,1.5000000596e-01,0.0000000000e+00,0.0000000000e+00,1.0000000000e+00,2.9848000274e-03
9.9992339277e-01,7.4131510446e-01,1.5000000596e-01,0.0000000000e+00,-0.0000000000e+00,1.0000000000e+00,3.2136000295e-03
9.3429040534e-01,5.3058384303e-01,-1.5000000596e-01,0.0000000000e+00,0.0000000000e+00,-1.0000000000e+00,3.1304000287e-03
1.0000000000e+00,1.6982196153e-01,-9.9020605382e-02,1.0000000000e+00,0.0000000000e+00,0.0000000000e+00,3.6504000335e-03
3.4403337017e-01,-4.0857074030e-01,1.5000000596e-01,0.0000000000e+00,0.0000000000e+00,1.0000000000e+00,3.1928000293e-03
1.4440276213e-02,6.0469885108e-01,1.5000000596e-01,0.0000000000e+00,-0.0000000000e+00,1.0000000000e+00,3.2344000297e-03
1.0000000000e+00,-5.1602183875e-02,8.7491964152e-02,1.0000000000e+00,0.0000000000e+00,-0.0000000000e+00,3.3280000305e-03
-6.6561384496e-02,4.8456590128e-01,-1.5000000596e-01,0.0000000000e+00,0.0000000000e+00,-1.0000000000e+00,2.4232000222e-03
-3.4609261285e-01,1.0000000000e+00,4.8931041237e-02,0.0000000000e+00,1.0000000000e+00,-0.0000000000e+00,2.5168000231e-03
-3.9371872373e-01,5.2659198584e-01,1.5000000596e-01,0.0000000000e+00,-0.0000000000e+00,1.0000000000e+00,2.9120000267e-03
-2.5869793299e-01,5.5330360532e-01,-1.5000000596e-01,0.0000000000e+00,0.0000000000e+00,-1.0000000000e+00,3.2032000294e-03
-6.1136919707e-01,-7.6003075161e-01,1.5000000596e-01,0.0000000000e+00,0.0000000000e+00,1.0000000000e+00,3.3176000304e-03
-4.1430349809e-01,-3.6660925922e-01,1.5000000596e-01,0.0000000000e+00,0.0000000000e+00,1.0000000000e+00,3.5776000328e-03
8.9975030374e-01,3.0754723521e-01,1.5000000596e-01,0.0000000000e+00,-0.0000000000e+00,1.0000000000e+00,2.7040000248e-03
4.8766573990e-01,7.7827138782e-01,1.5000000596e-01,0.0000000000e+00,-0.0000000000e+00,1.0000000000e+00,3.0264000278e-03
6.2489748854e-01,4.0956293855e-01,-1.5000000596e-01,0.0000000000e+00,0.0000000000e+00,-1.0000000000e+00,3.0368000278e-03
5.1262791349e-01,-2.8487631468e-01,1.5000000596e-01,0.0000000000e+00,-0.0000000000e+00,1.0000000000e+00,3.2864000301e-03
3.8452465908e-01,-3.8256481709e-01,-1.5000000596e-01,0.0000000000e+00,0.0000000000e+00,-1.0000000000e+00,2.8912000265e-03
-6.9578598729e-01,1.0000000000e+00,-1.1504115040e-02,0.0000000000e+00,1.0000000000e+00,-0.0000000000e+00,3.5568000326e-03
-4.4829281653e-02,-8.9584564657e-01,-1.5000000596e-01,0.0000000000e+00,0.0000000000e+00,-1.0000000000e+00,3.0264000278e-03
-3.9566882450e-01,-6.4110455443e-02,-1.5000000596e-01,0.0000000000e+00,0.0000000000e+00,-1.0000000000e+00,3.0368000278e-03
8.3874823551e-01,-2.5021036296e-01,-1.5000000596e-01,0.0000000000e+00,0.0000000000e+00,-1.0000000000e+00,2.6624000244e-03
-5.5023033033e-01,-1.2014427801e-01,-1.5000000596e-01,0.0000000000e+00,0.0000000000e+00,-1.0000000000e+00,2.7872000256e-03
-8.4179643968e-02,7.1101778445e-01,-1.5000000596e-01,0.0000000000e+00,0.0000000000e+00,-1.0000000000e+00,2.9328000269e-03
4.0066939566e-01,-2.0441726966e-01,1.5000000596e-01,0.0000000000e+00,-0.0000000000e+00,1.0000000000e+00,3.3176000304e-03
4.7904620709e-01,1.2308152487e-01,-1.5000000596e-01,0.0000000000e+00,0.0000000000e+00,-1.0000000000e+00,2.7768000255e-03
-1.0000000000e+00,3.6960162773e-01,-9.1159396031e-02,-1.0000000000e+00,-0.0000000000e+00,-0.0000000000e+00,2.8392000260e-03
7.2903480942e-01,6.4242147216e-01,1.5000000596e-01,0.0000000000e+00,-0.0000000000e+00,1.0000000000e+00,4.0352000370e-03
5.4299318343e-01,9.3260924793e-01,1.5000000596e-01,0.0000000000e+00,-0.0000000000e+00,1.0000000000e+00,3.5048000321e-03
2.2038078004e-02,1.0000000000e+00,-5.8305467825e-02,0.0000000000e+00,1.0000000000e+00,-0.0000000000e+00,2.6208000240e-03
-8.9149721234e-01,-7.7012918849e-01,-1.5000000596e-01,0.0000000000e+00,0.0000000000e+00,-1.0000000000e+00,4.2952000394e-03
1.7462060612e-02,1.0000000000e+00,1.0690792297e-01,0.0000000000e+00,1.0000000000e+00,-0.0000000000e+00,3.4424000316e-03
4.9716030409e-01,-7.7982805973e-01,-1.5000000596e-01,0.0000000000e+00,0.0000000000e+00,-1.0000000000e+00,3.3904000311e-03
8.3369371067e-01,-4.5653660523e-01,-1.5000000596e-01,0.0000000000e+00,0.0000000000e+00,-1.0000000000e+00,3.5880000329e-03
1.0000000000e+00,8.9831128295e-01,5.7886699975e-02,1.0000000000e+00,0.0000000000e+00,0.0000000000e+00,3.3488000307e-03
-6.6643273780e-01,-2.7618251873e-01,-1.5000000596e-01,0.0000000000e+00,0.0000000000e+00,-1.0000000000e+00,2.3608000216e-03
-5.2182254673e-01,-4.8852934995e-01,1.5000000596e-01,0.0000000000e+00,0.0000000000e+00,1.0000000000e+00,2.8808000264e-03
-5.9177352738e-01,-1.2816824728e-01,1.5000000596e-01,0.0000000000e+00,0.0000000000e+00,1.0000000000e+00,2.4232000222e-03
7.4724782637e-01,-9.0029666648e-01,1.5000000596e-01,0.0000000000e+00,0.0000000000e+00,1.0000000000e+00,2.9640000272e-03
5.4260206667e-01,5.9809700873e-01,1.5000000596e-01,0.0000000000e+00,-0.0000000000e+00,1.0000000000e+00,3.3280000305e-03
-5.0591303080e-01,-9.3022105427e-01,-1.5000000596e-01,0.0000000000e+00,0.0000000000e+00,-1.0000000000e+00,2.5688000236e-03
-4.8129658863e-01,5.4157228126e-01,1.5000000596e-01,0.0000000000e+00,-0.0000000000e+00,1.0000000000e+00,2.7248000250e-03
2.0149285246e-01,-1.3625144155e-01,1.5000000596e-01,0.0000000000e+00,-0.0000000000e+00,1.0000000000e+00,2.6208000240e-03
7.8302069224e-01,-6.1595461922e-01,1.5000000596e-01,0.0000000000e+00,-0.0000000000e+00,1.0000000000e+00,3.0888000283e-03
1.9127076354e-01,-5.3583930584e-01,1.5000000596e-01,0.0000000000e+00,0.0000000000e+00,1.0000000000e+00,3.1616000290e-03
2.0131028412e-01,-4.5989481698e-01,1.5000000596e-01,0.0000000000e+00,0.0000000000e+00,1.0000000000e+00,3.1512000289e-03
-9.1207837887e-01,2.2375599973e-01,-1.5000000596e-01,0.0000000000e+00,0.0000000000e+00,-1.0000000000e+00,2.9536000271e-03
1.5890690730e-01,9.5137051101e-02,-1.5000000596e-01,0.0000000000e+00,0.0000000000e+00,-1.0000000000e+00,3.3072000303e-03
7.0253385895e-01,4.9662024137e-02,-1.5000000596e-01,0.0000000000e+00,0.0000000000e+00,-1.0000000000e+00,2.8392000260e-03
-2.5164350098e-01,-5.5041898491e-01,-1.5000000596e-01,0.0000000000e+00,0.0000000000e+00,-1.0000000000e+00,3.3384000306e-03
4.3830772143e-01,9.6722115800e-01,-1.5000000596e-01,0.0000000000e+00,0.0000000000e+00,-1.0000000000e+00,3.5984000330e-03
7.6988109083e-01,-1.0000000000e+00,-6.8417179563e-02,0.0000000000e+00,-1.0000000000e+00,0.0000000000e+00,3.5152000322e-03
-3.1534253134e-01,-8.4502496924e-01,-1.5000000596e-01,0.0000000000e+00,0.0000000000e+00,-1.0000000000e+00,2.9640000272e-03
-3.2033287495e-02,-4.3456116801e-01,1.5000000596e-01,0.0000000000e+00,0.0000000000e+00,1.0000000000e+00,2.7976000257e-03
6.9006404487e-01,8.5672074606e-01,1.5000000596e-01,0.0000000000e+00,-0.0000000000e+00,1.0000000000e+00,3.0368000278e-03
4.3554564996e-01,-2.4079379005e-01,-1.5000000596e-01,0.0000000000e+00,0.0000000000e+00,-1.0000000000e+00,2.6312000241e-03
6.3724940299e-01,-7.0480375427e-01,-1.5000000596e-01,0.0000000000e+00,0.0000000000e+00,-1.0000000000e+00,2.8600000262e-03
-8.9138677707e-01,-7.7956185284e-01,1.5000000596e-01,0.0000000000e+00,0.0000000000e+00,1.0000000000e+00,3.1304000287e-03
4.9555101587e-01,-7.3063473601e-01,-1.5000000596e-01,0.0000000000e+00,0.0000000000e+00,-1.0000000000e+00,2.9952000275e-03
-6.9242681879e-01,-4.9629831117e-01,-1.5000000596e-01,0.0000000000e+00,0.0000000000e+00,-1.0000000000e+00,3.2864000301e-03
4.9953917789e-01,9.0963687056e-01,1.5000000596e-01,0.0000000000e+00,-0.0000000000e+00,1.0000000000e+00,2.5272000232e-03
7.6909199753e-01,5.4333697942e-01,-1.5000000596e-01,0.0000000000e+00,0.0000000000e+00,-1.0000000000e+00,3.4632000318e-03
-1.0000000000e+00,-5.1383027183e-01,-2.3769075927e-02,-1.0000000000e+00,-0.0000000000e+00,-0.0000000000e+00,2.7352000251e-03
7.3874692176e-01,-6.6620570777e-01,1.5000000596e-01,0.0000000000e+00,-0.0000000000e+00,1.0000000000e+00,3.4632000318e-03
-7.9930823490e-01,4.6159202662e-02,1.5000000596e-01,0.0000000000e+00,0.0000000000e+00,1.0000000000e+00,3.3176000304e-03
1.0000000000e+00,5.1902006509e-01,-1.1274370877e-01,1.0000000000e+00,0.0000000000e+00,0.0000000000e+00,3.0160000277e-03
5.0903404005e-01,-4.7549911373e-01,-1.5000000596e-01,0.0000000000e+00,0.0000000000e+00,-1.0000000000e+00,3.0888000283e-03
3.8001173268e-01,1.0000000000e+00,2.0735791895e-02,0.0000000000e+00,1.0000000000e+00,-0.0000000000e+00,2.1632000198e-03
-1.7528497646e-02,7.2471101551e-01,-1.5000000596e-01,0.0000000000e+00,0.0000000000e+00,-1.0000000000e+00,3.4944000320e-03
8.8787750844e-01,2.4672765285e-01,-1.5000000596e-01,0.0000000000e+00,0.0000000000e+00,-1.0000000000e+00,3.2968000302e-03
-7.5857539315e-01,-8.0311464013e-01,1.5000000596e-01,0.0000000000e+00,0.0000000000e+00,1.0000000000e+00,2.8808000264e-03
2.5563709467e-01,6.5972392272e-01,-1.5000000596e-01,0.0000000000e+00,0.0000000000e+00,-1.0000000000e+00,3.0992000284e-03
9.0286756899e-01,5.4744981397e-02,1.5000000596e-01,0.0000000000e+00,-0.0000000000e+00,1.0000000000e+00,2.8392000260e-03
3.3420955920e-01,-8.3642387181e-01,1.5000000596e-01,0.0000000000e+00,0.0000000000e+00,1.0000000000e+00,2.7560000253e-03
3.7641157601e-01,2.9528714226e-01,-1.5000000596e-01,0.0000000000e+00,0.0000000000e+00,-1.0000000000e+00,3.0264000278e-03
-6.7769683368e-01,4.8524400893e-01,-1.5000000596e-01,0.0000000000e+00,0.0000000000e+00,-1.0000000000e+00,2.7040000248e-03
-1.0000000000e+00,-7.9426950289e-01,4.5403596230e-02,-1.0000000000e+00,-0.0000000000e+00,-0.0000000000e+00,3.5464000325e-03
-1.0747867133e-01,1.0574283878e-01,1.5000000596e-01,0.0000000000e+00,0.0000000000e+00,1.0000000000e+00,3.0576000280e-03
1.0000000000e+00,2.8158059560e-01,1.0725547211e-01,1.0000000000e+00,0.0000000000e+00,-0.0000000000e+00,2.5584000235e-03
4.8799561100e-03,3.1030492868e-01,-1.5000000596e-01,0.0000000000e+00,0.0000000000e+00,-1.0000000000e+00,3.7544000344e-03
8.2418259842e-01,-6.9576050076e-01,-1.5000000596e-01,0.0000000000e+00,0.0000000000e+00,-1.0000000000e+00,4.0768000374e-03
-9.8249072591e-01,-5.9765231932e-01,-1.5000000596e-01,0.0000000000e+00,0.0000000000e+00,-1.0000000000e+00,3.6296000333e-03
-7.9136954781e-01,-4.1844280176e-01,1.5000000596e-01,0.0000000000e+00,0.0000000000e+00,1.0000000000e+00,2.5792000237e-03
5.6220907963e-01,4.9490843366e-01,1.5000000596e-01,0.0000000000e+00,-0.0000000000e+00,1.0000000000e+00,3.7232000341e-03
5.9096382397e-01,-1.0000000000e+00,-1.3834110296e-01,0.0000000000e+00,-1.0000000000e+00,0.0000000000e+00,4.2432000389e-03
7.0361585171e-01,3.9731233496e-01,1.5000000596e-01,0.0000000000e+00,-0.0000000000e+00,1.0000000000e+00,3.2968000302e-03
7.2500738169e-01,2.5829984076e-01,-1.5000000596e-01,0.0000000000e+00,0.0000000000e+00,-1.0000000000e+00,4.1912000384e-03
4.9818131209e-02,-5.2214354894e-01,-1.5000000596e-01,0.0000000000e+00,0.0000000000e+00,-1.0000000000e+00,3.1408000288e-03
-8.4308958337e-01,-3.9383583237e-01,-1.5000000596e-01,0.0000000000e+00,0.0000000000e+00,-1.0000000000e+00,2.1944000201e-03
-8.6138958608e-01,9.1646811079e-01,-1.5000000596e-01,0.0000000000e+00,0.0000000000e+00,-1.0000000000e+00,3.2032000294e-03
1.4836276382e-01,-3.9620319752e-01,-1.5000000596e-01,0.0000000000e+00,0.0000000000e+00,-1.0000000000e+00,2.7872000256e-03
-3.3879882666e-01,8.3712552835e-01,1.5000000596e-01,0.0000000000e+00,-0.0000000000e+00,1.0000000000e+00,2.4960000229e-03
-5.0341370184e-01,1.6523891169e-01,1.5000000596e-01,0.0000000000e+00,0.0000000000e+00,1.0000000000e+00,2.7768000255e-03
1.0000000000e+00,9.7060668643e-02,2.9681452219e-02,1.0000000000e+00,0.0000000000e+00,-0.0000000000e+00,3.5568000326e-03
7.6160546051e-01,6.6323297046e-01,-1.5000000596e-01,0.0000000000e+00,0.0000000000e+00,-1.0000000000e+00,3.4008000312e-03
-5.5785696421e-01,1.4432133907e-01,-1.5000000596e-01,0.0000000000e+00,0.0000000000e+00,-1.0000000000e+00,2.7456000252e-03
6.7345328306e-01,-8.5785227030e-01,-1.5000000596e-01,0.0000000000e+00,0.0000000000e+00,-1.0000000000e+00,2.7144000249e-03
-4.6634932158e-01,4.7202967075e-02,1.5000000596e-01,0.0000000000e+00,0.0000000000e+00,1.0000000000e+00,2.9744000273e-03
-5.5978875545e-01,-3.5851128040e-01,1.5000000596e-01,0.0000000000e+00,0.0000000000e+00,1.0000000000e+00,2.7664000254e-03
2.3691454367e-01,-1.0000000000e+00,8.8610680750e-03,0.0000000000e+00,-1.0000000000e+00,0.0000000000e+00,3.2656000299e-03
7.6248630322e-01,8.8370295122e-01,-1.5000000596e-01,0.0000000000e+00,0.0000000000e+00,-1.0000000000e+00,3.6608000336e-03
-2.7292530449e-01,1.5761170815e-01,1.5000000596e-01,0.0000000000e+00,0.0000000000e+00,1.0000000000e+00,3.2448000298e-03
-5.7459111119e-02,4.8333330412e-01,1.5000000596e-01,0.0000000000e+00,-0.0000000000e+00,1.0000000000e+00,3.3696000309e-03
9.6088196146e-01,-1.0000000000e+00,6.4184806867e-02,0.0000000000e+00,-1.0000000000e+00,0.0000000000e+00,3.7752000346e-03
1.8896373376e-01,4.7432590488e-01,1.5000000596e-01,0.0000000000e+00,-0.0000000000e+00,1.0000000000e+00,3.0472000279e-03
1.0000000000e+00,-8.2711175672e-01,-9.3014785019e-02,1.0000000000e+00,0.0000000000e+00,-0.0000000000e+00,3.2968000302e-03
6.7887867741e-01,5.3730597183e-01,1.5000000596e-01,0.0000000000e+00,-0.0000000000e+00,1.0000000000e+00,3.4632000318e-03
-3.0793456276e-01,-2.3613224220e-01,-1.5000000596e-01,0.0000000000e+00,0.0000000000e+00,-1.0000000000e+00,3.2448000298e-03
7.0158402189e-01,-3.2359727995e-01,-1.5000000596e-01,0.0000000000e+00,0.0000000000e+00,-1.0000000000e+00,3.7544000344e-03
-8.5794637192e-01,1.0000000000e+00,7.0028084328e-02,0.0000000000e+00,1.0000000000e+00,-0.0000000000e+00,2.8184000258e-03
-9.9944771945e-01,1.0000000000e+00,-1.4883547149e-01,0.0000000000e+00,1.0000000000e+00,-0.0000000000e+00,2.0384000187e-03
9.7816514643e-01,-7.3805445232e-01,-1.5000000596e-01,0.0000000000e+00,0.0000000000e+00,-1.0000000000e+00,3.6816000338e-03
-1.0000000000e+00,-1.1495009243e-02,-9.7493700316e-02,-1.0000000000e+00,-0.0000000000e+00,-0.0000000000e+00,2.4856000228e-03
-8.9602176436e-01,-9.2690492754e-02,-1.5000000596e-01,0.0000000000e+00,0.0000000000e+00,-1.0000000000e+00,3.2448000298e-03
-2.2715883519e-01,7.1680550933e-02,1.5000000596e-01,0.0000000000e+00,0.0000000000e+00,1.0000000000e+00,3.7960000348e-03
-1.3762060536e-01,-1.3922428415e-01,-1.5000000596e-01,0.0000000000e+00,0.0000000000e+00,-1.0000000000e+00,3.1304000287e-03
3.8900138388e-01,5.9452502861e-01,-1.5000000596e-01,0.0000000000e+00,0.0000000000e+00,-1.0000000000e+00,3.0576000280e-03
-1.1789903191e-02,7.0583228081e-01,1.5000000596e-01,0.0000000000e+00,-0.0000000000e+00,1.0000000000e+00,3.1512000289e-03
-7.9300208568e-01,1.0000000000e+00,2.4282362602e-02,0.0000000000e+00,1.0000000000e+00,-0.0000000000e+00,2.9016000266e-03
-9.9848380537e-01,6.5206911553e-02,-1.5000000596e-01,0.0000000000e+00,0.0000000000e+00,-1.0000000000e+00,3.1616000290e-03
1.0000000000e+00,-9.9957061545e-01,-1.1476275742e-01,1.0000000000e+00,0.0000000000e+00,-0.0000000000e+00,3.4632000318e-03
-1.3245855344e-02,3.0347751691e-01,1.5000000596e-01,0.0000000000e+00,-0.0000000000e+00,1.0000000000e+00,3.1304000287e-03
-6.4106338002e-01,-5.3742231855e-02,1.5000000596e-01,0.0000000000e+00,0.0000000000e+00,1.0000000000e+00,2.8496000261e-03
-4.4681182665e-01,9.8249012156e-01,1.5000000596e-01,0.0000000000e+00,-0.0000000000e+00,1.0000000000e+00,3.4320000315e-03
-5.3077927319e-01,-5.8650846622e-01,-1.5000000596e-01,0.0000000000e+00,0.0000000000e+00,-1.0000000000e+00,2.7560000253e-03
-1.0037027492e-01,2.1074736098e-01,1.5000000596e-01,0.0000000000e+00,-0.0000000000e+00,1.0000000000e+00,2.8496000261e-03
-2.6197134278e-01,1.5149575779e-01,-1.5000000596e-01,0.0000000000e+00,0.0000000000e+00,-1.0000000000e+00,3.5464000325e-03
-1.0000000000e+00,-9.5993040198e-02,-1.2626275158e-01,-1.0000000000e+00,-0.0000000000e+00,-0.0000000000e+00,3.4736000319e-03
-2.6685646191e-01,-9.8811145633e-01,-1.5000000596e-01,0.0000000000e+00,0.0000000000e+00,-1.0000000000e+00,3.4944000320e-03
-8.0258338810e-02,-1.0000000000e+00,-4.1171355092e-02,0.0000000000e+00,-1.0000000000e+00,0.0000000000e+00,2.3712000217e-03
9.1134744043e-01,5.4560972313e-01,1.5000000596e-01,0.0000000000e+00,-0.0000000000e+00,1.0000000000e+00,2.8704000263e-03
-1.0000000000e+00,6.8137258137e-01,-8.7540985369e-02,-1.0000000000e+00,0.0000000000e+00,0.0000000000e+00,3.4008000312e-03
-3.8355857675e-01,-4.5248184364e-02,1.5000000596e-01,0.0000000000e+00,0.0000000000e+00,1.0000000000e+00,3.1096000285e-03
-4.8801602043e-01,-6.0916120827e-01,1.5000000596e-01,0.0000000000e+00,0.0000000000e+00,1.0000000000e+00,3.5360000324e-03
-4.8182230770e-01,8.4000512653e-01,-1.5000000596e-01,0.0000000000e+00,0.0000000000e+00,-1.0000000000e+00,3.6504000335e-03
-9.8932473364e-01,-9.2167791148e-01,-1.5000000596e-01,0.0000000000e+00,0.0000000000e+00,-1.0000000000e+00,3.8168000350e-03
-7.6463566262e-01,-9.5300726253e-01,1.5000000596e-01,0.0000000000e+00,0.0000000000e+00,1.0000000000e+00,2.7248000250e-03
-5.4470820821e-01,-9.5875672200e-01,1.5000000596e-01,0.0000000000e+00,0.0000000000e+00,1.0000000000e+00,3.5568000326e-03
1.0000000000e+00,-7.1297128383e-01,-9.7751430238e-02,1.0000000000e+00,0.0000000000e+00,-0.0000000000e+00,2.9640000272e-03
-3.7219388593e-01,8.5345166471e-01,-1.5000000596e-01,0.0000000000e+00,0.0000000000e+00,-1.0000000000e+00,2.4128000221e-03
4.1968849471e-01,6.0325344434e-01,1.5000000596e-01,0.0000000000e+00,-0.0000000000e+00,1.0000000000e+00,3.4216000314e-03
-3.3132260078e-01,8.8816899864e-01,-1.5000000596e-01,0.0000000000e+00,0.0000000000e+00,-1.0000000000e+00,3.1824000292e-03
-3.7637014467e-01,4.8470283729e-01,-1.5000000596e-01,0.0000000000e+00,0.0000000000e+00,-1.0000000000e+00,2.8808000264e-03
9.6708530525e-01,-1.0000000000e+00,1.1911757741e-02,0.0000000000e+00,-1.0000000000e+00,0.0000000000e+00,3.1720000291e-03
6.5354786412e-01,9.5331252007e-01,-1.5000000596e-01,0.0000000000e+00,0.0000000000e+00,-1.0000000000e+00,4.2640000391e-03
2.8988754751e-01,4.3889775524e-01,-1.5000000596e-01,0.0000000000e+00,0.0000000000e+00,-1.0000000000e+00,3.4008000312e-03
-2.5833741457e-02,-2.8737319156e-01,-1.5000000596e-01,0.0000000000e+00,0.0000000000e+00,-1.0000000000e+00,2.2568000207e-03
-1.0000000000e+00,3.6071242591e-01,5.6823216585e-02,-1.0000000000e+00,0.0000000000e+00,0.0000000000e+00,2.9848000274e-03
1.3066642458e-01,-1.0000000000e+00,6.5865993681e-02,0.0000000000e+00,-1.0000000000e+00,0.0000000000e+00,2.4856000228e-03
-3.7598726085e-01,3.1233802824e-01,1.5000000596e-01,0.0000000000e+00,0.0000000000e+00,1.0000000000e+00,3.9416000361e-03
9.5831526422e-01,-8.6182599527e-01,1.5000000596e-01,0.0000000000e+00,-0.0000000000e+00,1.0000000000e+00,3.4320000315e-03
-4.9575330446e-01,3.1150061236e-01,1.5000000596e-01,0.0000000000e+00,0.0000000000e+00,1.0000000000e+00,2.8912000265e-03
-8.6512491292e-01,8.2036249072e-01,-1.5000000596e-01,0.0000000000e+00,0.0000000000e+00,-1.0000000000e+00,3.5256000323e-03
1.4418086270e-01,-1.0000000000e+00,-2.4257680887e-02,0.0000000000e+00,-1.0000000000e+00,0.0000000000e+00,3.2552000299e-03
1.7422831152e-01,-1.0000000000e+00,-6.6557536805e-02,0.0000000000e+00,-1.0000000000e+00,0.0000000000e+00,2.4960000229e-03
-7.1460731322e-01,-2.9614095130e-01,-1.5000000596e-01,0.0000000000e+00,0.0000000000e+00,-1.0000000000e+00,2.9952000275e-03
-9.0511414719e-01,-8.8821451981e-01,-1.5000000596e-01,0.0000000000e+00,0.0000000000e+00,-1.0000000000e+00,2.7768000255e-03
9.6707246597e-01,-2.2329165985e-02,-1.5000000596e-01,0.0000000000e+00,0.0000000000e+00,-1.0000000000e+00,3.3384000306e-03
-1.0000000000e+00,7.5831522786e-01,-1.0355831692e-01,-1.0000000000e+00,0.0000000000e+00,0.0000000000e+00,3.5048000321e-03
-1.0000000000e+00,-4.4645312611e-01,9.7705390469e-02,-1.0000000000e+00,0.0000000000e+00,0.0000000000e+00,2.8808000264e-03
3.9663856177e-01,7.7378406404e-01,1.5000000596e-01,0.0000000000e+00,-0.0000000000e+00,1.0000000000e+00,3.3800000310e-03
6.7178970724e-01,9.2148085478e-01,1.5000000596e-01,0.0000000000e+00,-0.0000000000e+00,1.0000000000e+00,2.9640000272e-03
6.5300137510e-01,1.2392947095e-01,1.5000000596e-01,0.0000000000e+00,-0.0000000000e+00,1.0000000000e+00,3.5152000322e-03
-7.2965720213e-01,5.8562630894e-01,-1.5000000596e-01,0.0000000000e+00,0.0000000000e+00,-1.0000000000e+00,3.7856000347e-03
-1.0000000000e+00,5.3841664936e-01,6.1193466931e-02,-1.0000000000e+00,0.0000000000e+00,0.0000000000e+00,3.4008000312e-03
5.8353405080e-01,-3.0627040231e-01,1.5000000596e-01,0.0000000000e+00,-0.0000000000e+00,1.0000000000e+00,3.2032000294e-03
-5.6708732277e-01,7.2733225212e-01,1.5000000596e-01,0.0000000000e+00,-0.0000000000e+00,1.0000000000e+00,2.9640000272e-03
9.1557957969e-01,-1.6542567784e-02,-1.5000000596e-01,0.0000000000e+00,0.0000000000e+00,-1.0000000000e+00,4.0040000367e-03
3.8023225695e-02,1.0000000000e+00,5.1700768619e-02,0.0000000000e+00,1.0000000000e+00,-0.0000000000e+00,3.1304000287e-03
3.6639482060e-01,8.4037214144e-01,1.5000000596e-01,0.0000000000e+00,-0.0000000000e+00,1.0000000000e+00,3.0056000276e-03
-7.2492557543e-01,3.9081514297e-01,1.5000000596e-01,0.0000000000e+00,0.0000000000e+00,1.0000000000e+00,2.6728000245e-03
7.8372425730e-01,-1.0053646855e-02,-1.5000000596e-01,0.0000000000e+00,0.0000000000e+00,-1.0000000000e+00,2.6624000244e-03
1.0000000000e+00,3.7026768450e-01,-9.5597640489e-02,1.0000000000e+00,0.0000000000e+00,0.0000000000e+00,2.9744000273e-03
9.9336573121e-01,6.0968017224e-01,-1.5000000596e-01,0.0000000000e+00,0.0000000000e+00,-1.0000000000e+00,2.8392000260e-03
6.9245298825e-01,-3.1067429948e-01,1.5000000596e-01,0.0000000000e+00,-0.0000000000e+00,1.0000000000e+00,3.7336000342e-03
7.5380397637e-01,7.7325834394e-01,1.5000000596e-01,0.0000000000e+00,-0.0000000000e+00,1.0000000000e+00,2.8912000265e-03
3.4253524184e-01,-8.5458989987e-01,-1.5000000596e-01,0.0000000000e+00,0.0000000000e+00,-1.0000000000e+00,2.9016000266e-03
-1.0000000000e+00,4.5158902286e-01,-5.7726341794e-02,-1.0000000000e+00,0.0000000000e+00,0.0000000000e+00,2.5480000234e-03
-1.4919825053e-01,8.9940014277e-02,-1.5000000596e-01,0.0000000000e+00,0.0000000000e+00,-1.0000000000e+00,2.8392000260e-03
1.6178602478e-01,1.0000000000e+00,-1.4975279770e-01,0.0000000000e+00,1.0000000000e+00,-0.0000000000e+00,2.8496000261e-03
7.7446072597e-01,-1.7883812297e-01,1.5000000596e-01,0.0000000000e+00,-0.0000000000e+00,1.0000000000e+00,2.8288000259e-03
-3.2484372337e-01,7.7513313810e-02,-1.5000000596e-01,0.0000000000e+00,0.0000000000e+00,-1.0000000000e+00,3.4320000315e-03
1.1227132683e-01,2.3341320164e-01,-1.5000000596e-01,0.0000000000e+00,0.0000000000e+00,-1.0000000000e+00,3.4112000313e-03
4.1491580808e-02,1.9177448959e-01,1.5000000596e-01,0.0000000000e+00,-0.0000000000e+00,1.0000000000e+00,3.1512000289e-03
4.3966955169e-01,-6.3106003047e-02,-1.5000000596e-01,0.0000000000e+00,0.0000000000e+00,-1.0000000000e+00,3.9416000361e-03
1.1956297822e-01,-1.4862226434e-01,-1.5000000596e-01,0.0000000000e+00,0.0000000000e+00,-1.0000000000e+00,2.8808000264e-03
5.6700554516e-02,3.6436403851e-01,-1.5000000596e-01,0.0000000000e+00,0.0000000000e+00,-1.0000000000e+00,3.7960000348e-03
7.9396355480e-01,4.4749460069e-01,-1.5000000596e-01,0.0000000000e+00,0.0000000000e+00,-1.0000000000e+00,2.7456000252e-03
-8.6405998321e-01,5.2622899433e-01,1.5000000596e-01,0.0000000000e+00,0.0000000000e+00,1.0000000000e+00,3.2760000300e-03
3.4303516798e-01,8.5942092324e-01,-1.5000000596e-01,0.0000000000e+00,0.0000000000e+00,-1.0000000000e+00,2.9536000271e-03
-3.2682680041e-01,6.1797556942e-01,-1.5000000596e-01,0.0000000000e+00,0.0000000000e+00,-1.0000000000e+00,2.3608000216e-03
1.0000000000e+00,6.8633403480e-01,-9.6618517464e-02,1.0000000000e+00,0.0000000000e+00,0.0000000000e+00,3.7648000345e-03
-7.0606829663e-01,-3.6909319733e-01,1.5000000596e-01,0.0000000000e+00,0.0000000000e+00,1.0000000000e+00,3.1824000292e-03
3.7978952329e-01,-1.0000000000e+00,-6.8877610302e-02,0.0000000000e+00,-1.0000000000e+00,0.0000000000e+00,2.8288000259e-03
-3.8135977813e-01,-7.4443197920e-01,-1.5000000596e-01,0.0000000000e+00,0.0000000000e+00,-1.0000000000e+00,3.4008000312e-03
-9.6309310782e-02,-5.9881919791e-01,1.5000000596e-01,0.0000000000e+00,0.0000000000e+00,1.0000000000e+00,3.2032000294e-03
1.7871883279e-01,8.4528335829e-01,-1.5000000596e-01,0.0000000000e+00,0.0000000000e+00,-1.0000000000e+00,2.6728000245e-03
-9.2949544914e-02,-1.0000000000e+00,-9.4013904121e-02,0.0000000000e+00,-1.0000000000e+00,0.0000000000e+00,3.0680000281e-03
-1.5641602759e-01,5.1864310478e-01,1.5000000596e-01,0.0000000000e+00,-0.0000000000e+00,1.0000000000e+00,3.2968000302e-03
5.2469965880e-01,-7.1148811503e-01,1.5000000596e-01,0.0000000000e+00,0.0000000000e+00,1.0000000000e+00,2.7976000257e-03
9.5415460798e-01,9.1003434571e-02,-1.5000000596e-01,0.0000000000e+00,0.0000000000e+00,-1.0000000000e+00,2.6208000240e-03
-4.7202427387e-01,-1.0000000000e+00,-2.7218646306e-02,0.0000000000e+00,-1.0000000000e+00,0.0000000000e+00,3.0992000284e-03
9.7064078474e-01,-5.0172685985e-01,-1.5000000596e-01,0.0000000000e+00,0.0000000000e+00,-1.0000000000e+00,3.2864000301e-03
-1.9821861492e-01,6.7396755067e-03,1.5000000596e-01,0.0000000000e+00,0.0000000000e+00,1.0000000000e+00,3.7544000344e-03
-8.0807069956e-02,2.1910006704e-01,-1.5000000596e-01,0.0000000000e+00,0.0000000000e+00,-1.0000000000e+00,2.9848000274e-03
-5.3386674368e-02,-1.5893271793e-01,-1.5000000596e-01,0.0000000000e+00,0.0000000000e+00,-1.0000000000e+00,3.2136000295e-03
1.0000000000e+00,7.0657937589e-02,-1.3416355601e-01,1.0000000000e+00,0.0000000000e+00,0.0000000000e+00,3.4944000320e-03
8.7416237021e-01,2.4331064965e-01,1.5000000596e-01,0.0000000000e+00,-0.0000000000e+00,1.0000000000e+00,3.4320000315e-03
-7.6407055685e-01,4.4403097403e-01,1.5000000596e-01,0.0000000000e+00,0.0000000000e+00,1.0000000000e+00,2.6104000239e-03
-1.0000000000e+00,-1.8440287268e-01,3.9687078446e-03,-1.0000000000e+00,-0.0000000000e+00,-0.0000000000e+00,3.3384000306e-03
2.3812191859e-01,1.0000000000e+00,4.3881209000e-02,0.0000000000e+00,1.0000000000e+00,-0.0000000000e+00,3.6504000335e-03
-5.6853680445e-01,8.1207467218e-02,-1.5000000596e-01,0.0000000000e+00,0.0000000000e+00,-1.0000000000e+00,3.2968000302e-03
6.3333631414e-01,-1.0000000000e+00,4.2665656203e-02,0.0000000000e+00,-1.0000000000e+00,0.0000000000e+00,2.7040000248e-03
4.7837973874e-01,-5.4331465535e-01,-1.5000000596e-01,0.0000000000e+00,0.0000000000e+00,-1.0000000000e+00,3.0992000284e-03
1.0000000000e+00,-7.2782371146e-01,5.7342198815e-02,1.0000000000e+00,0.0000000000e+00,-0.0000000000e+00,3.0160000277e-03
-1.0000000000e+00,-5.5841813731e-01,1.0545508191e-01,-1.0000000000e+00,0.0000000000e+00,0.0000000000e+00,2.8392000260e-03
-6.6931539983e-03,-4.3106453258e-01,-1.5000000596e-01,0.0000000000e+00,0.0000000000e+00,-1.0000000000e+00,2.9848000274e-03
6.7141909038e-01,4.5670398403e-01,-1.5000000596e-01,0.0000000000e+00,0.0000000000e+00,-1.0000000000e+00,2.8184000258e-03
-1.9963406641e-01,-4.4653227105e-01,1.5000000596e-01,0.0000000000e+00,0.0000000000e+00,1.0000000000e+00,3.4840000319e-03
-1.0000000000e+00,6.3106945924e-02,-2.4248342672e-02,-1.0000000000e+00,-0.0000000000e+00,-0.0000000000e+00,2.8912000265e-03
-4.9543266080e-03,7.6298266006e-03,-1.5000000596e-01,0.0000000000e+00,0.0000000000e+00,-1.0000000000e+00,2.7664000254e-03
6.0369877316e-01,-6.5961339536e-01,1.5000000596e-01,0.0000000000e+00,0.0000000000e+00,1.0000000000e+00,2.7144000249e-03
-4.1172022867e-01,6.7088511564e-01,-1.5000000596e-01,0.0000000000e+00,0.0000000000e+00,-1.0000000000e+00,2.5792000237e-03
-3.2715123479e-01,-3.8281670481e-01,1.5000000596e-01,0.0000000000e+00,0.0000000000e+00,1.0000000000e+00,3.2344000297e-03
-4.1323419145e-01,5.2138026893e-01,-1.5000000596e-01,0.0000000000e+00,0.0000000000e+00,-1.0000000000e+00,2.5792000237e-03
-6.8713914894e-01,-7.0290151082e-01,-1.5000000596e-01,0.0000000000e+00,0.0000000000e+00,-1.0000000000e+00,2.6416000242e-03
-8.8948180790e-01,-2.6908838247e-01,-1.5000000596e-01,0.0000000000e+00,0.0000000000e+00,-1.0000000000e+00,3.0160000277e-03
-1.0000000000e+00,-4.8552997332e-02,1.0194792236e-01,-1.0000000000e+00,0.0000000000e+00,0.0000000000e+00,2.6312000241e-03
-1.0000000000e+00,3.6729300112e-02,4.6073047213e-02,-1.0000000000e+00,0.0000000000e+00,0.0000000000e+00,2.9640000272e-03
9.1457435905e-01,6.7063008979e-01,1.5000000596e-01,0.0000000000e+00,-0.0000000000e+00,1.0000000000e+00,3.3696000309e-03
-7.4121568497e-01,1.0000000000e+00,-1.3728206790e-01,0.0000000000e+00,1.0000000000e+00,-0.0000000000e+00,4.0768000374e-03
2.5041723474e-01,4.9140855606e-01,1.5000000596e-01,0.0000000000e+00,-0.0000000000e+00,1.0000000000e+00,2.5584000235e-03
3.0138164381e-01,7.8068468750e-01,1.5000000596e-01,0.0000000000e+00,-0.0000000000e+00,1.0000000000e+00,3.2552000299e-03
1.4812930640e-01,-7.7705719307e-01,1.5000000596e-01,0.0000000000e+00,0.0000000000e+00,1.0000000000e+00,2.9848000274e-03
-6.0959918188e-01,-1.0000000000e+00,-7.5623067433e-02,0.0000000000e+00,-1.0000000000e+00,0.0000000000e+00,2.5584000235e-03
-2.1592985529e-01,4.4833408121e-01,-1.5000000596e-01,0.0000000000e+00,0.0000000000e+00,-1.0000000000e+00,3.4632000318e-03
-1.2352664657e-01,-1.0000000000e+00,8.7916785577e-03,0.0000000000e+00,-1.0000000000e+00,0.0000000000e+00,3.3176000304e-03
6.6994027532e-01,-1.0000000000e+00,-1.1325164690e-01,0.0000000000e+00,-1.0000000000e+00,0.0000000000e+00,3.2032000294e-03
-7.7411518315e-01,-6.2065266265e-01,-1.5000000596e-01,0.0000000000e+00,0.0000000000e+00,-1.0000000000e+00,3.0472000279e-03
3.3285700539e-01,-3.5335153913e-01,-1.5000000596e-01,0.0000000000e+00,0.0000000000e+00,-1.0000000000e+00,2.7040000248e-03
2.6057213330e-01,-4.2866401167e-01,-1.5000000596e-01,0.0000000000e+00,0.0000000000e+00,-1.0000000000e+00,2.6312000241e-03
3.7085879511e-01,1.0000000000e+00,-2.5677026363e-02,0.0000000000e+00,1.0000000000e+00,-0.0000000000e+00,2.5480000234e-03
5.5789764863e-01,8.3069601605e-01,-1.5000000596e-01,0.0000000000e+00,0.0000000000e+00,-1.0000000000e+00,3.3904000311e-03
-3.9139372329e-01,1.8610043362e-01,-1.5000000596e-01,0.0000000000e+00,0.0000000000e+00,-1.0000000000e+00,2.5584000235e-03
8.4756105885e-01,-2.4190222721e-01,1.5000000596e-01,0.0000000000e+00,-0.0000000000e+00,1.0000000000e+00,2.8080000257e-03
-5.8699960172e-01,-5.7416397362e-01,-1.5000000596e-01,0.0000000000e+00,0.0000000000e+00,-1.0000000000e+00,2.2360000205e-03
-1.6963743516e-01,2.3532633567e-01,1.5000000596e-01,0.0000000000e+00,-0.0000000000e+00,1.0000000000e+00,3.0056000276e-03
1.0000000000e+00,4.4692135262e-01,-8.5030778693e-02,1.0000000000e+00,0.0000000000e+00,0.0000000000e+00,2.4024000220e-03
5.2589320490e-02,9.4014335357e-01,-1.5000000596e-01,0.0000000000e+00,0.0000000000e+00,-1.0000000000e+00,3.0368000278e-03
-8.9397385082e-02,1.6874584386e-01,-1.5000000596e-01,0.0000000000e+00,0.0000000000e+00,-1.0000000000e+00,2.7560000253e-03
-9.4283646836e-01,4.0398655821e-01,-1.5000000596e-01,0.0000000000e+00,0.0000000000e+00,-1.0000000000e+00,2.6000000238e-03
4.1338477888e-01,-4.2528706528e-02,1.5000000596e-01,0.0000000000e+00,-0.0000000000e+00,1.0000000000e+00,3.0888000283e-03
-9.7767305118e-01,-8.3683575043e-01,-1.5000000596e-01,0.0000000000e+00,0.0000000000e+00,-1.0000000000e+00,3.4008000312e-03
1.0000000000e+00,5.5817094133e-01,9.4917388932e-02,1.0000000000e+00,0.0000000000e+00,-0.0000000000e+00,2.7248000250e-03
2.5910429602e-01,3.0237271980e-01,1.5000000596e-01,0.0000000000e+00,-0.0000000000e+00,1.0000000000e+00,2.9848000274e-03
4.9326829341e-01,2.8093130463e-01,-1.5000000596e-01,0.0000000000e+00,0.0000000000e+00,-1.0000000000e+00,3.4944000320e-03
8.2528186846e-01,1.0000000000e+00,8.0531472608e-02,0.0000000000e+00,1.0000000000e+00,-0.0000000000e+00,2.9432000270e-03
5.8697333443e-01,-9.2466383693e-01,1.5000000596e-01,0.0000000000e+00,0.0000000000e+00,1.0000000000e+00,3.4008000312e-03
3.7406837519e-02,-7.5407802383e-01,-1.5000000596e-01,0.0000000000e+00,0.0000000000e+00,-1.0000000000e+00,3.1616000290e-03
-1.7605511385e-01,-9.9598901064e-01,1.5000000596e-01,0.0000000000e+00,0.0000000000e+00,1.0000000000e+00,3.0368000278e-03
-1.6271288479e-01,-7.4970492566e-01,1.5000000596e-01,0.0000000000e+00,0.0000000000e+00,1.0000000000e+00,2.6104000239e-03
-6.6537815644e-01,4.2284016472e-01,1.5000000596e-01,0.0000000000e+00,0.0000000000e+00,1.0000000000e+00,3.2656000299e-03
8.4170867497e-02,5.7453986982e-01,-1.5000000596e-01,0.0000000000e+00,0.0000000000e+00,-1.0000000000e+00,3.1616000290e-03
3.3939587999e-01,1.0000000000e+00,1.0894982014e-01,0.0000000000e+00,1.0000000000e+00,-0.0000000000e+00,3.1720000291e-03
-6.6783580206e-02,-2.5833740741e-01,-1.5000000596e-01,0.0000000000e+00,0.0000000000e+00,-1.0000000000e+00,2.4336000223e-03
-8.9506395735e-01,8.5470544200e-01,1.5000000596e-01,0.0000000000e+00,0.0000000000e+00,1.0000000000e+00,2.9120000267e-03
-4.8444335659e-01,-9.4959973865e-02,-1.5000000596e-01,0.0000000000e+00,0.0000000000e+00,-1.0000000000e+00,2.9432000270e-03
-4.0043644442e-01,3.7295256045e-01,-1.5000000596e-01,0.0000000000e+00,0.0000000000e+00,-1.0000000000e+00,3.0160000277e-03
6.2135878220e-01,6.0238323561e-01,-1.5000000596e-01,0.0000000000e+00,0.0000000000e+00,-1.0000000000e+00,3.0056000276e-03
1.7795630132e-01,8.7691561250e-01,1.5000000596e-01,0.0000000000e+00,-0.0000000000e+00,1.0000000000e+00,3.9728000364e-03
1.0000000000e+00,-1.3781014578e-01,-3.3599088269e-02,1.0000000000e+00,0.0000000000e+00,0.0000000000e+00,2.6936000247e-03
-6.9029368021e-01,6.1829412095e-01,-1.5000000596e-01,0.0000000000e+00,0.0000000000e+00,-1.0000000000e+00,3.0160000277e-03
2.8798846932e-01,7.2308420948e-01,-1.5000000596e-01,0.0000000000e+00,0.0000000000e+00,-1.0000000000e+00,2.6520000243e-03
-2.4660474766e-01,9.8100575216e-01,-1.5000000596e-01,0.0000000000e+00,0.0000000000e+00,-1.0000000000e+00,3.5464000325e-03
3.6245914432e-01,-6.4458690956e-02,-1.5000000596e-01,0.0000000000e+00,0.0000000000e+00,-1.0000000000e+00,3.5672000327e-03
-4.6847922487e-02,8.1772761095e-01,-1.5000000596e-01,0.0000000000e+00,0.0000000000e+00,-1.0000000000e+00,2.5688000236e-03
-3.8011871298e-01,-2.1083558753e-01,-1.5000000596e-01,0.0000000000e+00,0.0000000000e+00,-1.0000000000e+00,3.1096000285e-03
2.3080281113e-01,-3.3982998052e-01,-1.5000000596e-01,0.0000000000e+00,0.0000000000e+00,-1.0000000000e+00,3.1928000293e-03
-5.5666666998e-01,-1.0000000000e+00,7.7405405861e-02,0.0000000000e+00,-1.0000000000e+00,0.0000000000e+00,2.4648000226e-03
4.0636605608e-01,-8.9665884819e-01,1.5000000596e-01,0.0000000000e+00,0.0000000000e+00,1.0000000000e+00,2.9640000272e-03
-9.3902993083e-01,-6.9790967870e-01,1.5000000596e-01,0.0000000000e+00,0.0000000000e+00,1.0000000000e+00,2.8184000258e-03
3.5739909880e-01,2.9257461020e-01,1.5000000596e-01,0.0000000000e+00,-0.0000000000e+00,1.0000000000e+00,2.6624000244e-03
-6.1144537803e-01,6.0026824586e-01,-1.5000000596e-01,0.0000000000e+00,0.0000000000e+00,-1.0000000000e+00,2.7976000257e-03
-1.0000000000e+00,-4.6734675932e-01,-6.3637897146e-02,-1.0000000000e+00,-0.0000000000e+00,-0.0000000000e+00,2.5376000233e-03
5.9160731931e-01,9.8455139658e-02,1.5000000596e-01,0.0000000000e+00,-0.0000000000e+00,1.0000000000e+00,2.3192000213e-03
3.5693372594e-01,5.9050505163e-01,1.5000000596e-01,0.0000000000e+00,-0.0000000000e+00,1.0000000000e+00,2.1944000201e-03
-2.7502510826e-01,8.5532417066e-01,-1.5000000596e-01,0.0000000000e+00,0.0000000000e+00,-1.0000000000e+00,2.8080000257e-03
1.9037631195e-01,-7.5710874336e-01,1.5000000596e-01,0.0000000000e+00,0.0000000000e+00,1.0000000000e+00,3.1824000292e-03
-6.8644425491e-01,-1.0000000000e+00,6.0893845385e-02,0.0000000000e+00,-1.0000000000e+00,0.0000000000e+00,2.5168000231e-03
-1.0000000000e+00,-2.2847228085e-01,-1.0981780020e-01,-1.0000000000e+00,-0.0000000000e+00,-0.0000000000e+00,2.8912000265e-03
-4.5552001958e-01,8.8611730959e-01,1.5000000596e-01,0.0000000000e+00,-0.0000000000e+00,1.0000000000e+00,2.6832000246e-03
3.7820073496e-01,-1.3644423044e-01,1.5000000596e-01,0.0000000000e+00,-0.0000000000e+00,1.0000000000e+00,3.0992000284e-03
-7.5975179268e-01,-3.6212255042e-01,-1.5000000596e-01,0.0000000000e+00,0.0000000000e+00,-1.0000000000e+00,3.0784000282e-03
-1.0000000000e+00,1.3981259230e-01,-1.4661634212e-02,-1.0000000000e+00,0.0000000000e+00,0.0000000000e+00,2.7456000252e-03
1.9042662125e-02,1.1238222883e-01,1.5000000596e-01,0.0000000000e+00,-0.0000000000e+00,1.0000000000e+00,2.4752000227e-03
8.6466900885e-01,-1.9775780779e-01,-1.5000000596e-01,0.0000000000e+00,0.0000000000e+00,-1.0000000000e+00,2.7560000253e-03
-4.3052390062e-02,-1.0000000000e+00,1.1710979720e-01,0.0000000000e+00,-1.0000000000e+00,0.0000000000e+00,3.1512000289e-03
-3.6165915169e-01,9.7044939954e-01,1.5000000596e-01,0.0000000000e+00,-0.0000000000e+00,1.0000000000e+00,2.6208000240e-03
-5.0280664942e-01,-2.0166214810e-01,-1.5000000596e-01,0.0000000000e+00,0.0000000000e+00,-1.0000000000e+00,2.8808000264e-03
6.0554580081e-01,7.9830317200e-01,-1.5000000596e-01,0.0000000000e+00,0.0000000000e+00,-1.0000000000e+00,3.1720000291e-03
7.1692645300e-01,-5.6594919329e-01,1.5000000596e-01,0.0000000000e+00,-0.0000000000e+00,1.0000000000e+00,2.6832000246e-03
-6.5574552651e-02,-7.7975900006e-02,-1.5000000596e-01,0.0000000000e+00,0.0000000000e+00,-1.0000000000e+00,2.8600000262e-03
-1.0000000000e+00,-8.4299688924e-02,-4.2840199906e-02,-1.0000000000e+00,-0.0000000000e+00,-0.0000000000e+00,2.4960000229e-03
3.7966627056e-01,7.2812038958e-01,-1.5000000596e-01,0.0000000000e+00,0.0000000000e+00,-1.0000000000e+00,2.8392000260e-03
-4.7947420297e-01,3.6628140292e-01,1.5000000596e-01,0.0000000000e+00,0.0000000000e+00,1.0000000000e+00,3.1408000288e-03
-3.4479864950e-01,-6.0950063018e-01,-1.5000000596e-01,0.0000000000e+00,0.0000000000e+00,-1.0000000000e+00,3.5256000323e-03
-5.0262021502e-01,-4.9002289421e-01,-1.5000000596e-01,0.0000000000e+00,0.0000000000e+00,-1.0000000000e+00,3.4424000316e-03
5.5616514173e-01,3.4888368007e-01,1.5000000596e-01,0.0000000000e+00,-0.0000000000e+00,1.0000000000e+00,2.8288000259e-03
-5.0036900960e-01,1.0000000000e+00,1.9406225743e-02,0.0000000000e+00,1.0000000000e+00,-0.0000000000e+00,3.4424000316e-03
5.0316028687e-01,6.7786698679e-01,1.5000000596e-01,0.0000000000e+00,-0.0000000000e+00,1.0000000000e+00,3.2344000297e-03
6.4608981549e-01,1.7420943698e-01,1.5000000596e-01,0.0000000000e+00,-0.0000000000e+00,1.0000000000e+00,2.8080000257e-03
5.9258738220e-01,-7.2160029578e-01,-1.5000000596e-01,0.0000000000e+00,0.0000000000e+00,-1.0000000000e+00,2.9744000273e-03
-8.2422965432e-01,4.3987187096e-01,1.5000000596e-01,0.0000000000e+00,0.0000000000e+00,1.0000000000e+00,2.9744000273e-03
2.3844465497e-02,-4.4411756432e-01,1.5000000596e-01,0.0000000000e+00,0.0000000000e+00,1.0000000000e+00,3.0056000276e-03
-6.7311726289e-01,-1.9396578002e-01,-1.5000000596e-01,0.0000000000e+00,0.0000000000e+00,-1.0000000000e+00,3.1928000293e-03
9.4265568449e-02,-6.8844266647e-01,1.5000000596e-01,0.0000000000e+00,0.0000000000e+00,1.0000000000e+00,2.9432000270e-03
-3.8344127941e-01,3.2534909190e-01,-1.5000000596e-01,0.0000000000e+00,0.0000000000e+00,-1.0000000000e+00,2.8704000263e-03
4.3242709367e-01,3.4769084043e-01,1.5000000596e-01,0.0000000000e+00,-0.0000000000e+00,1.0000000000e+00,3.3280000305e-03
7.5628770918e-01,1.0000000000e+00,-7.8718824917e-02,0.0000000000e+00,1.0000000000e+00,-0.0000000000e+00,2.9016000266e-03
4.6926804472e-01,7.5419025841e-01,-1.5000000596e-01,0.0000000000e+00,0.0000000000e+00,-1.0000000000e+00,2.8912000265e-03
1.9224914206e-01,1.0000000000e+00,1.4824529915e-01,0.0000000000e+00,1.0000000000e+00,-0.0000000000e+00,2.7872000256e-03
-3.9142411329e-01,7.6477623173e-01,-1.5000000596e-01,0.0000000000e+00,0.0000000000e+00,-1.0000000000e+00,2.6832000246e-03
1.5390934844e-01,7.7072675869e-01,-1.5000000596e-01,0.0000000000e+00,0.0000000000e+00,-1.0000000000e+00,2.9536000271e-03
1.0000000000e+00,-8.8466820136e-01,1.0492855882e-01,1.0000000000e+00,0.0000000000e+00,-0.0000000000e+00,2.6312000241e-03
2.3980248380e-01,2.1877003488e-01,1.5000000596e-01,0.0000000000e+00,-0.0000000000e+00,1.0000000000e+00,2.9952000275e-03
-8.6877578756e-01,-6.9783217317e-03,1.5000000596e-01,0.0000000000e+00,0.0000000000e+00,1.0000000000e+00,2.1528000197e-03
-7.5525259021e-01,-7.5107903902e-01,1.5000000596e-01,0.0000000000e+00,0.0000000000e+00,1.0000000000e+00,2.4232000222e-03
-1.0000000000e+00,-5.4253842334e-01,1.5696534772e-02,-1.0000000000e+00,-0.0000000000e+00,-0.0000000000e+00,2.4752000227e-03
1.0000000000e+00,-5.4089996158e-01,4.0231678638e-02,1.0000000000e+00,0.0000000000e+00,-0.0000000000e+00,2.9640000272e-03
9.4811457040e-01,1.7001539618e-01,-1.5000000596e-01,0.0000000000e+00,0.0000000000e+00,-1.0000000000e+00,3.1928000293e-03
6.8362086595e-01,7.2203934766e-01,-1.5000000596e-01,0.0000000000e+00,0.0000000000e+00,-1.0000000000e+00,2.9952000275e-03
-1.0000000000e+00,-8.2276246084e-01,-9.6381010916e-03,-1.0000000000e+00,-0.0000000000e+00,-0.0000000000e+00,2.6728000245e-03
6.5975136735e-01,4.8235763818e-01,1.5000000596e-01,0.0000000000e+00,-0.0000000000e+00,1.0000000000e+00,2.6936000247e-03
-9.4932184871e-01,1.0000000000e+00,2.3900308031e-02,0.0000000000e+00,1.0000000000e+00,-0.0000000000e+00,2.8392000260e-03
5.7952295520e-01,4.3299448264e-01,1.5000000596e-01,0.0000000000e+00,-0.0000000000e+00,1.0000000000e+00,2.4440000224e-03
-5.2836785982e-02,1.0000000000e+00,-4.2245465760e-02,0.0000000000e+00,1.0000000000e+00,-0.0000000000e+00,2.5896000237e-03
-7.0975306497e-01,-7.3066234038e-01,1.5000000596e-01,0.0000000000e+00,0.0000000000e+00,1.0000000000e+00,2.8912000265e-03
-4.3120374703e-01,1.0000000000e+00,9.9035136978e-02,0.0000000000e+00,1.0000000000e+00,-0.0000000000e+00,2.5896000237e-03
-1.0000000000e+00,-4.1654466082e-01,-6.2158359094e-02,-1.0000000000e+00,-0.0000000000e+00,-0.0000000000e+00,2.7144000249e-03
1.4452642580e-01,-5.6982685330e-01,-1.5000000596e-01,0.0000000000e+00,0.0000000000e+00,-1.0000000000e+00,3.3904000311e-03
-8.3713155173e-01,3.0155803452e-01,1.5000000596e-01,0.0000000000e+00,0.0000000000e+00,1.0000000000e+00,2.5272000232e-03
-1.3000626644e-01,-7.1773618469e-01,-1.5000000596e-01,0.0000000000e+00,0.0000000000e+00,-1.0000000000e+00,3.4216000314e-03
6.5693534402e-01,3.3061790309e-01,-1.5000000596e-01,0.0000000000e+00,0.0000000000e+00,-1.0000000000e+00,2.4024000220e-03
4.8032167641e-01,-4.3925020425e-01,-1.5000000596e-01,0.0000000000e+00,0.0000000000e+00,-1.0000000000e+00,2.4648000226e-03
-2.8852710432e-01,-1.6117032733e-02,1.5000000596e-01,0.0000000000e+00,0.0000000000e+00,1.0000000000e+00,2.5896000237e-03
-2.9212026226e-01,-3.1525149496e-03,-1.5000000596e-01,0.0000000000e+00,0.0000000000e+00,-1.0000000000e+00,2.8704000263e-03
-1.6284906598e-01,-5.4047685862e-01,1.5000000596e-01,0.0000000000e+00,0.0000000000e+00,1.0000000000e+00,2.5168000231e-03
-1.0000000000e+00,3.4389791962e-01,-1.4608195861e-01,-1.0000000000e+00,-0.0000000000e+00,-0.0000000000e+00,2.8808000264e-03
2.7799942722e-01,1.4568627071e-01,1.5000000596e-01,0.0000000000e+00,-0.0000000000e+00,1.0000000000e+00,2.5688000236e-03
-1.3304931642e-01,9.5886549141e-01,-1.5000000596e-01,0.0000000000e+00,0.0000000000e+00,-1.0000000000e+00,2.8808000264e-03
-1.7916495317e-01,1.9256142721e-01,-1.5000000596e-01,0.0000000000e+00,0.0000000000e+00,-1.0000000000e+00,2.3608000216e-03
-8.3396569339e-01,1.0000000000e+00,1.2527290004e-01,0.0000000000e+00,1.0000000000e+00,-0.0000000000e+00,3.1512000289e-03
5.2775090257e-01,-5.6198696634e-02,-1.5000000596e-01,0.0000000000e+00,0.0000000000e+00,-1.0000000000e+00,3.2136000295e-03
-2.2759982485e-01,6.8361800014e-01,-1.5000000596e-01,0.0000000000e+00,0.0000000000e+00,-1.0000000000e+00,2.7976000257e-03
-4.7720718363e-01,-8.2688338030e-01,-1.5000000596e-01,0.0000000000e+00,0.0000000000e+00,-1.0000000000e+00,2.6624000244e-03
-3.3696918025e-01,8.8411443309e-01,1.5000000596e-01,0.0000000000e+00,-0.0000000000e+00,1.0000000000e+00,2.8496000261e-03
-9.6801887763e-01,5.5641650490e-01,-1.5000000596e-01,0.0000000000e+00,0.0000000000e+00,-1.0000000000e+00,3.3384000306e-03
-4.1147523896e-01,9.4796914789e-02,1.5000000596e-01,0.0000000000e+00,0.0000000000e+00,1.0000000000e+00,2.6624000244e-03
-9.2673921516e-01,8.6632778144e-01,-1.5000000596e-01,0.0000000000e+00,0.0000000000e+00,-1.0000000000e+00,3.0992000284e-03
7.6510812590e-01,9.8664059418e-01,1.5000000596e-01,0.0000000000e+00,-0.0000000000e+00,1.0000000000e+00,3.6816000338e-03
-9.0394602214e-01,5.7346865339e-01,1.5000000596e-01,0.0000000000e+00,0.0000000000e+00,1.0000000000e+00,2.9744000273e-03
5.3841357316e-02,6.8033514352e-01,-1.5000000596e-01,0.0000000000e+00,0.0000000000e+00,-1.0000000000e+00,2.6416000242e-03
-8.8242897997e-01,-8.9512072948e-01,1.5000000596e-01,0.0000000000e+00,0.0000000000e+00,1.0000000000e+00,2.4752000227e-03
9.8332525487e-01,-8.8774574697e-01,-1.5000000596e-01,0.0000000000e+00,0.0000000000e+00,-1.0000000000e+00,3.8688000355e-03
-4.3782479463e-01,9.2482593862e-01,-1.5000000596e-01,0.0000000000e+00,0.0000000000e+00,-1.0000000000e+00,2.6728000245e-03
-6.7752127115e-01,-5.0935563085e-01,1.5000000596e-01,0.0000000000e+00,0.0000000000e+00,1.0000000000e+00,2.3712000217e-03
7.4654613130e-01,-7.9878544861e-01,1.5000000596e-01,0.0000000000e+00,0.0000000000e+00,1.0000000000e+00,2.6208000240e-03
-4.2081626188e-01,-1.0000000000e+00,6.6479157065e-02,0.0000000000e+00,-1.0000000000e+00,0.0000000000e+00,3.4112000313e-03
-7.7226699663e-01,9.5561883185e-01,1.5000000596e-01,0.0000000000e+00,-0.0000000000e+00,1.0000000000e+00,2.9224000268e-03
5.3970214696e-01,1.5387619850e-01,-1.5000000596e-01,0.0000000000e+00,0.0000000000e+00,-1.0000000000e+00,2.7144000249e-03
1.9373013305e-01,-7.2680175654e-01,-1.5000000596e-01,0.0000000000e+00,0.0000000000e+00,-1.0000000000e+00,2.8080000257e-03
-7.4253168928e-01,-8.6526866494e-02,1.5000000596e-01,0.0000000000e+00,0.0000000000e+00,1.0000000000e+00,2.4752000227e-03
4.7648060144e-01,-1.2963095008e-01,-1.5000000596e-01,0.0000000000e+00,0.0000000000e+00,-1.0000000000e+00,2.8080000257e-03
1.2424218504e-01,1.0000000000e+00,3.5448728979e-02,0.0000000000e+00,1.0000000000e+00,-0.0000000000e+00,2.3920000219e-03
9.2912716964e-01,-9.4479420122e-01,-1.5000000596e-01,0.0000000000e+00,0.0000000000e+00,-1.0000000000e+00,2.9016000266e-03
-1.8216936153e-01,4.7070564838e-01,1.5000000596e-01,0.0000000000e+00,-0.0000000000e+00,1.0000000000e+00,3.2136000295e-03
-3.7343390965e-03,-7.3508159794e-01,1.5000000596e-01,0.0000000000e+00,0.0000000000e+00,1.0000000000e+00,2.5584000235e-03
6.8289124441e-01,-2.4284966076e-01,-1.5000000596e-01,0.0000000000e+00,0.0000000000e+00,-1.0000000000e+00,2.8392000260e-03
-2.2808129965e-01,-1.0000000000e+00,5.2292068628e-02,0.0000000000e+00,-1.0000000000e+00,0.0000000000e+00,2.7352000251e-03
3.2245159727e-01,-5.7152178234e-02,1.5000000596e-01,0.0000000000e+00,-0.0000000000e+00,1.0000000000e+00,2.8392000260e-03
9.7990602522e-01,-1.9968571492e-01,1.5000000596e-01,0.0000000000e+00,-0.0000000000e+00,1.0000000000e+00,3.2552000299e-03
-1.0000000000e+00,6.9776558792e-01,4.0937426682e-02,-1.0000000000e+00,0.0000000000e+00,0.0000000000e+00,3.2344000297e-03
5.5135857274e-01,-1.0000000000e+00,4.8755699819e-02,0.0000000000e+00,-1.0000000000e+00,0.0000000000e+00,2.5688000236e-03
-9.0456414760e-01,4.3522833854e-01,1.5000000596e-01,0.0000000000e+00,0.0000000000e+00,1.0000000000e+00,2.9536000271e-03
1.0000000000e+00,-2.5217501749e-01,-1.4439239320e-01,1.0000000000e+00,0.0000000000e+00,0.0000000000e+00,2.6520000243e-03
-1.6229091255e-01,-8.2687132623e-01,-1.5000000596e-01,0.0000000000e+00,0.0000000000e+00,-1.0000000000e+00,3.6088000331e-03
8.0310867443e-01,-3.8134580443e-01,1.5000000596e-01,0.0000000000e+00,-0.0000000000e+00,1.0000000000e+00,2.6728000245e-03
